GISPlotID,Rest/Ref,Phase 1 Age (yr),Phase 2 Age (yr),Date,Site Name,Area,Plot,PHAU,SPAL,SPPA,DISP,SOSE,IVFR,SADE,JUGE,ALGAE,UNKNOWN,SEAWEED,Total Cover,Unveg,WRK,GRB,Lit,Mussel_Count,CrabBur,Snail_COUNT ,SPAL Stem Count,Flower Spp,SPAL_H1 (cm),SPAL_H2 (cm),SPAL_H3 (cm),SPAL_H4 (cm),SPAL_H5 (cm),Avg_SPAL_H,SPAL_D1(mm),SPAL_D2(mm),SPAL_D3(mm),SPAL_D4(mm),SPAL_D5 (mm),Avg_SPAL_D,SPPA Stem Count,DISP Stem Count,JUGE Stem Count,PHAU Stem Count,Elevation ft,GIS Plot ID,check,ForSummary,Notes
AlleyLS_1,Restored,Pre,Pre,11/6/2019,Alley LS,MF Restored,T1P1,0,0,0,0,0,0,0,0,0,0,0,0,87.5,0,0,0,1,0,0,0,0,0,0,0,0,0,0,0,0,0,0,0,0,0,0,0,0,-2.117,,,,
AlleyLS_2,Restored,Pre,Pre,11/6/2019,Alley LS,MF Restored,T1P2,0,0,0,0,0,0,0,0,0,0,0,0,87.5,0,0,0,15,0,0,0,0,0,0,0,0,0,0,0,0,0,0,0,0,0,0,0,0,-1.986,,,,
AlleyLS_3,Restored,Pre,Pre,11/6/2019,Alley LS,MF Restored,T1P3,0,0,0,0,0,0,0,0,0,0,0,0,87.5,8.75,8.75,0,50,0,3,0,0,0,0,0,0,0,0,0,0,0,0,0,0,0,0,0,0,-1.875,,,,
AlleyLS_4,Restored,Pre,Pre,11/6/2019,Alley LS,VE Restored,T1P4,0,0,0,0,0,0,0,0,8.75,0,0,8.75,37.5,37.5,0,0,77,0,2,0,0,0,0,0,0,0,0,0,0,0,0,0,0,0,0,0,0,-1.334,,,,
AlleyLS_5,Restored,Pre,Pre,11/6/2019,Alley LS,VE Restored,T1P5,0,0,0,0,0,0,0,0,0,0,0,0,8.75,87.5,2.5,0,15,0,1,0,0,0,0,0,0,0,0,0,0,0,0,0,0,0,0,0,0,-0.399,,,,
AlleyLS_6,Restored,Pre,Pre,11/6/2019,Alley LS,VE Restored,T1P6,0,8.75,0,0,0,0,0,0,0,0,0,8.75,87.5,0,0,0,80,0,1,10,0,13,10,4,3,96,25.2,0.45,0.32,0.27,0.16,0.59,0.358,0,0,0,0,1.6,,,,
AlleyLS_7,Restored,Pre,Pre,11/6/2019,Alley LS,MF Restored,T2P1,0,0,0,0,0,0,0,0,0,0,0,0,87.5,0,0,0,0,0,7,0,0,0,0,0,0,0,0,0,0,0,0,0,0,0,0,0,0,-1.998,,,,
AlleyLS_8,Restored,Pre,Pre,11/6/2019,Alley LS,MF Restored,T2P2,0,0,0,0,0,0,0,0,0,0,0,0,87.5,0,0,0,0,0,0,0,0,0,0,0,0,0,0,0,0,0,0,0,0,0,0,0,0,-1.894,,,,
AlleyLS_9,Restored,Pre,Pre,11/6/2019,Alley LS,MF Restored,T2P3,0,0,0,0,0,0,0,0,0,0,0,0,87.5,2.5,0,0,0,0,0,0,0,0,0,0,0,0,0,0,0,0,0,0,0,0,0,0,0,-1.842,,,,
AlleyLS_10,Restored,Pre,Pre,11/6/2019,Alley LS,VE Restored,T2P4,0,37.5,0,0,0,0,0,0,0,0,0,37.5,37.5,0,0,0,1200,0,0,67,SPAL,116,109,168,156,6,111,0.67,0.65,0.74,0.67,0.83,0.712,0,0,0,0,1.129,,,,
AlleyLS_11,Restored,Pre,Pre,11/6/2019,Alley LS,VE Restored,T2P5,0,62.5,0,0,0,0,0,0,0,0,0,62.5,37.5,0,0,0,1200,0,0,77,0,141,130,101,71,72,103,0.87,0.5,0.45,0.46,0.48,0.552,0,0,0,0,1.931,,,,
AlleyLS_12,Restored,Pre,Pre,11/6/2019,Alley LS,VE Restored,T2P6,0,37.5,0,0,0,0,0,0,0,0,0,37.5,37.5,0,0,0,76,0,0,62,SPAL,117,131,120,55,129,110.4,0.49,0.67,0.62,0.43,0.54,0.55,0,0,0,0,2.474,,,,
AlleyLS_13,Restored,Pre,Pre,11/6/2019,Alley LS,MF Restored,T3P1,0,0,0,0,0,0,0,0,0,0,0,0,87.5,2.5,0,0,1,0,0,0,0,0,0,0,0,0,0,0,0,0,0,0,0,0,0,0,0,-1.948,,,,
AlleyLS_14,Restored,Pre,Pre,11/6/2019,Alley LS,MF Restored,T3P2,0,0,0,0,0,0,0,0,0,0,0,0,87.5,2.5,2.5,0,15,0,0,0,0,0,0,0,0,0,0,0,0,0,0,0,0,0,0,0,0,-1.084,,,,
AlleyLS_15,Restored,Pre,Pre,11/6/2019,Alley LS,MF Restored,T3P3,0,0,0,0,0,0,0,0,0,0,0,0,87.5,2.5,2.5,0,6,0,0,0,0,0,0,0,0,0,0,0,0,0,0,0,0,0,0,0,0,-0.581,,,,
AlleyLS_16,Restored,Pre,Pre,11/6/2019,Alley LS,VE Restored,T3P4,0,0,0,0,0,0,0,0,0,0,0,0,87.5,0,0,0,1,0,0,0,0,0,0,0,0,0,0,0,0,0,0,0,0,0,0,0,0,0.084,,,,
AlleyLS_17,Restored,Pre,Pre,11/6/2019,Alley LS,VE Restored,T3P5,0,37.5,0,0,0,0,0,0,0,0,0,37.5,62.5,0,0,0,600,0,0,0,0,0,0,0,0,0,0,0,0,0,0,0,0,0,0,0,0,0.556,,,,
AlleyLS_18,Restored,Pre,Pre,11/6/2019,Alley LS,VE Restored,T3P6,0,37.5,0,0,0,0,0,0,0,0,0,37.5,37.5,0,0,0,63,0,0,3,0,5,71,161,,,79,0.89,0.54,0.61,,,0.68,0,0,0,0,2.899,,,,
AlleyLS_19,Restored,Pre,Pre,11/6/2019,Alley LS,MF Restored,T4P1,0,0,0,0,0,0,0,0,0,0,0,0,87.5,0,2.5,0,0,0,0,0,0,0,0,0,0,0,0,0,0,0,0,0,0,0,0,0,0,-2.048,,,,
AlleyLS_20,Restored,Pre,Pre,11/6/2019,Alley LS,MF Restored,T4P2,0,0,0,0,0,0,0,0,0,0,0,0,87.5,0,0,0,2,0,0,0,0,0,0,0,0,0,0,0,0,0,0,0,0,0,0,0,0,-1.632,,,,
AlleyLS_21,Restored,Pre,Pre,11/6/2019,Alley LS,MF Restored,T4P3,0,0,0,0,0,0,0,0,0,0,0,0,87.5,0,2.5,0,7,0,0,0,0,0,0,0,0,0,0,0,0,0,0,0,0,0,0,0,0,-0.659,,,,
AlleyLS_22,Restored,Pre,Pre,11/6/2019,Alley LS,VE Restored,T4P4,0,8.75,0,0,0,0,0,0,2.5,0,0,11.25,87.5,2.5,0,0,200,0,0,0,0,0,0,0,0,0,0,0,0,0,0,0,0,0,0,0,0,0.52,,,,
AlleyLS_23,Restored,Pre,Pre,11/6/2019,Alley LS,VE Restored,T4P5,0,18.75,0,0,0,0,0,0,0,0,0,18.75,62.5,0,0,0,360,0,0,58,SPAL,142,76,14,90,53,75,0.63,0.54,0.61,0.64,0.37,0.558,0,0,0,0,1.296,,,,
AlleyLS_24,Restored,Pre,Pre,11/6/2019,Alley LS,VE Restored,T4P6,0,62.5,0,0,0,0,0,0,0,0,0,62.5,37.5,0,0,0,11,0,0,65,SPAL,25,60,46,12,47,38,0.24,0.51,0.54,0.61,0.47,0.474,0,0,0,0,3.462,,,,
AlleyLS_25,Restored,Pre,Pre,11/6/2019,Alley LS,MF Restored,T5P1,0,0,0,0,0,0,0,0,0,0,0,0,87.5,0,0,0,0,0,0,0,0,0,0,0,0,0,0,0,0,0,0,0,0,0,0,0,0,-1.924,,,,
AlleyLS_26,Restored,Pre,Pre,11/6/2019,Alley LS,MF Restored,T5P2,0,8.75,0,0,0,0,0,0,0,0,0,8.75,87.5,0,0,0,180,0,0,0,0,0,0,0,0,0,0,0,0,0,0,0,0,0,0,0,0,-1.525,,,,
AlleyLS_27,Restored,Pre,Pre,11/6/2019,Alley LS,MF Restored,T5P3,0,0,0,0,0,0,0,0,0,0,0,0,87.5,2.5,0,0,0,0,0,0,0,0,0,0,0,0,0,0,0,0,0,0,0,0,0,0,0,-0.935,,,,
AlleyLS_28,Restored,Pre,Pre,11/6/2019,Alley LS,VE Restored,T5P4,0,2.5,0,0,0,0,0,0,0,0,0,2.5,87.5,0,8.75,0,100,0,0,0,0,0,0,0,0,0,0,0,0,0,0,0,0,0,0,0,0,-0.273,,,,
AlleyLS_29,Restored,Pre,Pre,11/6/2019,Alley LS,VE Restored,T5P5,0,0,0,0,0,0,0,0,0,0,0,0,87.5,0,0,0,0,0,0,0,0,0,0,0,0,0,0,0,0,0,0,0,0,0,0,0,0,1.004,,,,
AlleyLS_30,Restored,Pre,Pre,11/6/2019,Alley LS,VE Restored,T5P6,0,87.5,0,0,0,0,0,0,0,0,0,87.5,8.75,0,0,0,93,3,0,50,SPAL,76,67,62,105,57,73.4,0.46,0.48,0.38,0.49,0.4,0.442,0,0,0,0,3.188,,,,
AlleyLS_31,Reference,Pre,Pre,11/6/2019,Alley LS,MF Reference,T1P1,0,0,0,0,0,0,0,0,0,0,0,0,87.5,0,0,0,0,0,0,0,0,0,0,0,0,0,0,0,0,0,0,0,0,0,0,0,0,-0.873,,,,Oyster shells present
AlleyLS_32,Reference,Pre,Pre,11/6/2019,Alley LS,MF Reference,T1P2,0,0,0,0,0,0,0,0,0,0,0,0,87.5,0,0,0,0,0,0,0,0,0,0,0,0,0,0,0,0,0,0,0,0,0,0,0,0,-0.267,,,,oyster shells present
AlleyLS_33,Reference,Pre,Pre,11/6/2019,Alley LS,MF Reference,T1P3,0,0,0,0,0,0,0,0,0,0,0,0,87.5,0,0,0,0,13,0,0,0,0,0,0,0,0,0,0,0,0,0,0,0,0,0,0,0,0.05,,,,
AlleyLS_34,Reference,Pre,Pre,11/6/2019,Alley LS,VE Reference,T1P4,0,37.5,0,0,0,0,0,0,0,0,0,37.5,62.5,0,0,0,400,0,0,53,SPAL,103,110,111,118,116,111.6,0.53,0.48,0.39,0.53,0.64,0.514,0,0,0,0,0.282,,,,rocky
AlleyLS_35,Reference,Pre,Pre,11/6/2019,Alley LS,VE Reference,T1P5,0,62.5,0,0,0,0,0,0,0,0,0,62.5,37.5,0,0,0,1000,0,0,55,SPAL,115,76,98,125,120,106.8,0..55,0.3,0.52,0.48,0.5,0.45,0,0,0,0,1.02,,,,
AlleyLS_36,Reference,Pre,Pre,11/6/2019,Alley LS,VE Reference,T1P6,0,62.5,0,0,0,0,0,0,0,0,0,62.5,37.5,0,0,0,190,0,0,78,SPAL,78,105,66,111,103,92.6,0.41,0.46,0.43,0.61,0.51,0.484,0,0,0,0,2.058,,,,
AlleyLS_37,Reference,Pre,Pre,11/6/2019,Alley LS,MF Reference,T2P1,0,0,0,0,0,0,0,0,0,0,0,0,87.5,0,0,0,0,0,0,0,0,0,0,0,0,0,0,0,0,0,0,0,0,0,0,0,0,-1.129,,,,Oyster shells present
AlleyLS_38,Reference,Pre,Pre,11/6/2019,Alley LS,MF Reference,T2P2,0,0,0,0,0,0,0,0,0,0,0,0,87.5,0,0,0,0,0,0,0,0,0,0,0,0,0,0,0,0,0,0,0,0,0,0,0,0,-0.986,,,,Oyster shells present
AlleyLS_39,Reference,Pre,Pre,11/6/2019,Alley LS,MF Reference,T2P3,0,0,0,0,0,0,0,0,0,0,0,0,87.5,0,2.5,0,0,0,0,0,0,0,0,0,0,0,0,0,0,0,0,0,0,0,0,0,0,-0.668,,,,
AlleyLS_40,Reference,Pre,Pre,11/6/2019,Alley LS,VE Reference,T2P4,0,0,0,0,0,0,0,0,0,0,0,0,87.5,0,2.5,0,0,0,0,0,0,0,0,0,0,0,0,0,0,0,0,0,0,0,0,0,0,-0.004,,,,oyster shells present
AlleyLS_41,Reference,Pre,Pre,11/6/2019,Alley LS,VE Reference,T2P5,0,8.75,0,0,0,0,0,0,0,0,0,8.75,87.5,0,2.5,0,60,0,0,21,SPAL,59,49,93,95,55,70.2,0.53,0.38,0.52,0.64,0.57,0.528,0,0,0,0,0.501,,,,
AlleyLS_42,Reference,Pre,Pre,11/6/2019,Alley LS,VE Reference,T2P6,0,62.5,0,0,0,0,0,0,0,0,0,62.5,37.5,0,0,0,160,0,0,44,SPAL,131,78,96,110,40,91,0.59,0.46,0.39,0.46,0.44,0.468,0,0,0,0,1.739,,,,
AlleyLS_43,Reference,Pre,Pre,11/6/2019,Alley LS,MF Reference,T3P1,0,0,0,0,0,0,0,0,0,0,0,0,87.5,0,0,0,0,0,30,0,0,0,0,0,0,0,0,0,0,0,0,0,0,0,0,0,0,-1.301,,,,
AlleyLS_44,Reference,Pre,Pre,11/6/2019,Alley LS,MF Reference,T3P2,0,0,0,0,0,0,0,0,0,0,0,0,87.5,0,0,0,0,0,0,0,0,0,0,0,0,0,0,0,0,0,0,0,0,0,0,0,0,-0.972,,,,
AlleyLS_45,Reference,Pre,Pre,11/6/2019,Alley LS,MF Reference,T3P3,0,0,0,0,0,0,0,0,0,0,0,0,87.5,0,0,0,0,0,0,0,0,0,0,0,0,0,0,0,0,0,0,0,0,0,0,0,0,-0.058,,,,rocky
AlleyLS_46,Reference,Pre,Pre,11/6/2019,Alley LS,VE Reference,T3P4,0,18.75,0,0,0,0,0,0,0,0,18.75,37.5,62.5,0,0,0,75,0,0,31,SPAL,103,26,126,97,119,94.2,0.55,0.25,0.66,0.41,0.6,0.494,0,0,0,0,0.631,,,,
AlleyLS_47,Reference,Pre,Pre,11/6/2019,Alley LS,VE Reference,T3P5,0,18.75,0,0,0,0,0,0,0,0,0,18.75,87.5,0,0,0,35,0,1,19,SPAL,102,126,121,122,134,121,0.44,0.85,0.7,0.61,0.65,0.65,0,0,0,0,1.72,,,,
AlleyLS_48,Reference,Pre,Pre,11/6/2019,Alley LS,VE Reference,T3P6,0,18.75,0,0,0,0,0,0,0,0,0,18.75,62.5,0,8.75,8.75,4,0,0,19,SPAL,69,75,132,91,101,93.6,0.51,0.47,0.58,0.6,0.56,0.544,0,0,0,0,3.012,,,,partially on trail
AlleyLS_49,Reference,Pre,Pre,11/6/2019,Alley LS,MF Reference,T4P1,0,0,0,0,0,0,0,0,0,0,0,0,87.5,0,0,0,0,0,0,0,0,0,0,0,0,0,0,0,0,0,0,0,0,0,0,0,0,-0.907,,,,oyster shells present
AlleyLS_50,Reference,Pre,Pre,11/6/2019,Alley LS,MF Reference,T4P2,0,0,0,0,0,0,0,0,0,0,0,0,87.5,0,0,0,0,0,0,0,0,0,0,0,0,0,0,0,0,0,0,0,0,0,0,0,0,0.118,,,,
AlleyLS_51,Reference,Pre,Pre,11/6/2019,Alley LS,MF Reference,T4P3,0,0,0,0,0,0,0,0,0,0,0,0,87.5,0,2.5,0,0,0,0,0,0,0,0,0,0,0,0,0,0,0,0,0,0,0,0,0,0,0.501,,,,oysters present
AlleyLS_52,Reference,Pre,Pre,11/6/2019,Alley LS,VE Reference,T4P4,0,18.75,0,0,0,0,0,0,0,0,0,18.75,87.5,0,0,0,300,0,0,12,SPAL,41,126,49,5,118,67.8,0.35,0.8,0.46,0.25,0.71,0.514,0,0,0,0,1.308,,,,oyster shells present
AlleyLS_53,Reference,Pre,Pre,11/6/2019,Alley LS,VE Reference,T4P5,0,62.5,0,0,0,0,0,0,0,0,0,62.5,37.5,0,0,0,130,0,0,67,SPAL,118,109,127,43,101,99.6,0.58,0.49,0.87,0.38,0.38,0.54,0,0,0,0,2.677,,,,
AlleyLS_54,Reference,Pre,Pre,11/6/2019,Alley LS,VE Reference,T4P6,0,37.5,0,0,0,0,0,0,0,0,0,37.5,37.5,0,0,8.75,3,0,0,57,SPAL,74,51,57,78,29,57.8,0.55,0.4,0.39,0.38,0.25,0.394,0,0,0,0,3.399,,,,
AlleyLS_55,Reference,Pre,Pre,11/6/2019,Alley LS,MF Reference,T5P1,0,0,0,0,0,0,0,0,0,0,0,0,87.5,0,2.5,0,0,0,0,0,0,0,0,0,0,0,0,0,0,0,0,0,0,0,0,0,0,-0.553,,,,oyster shells present
AlleyLS_56,Reference,Pre,Pre,11/6/2019,Alley LS,MF Reference,T5P2,0,0,0,0,0,0,0,0,0,0,0,0,87.5,0,0,0,0,0,0,0,0,0,0,0,0,0,0,0,0,0,0,0,0,0,0,0,0,-0.208,,,,
AlleyLS_57,Reference,Pre,Pre,11/6/2019,Alley LS,MF Reference,T5P3,0,0,0,0,0,0,0,0,0,0,0,0,87.5,0,2.5,0,200,0,0,0,0,0,0,0,0,0,0,0,0,0,0,0,0,0,0,0,0,-0.12,,,,oyster shells present
AlleyLS_58,Reference,Pre,Pre,11/6/2019,Alley LS,VE Reference,T5P4,0,18.75,0,0,0,0,0,0,0,0,0,18.75,62.5,0,0,0,80,0,0,3,SPAL,17,57,15,,,29.66666667,0.34,0.42,0.32,,,0.36,0,0,0,0,1.099,,,,
AlleyLS_59,Reference,Pre,Pre,11/6/2019,Alley LS,VE Reference,T5P5,0,18.75,0,0,0,0,0,0,0,0,0,18.75,87.5,0,2.5,0,70,0,0,58,SPAL,143,108,116,107,97,114.2,0.5,0.45,0.47,0.55,0.4,0.474,0,0,0,0,1.662,,,,
AlleyLS_60,Reference,Pre,Pre,11/6/2019,Alley LS,VE Reference,T5P6,18.75,8.75,0,0,0,0,0,0,0,0,0,27.5,37.5,37.5,0,0,10,0,0,0,SPAL,0,0,0,0,0,0,0,0,0,0,0,0,0,0,0,20,3.247,,,,
AlleyLS_61,Restored,Pre,Pre,11/20/2019,Alley LS,O.C. Restored,OC1P1,0,0,0,0,0,0,0,0,0,0,0,0,87.5,0,0,0,0,0,0,0,0,0,0,0,0,0,0,0,0,0,0,0,0,0,0,0,0,-2.081,,,,
AlleyLS_62,Restored,Pre,Pre,11/20/2019,Alley LS,O.C. Restored,OC1P2,0,0,0,0,0,0,0,0,0,0,0,0,87.5,0,0,0,0,0,0,0,0,0,0,0,0,0,0,0,0,0,0,0,0,0,0,0,0,-2.209,,,,
AlleyLS_63,Restored,Pre,Pre,11/20/2019,Alley LS,O.C. Restored,OC1P3,0,0,0,0,0,0,0,0,0,0,0,0,87.5,0,0,0,0,0,0,0,0,0,0,0,0,0,0,0,0,0,0,0,0,0,0,0,0,-2.102,,,,
AlleyLS_64,Restored,Pre,Pre,11/20/2019,Alley LS,O.C. Restored,OC2P1,0,0,0,0,0,0,0,0,0,0,0,0,87.5,0,0,0,0,0,0,0,0,0,0,0,0,0,0,0,0,0,0,0,0,0,0,0,0,-2.12,,,,
AlleyLS_65,Restored,Pre,Pre,11/20/2019,Alley LS,O.C. Restored,OC2P2,0,0,0,0,0,0,0,0,0,0,0,0,87.5,0,0,0,0,0,0,0,0,0,0,0,0,0,0,0,0,0,0,0,0,0,0,0,0,-2.026,,,,
AlleyLS_66,Restored,Pre,Pre,11/20/2019,Alley LS,O.C. Restored,OC2P3,0,0,0,0,0,0,0,0,0,0,0,0,87.5,0,0,0,0,0,0,0,0,0,0,0,0,0,0,0,0,0,0,0,0,0,0,0,0,-2.095,,,,
AlleyLS_67,Restored,Pre,Pre,11/20/2019,Alley LS,O.C. Restored,OC3P1,0,0,0,0,0,0,0,0,0,0,0,0,87.5,0,0,0,0,0,0,0,0,0,0,0,0,0,0,0,0,0,0,0,0,0,0,0,0,-2.044,,,,
AlleyLS_68,Restored,Pre,Pre,11/20/2019,Alley LS,O.C. Restored,OC3P2,0,0,0,0,0,0,0,0,0,0,0,0,87.5,0,0,0,0,0,0,0,0,0,0,0,0,0,0,0,0,0,0,0,0,0,0,0,0,-1.968,,,,
AlleyLS_69,Restored,Pre,Pre,11/20/2019,Alley LS,O.C. Restored,OC3P3,0,0,0,0,0,0,0,0,0,0,0,0,87.5,0,0,0,0,0,0,0,0,0,0,0,0,0,0,0,0,0,0,0,0,0,0,0,0,-1.955,,,,
AlleyLS_70,Restored,Pre,Pre,11/20/2019,Alley LS,O.C. Restored,OC4P1,0,0,0,0,0,0,0,0,0,0,0,0,87.5,0,0,0,0,0,0,0,0,0,0,0,0,0,0,0,0,0,0,0,0,0,0,0,0,-2.075,,,,
AlleyLS_71,Restored,Pre,Pre,11/20/2019,Alley LS,O.C. Restored,OC4P2,0,0,0,0,0,0,0,0,0,0,0,0,87.5,0,0,0,0,0,0,0,0,0,0,0,0,0,0,0,0,0,0,0,0,0,0,0,0,-2.102,,,,
AlleyLS_72,Restored,Pre,Pre,11/20/2019,Alley LS,O.C. Restored,OC4P3,0,0,0,0,0,0,0,0,0,0,0,0,87.5,0,0,0,0,0,0,0,0,0,0,0,0,0,0,0,0,0,0,0,0,0,0,0,0,-2.04,,,,
AlleyLS_73,Restored,Pre,Pre,11/20/2019,Alley LS,O.C. Restored,OC5P1,0,0,0,0,0,0,0,0,0,0,0,0,87.5,0,0,0,0,0,0,0,0,0,0,0,0,0,0,0,0,0,0,0,0,0,0,0,0,-1.96,,,,
AlleyLS_74,Restored,Pre,Pre,11/20/2019,Alley LS,O.C. Restored,OC5P2,0,0,0,0,0,0,0,0,0,0,0,0,87.5,0,0,0,0,0,0,0,0,0,0,0,0,0,0,0,0,0,0,0,0,0,0,0,0,-2.029,,,,
AlleyLS_75,Restored,Pre,Pre,11/20/2019,Alley LS,O.C. Restored,OC5P3,0,0,0,0,0,0,0,0,0,0,0,0,87.5,0,0,0,0,0,0,0,0,0,0,0,0,0,0,0,0,0,0,0,0,0,0,0,0,-2.01,,,,
AlleyLS_76,Restored,Pre,Pre,11/20/2019,Alley LS,O.C. Restored,OC6P1,0,0,0,0,0,0,0,0,0,0,0,0,87.5,0,0,0,0,0,0,0,0,0,0,0,0,0,0,0,0,0,0,0,0,0,0,0,0,-2.124,,,,
AlleyLS_77,Restored,Pre,Pre,11/20/2019,Alley LS,O.C. Restored,OC6P2,0,0,0,0,0,0,0,0,0,0,0,0,87.5,0,0,0,0,0,0,0,0,0,0,0,0,0,0,0,0,0,0,0,0,0,0,0,0,-2.191,,,,
AlleyLS_78,Restored,Pre,Pre,11/20/2019,Alley LS,O.C. Restored,OC6P3,0,0,0,0,0,0,0,0,0,0,0,0,87.5,0,0,0,0,0,0,0,0,0,0,0,0,0,0,0,0,0,0,0,0,0,0,0,0,-2.169,,,,
AlleyLS_79,Restored,Pre,Pre,11/20/2019,Alley LS,O.C. Restored,OC7P1,0,0,0,0,0,0,0,0,0,0,0,0,87.5,0,0,0,0,0,0,0,0,0,0,0,0,0,0,0,0,0,0,0,0,0,0,0,0,-2.041,,,,
AlleyLS_80,Restored,Pre,Pre,11/20/2019,Alley LS,O.C. Restored,OC7P2,0,0,0,0,0,0,0,0,0,0,0,0,87.5,0,0,0,0,0,0,0,0,0,0,0,0,0,0,0,0,0,0,0,0,0,0,0,0,-2.03,,,,
AlleyLS_81,Restored,Pre,Pre,11/21/2019,Alley LS,O.C. Restored,OC7P3,0,0,0,0,0,0,0,0,0,0,0,0,87.5,0,0,0,1,0,0,0,0,0,0,0,0,0,0,0,0,0,0,0,0,0,0,0,0,-2.07,,,,
AlleyLS_82,Restored,Pre(1),Pre,9/22/2020,Alley LS,MF Restored,T1P1,0,0,0,0,0,0,0,0,0,0,0,0,87.5,0,0,0,0,0,140,0,0,0,0,0,0,0,0,0,0,0,0,0,0,0,0,0,0,-2.16,,,,
AlleyLS_83,Restored,Pre(1),Pre,9/22/2020,Alley LS,MF Restored,T1P2,0,0,0,0,0,0,0,0,0,0,0,0,87.5,0,0,0,15,0,140,0,0,0,0,0,0,0,0,0,0,0,0,0,0,0,0,0,0,-2.003,,,,
AlleyLS_84,Restored,Pre(1),Pre,9/22/2020,Alley LS,MF Restored,T1P3,0,0,0,0,0,0,0,0,0,0,0,0,87.5,0,0,0,15,0,52,0,0,0,0,0,0,0,0,0,0,0,0,0,0,0,0,0,0,-1.805,,,,
AlleyLS_85,Restored,Pre(1),Pre,9/22/2020,Alley LS,VE Restored,T1P4,0,0.5,0,0,0,0,0,0,0,0,0,0.5,87.5,0,0,0,21,0,6,2,0,37.5,38.5,0,0,0,15.2,0.36,0.37,0,0,0,0.146,0,0,0,0,-1.363,,,,
AlleyLS_86,Restored,Pre(1),Pre,9/22/2020,Alley LS,VE Restored,T1P5,0,0,0,0,0,0,0,0,0,0,0,0,87.5,0,0.5,0,30,0,3,0,0,0,0,0,0,0,0,0,0,0,0,0,0,0,0,0,0,-0.356,,,,
AlleyLS_87,Restored,Pre(1),Pre,9/22/2020,Alley LS,VE Restored,T1P6,0,8.75,0,0,0,0,0,0,0,0,0,8.75,87.5,0,0,0,25,0,0,3,0,129,10,110,0,0,49.8,0.68,0.52,0.55,0,0,0.35,0,0,0,0,1.217,,,,
AlleyLS_88,Restored,Pre(1),Pre,9/22/2020,Alley LS,MF Restored,T2P1,0,0,0,0,0,0,0,0,0,0,0,0,87.5,0,2.5,0,0,0,120,0,0,0,0,0,0,0,0,0,0,0,0,0,0,0,0,0,0,-2.019,,,,
AlleyLS_89,Restored,Pre(1),Pre,9/22/2020,Alley LS,MF Restored,T2P2,0,0,0,0,0,0,0,0,0,0,0,0,87.5,0,0,0,0,0,130,0,0,0,0,0,0,0,0,0,0,0,0,0,0,0,0,0,0,-1.859,,,,
AlleyLS_90,Restored,Pre(1),Pre,9/22/2020,Alley LS,MF Restored,T2P3,0,0,0,0,0,0,0,0,0,0,0,0,87.5,0,0,0,0,0,20,0,0,0,0,0,0,0,0,0,0,0,0,0,0,0,0,0,0,-1.772,,,,
AlleyLS_91,Restored,Pre(1),Pre,9/22/2020,Alley LS,VE Restored,T2P4,0,62.5,0,0,0,0,0,0,0,0,0,62.5,37.5,0,0,0,800,0,0,47,0,158.5,155,155,161.5,123,150.6,0.62,0.55,0.57,0.65,0.57,0.592,0,0,0,0,1.113,,,,
AlleyLS_92,Restored,Pre(1),Pre,9/22/2020,Alley LS,VE Restored,T2P5,0,62.5,0,0,0,0,0,0,0,0,0,62.5,37.5,0,0,0,0,0,0,45,0,111.5,108.5,52,111.5,107.5,98.2,0.51,0.57,0.22,0.55,0.51,0.472,0,0,0,0,1.915,,,,
AlleyLS_93,Restored,Pre(1),Pre,9/22/2020,Alley LS,VE Restored,T2P6,0,87.5,0,0,0,0,0,0,0,0,0,87.5,18.75,0,0,0,50,0,0,66,0,127,139.5,155,34.5,144.5,120.1,0.51,0.64,0.62,0.44,0.61,0.564,0,0,0,0,2.36,,,,
AlleyLS_94,Restored,Pre(1),Pre,9/22/2020,Alley LS,MF Restored,T3P1,0,0,0,0,0,0,0,0,0,0,0,0,87.5,0,2.5,0,1,0,290,0,0,0,0,0,0,0,0,0,0,0,0,0,0,0,0,0,0,-2.006,,,,
AlleyLS_95,Restored,Pre(1),Pre,9/22/2020,Alley LS,MF Restored,T3P2,0,0,0,0,0,0,0,0,0,0,0,0,87.5,0,0,0,0,0,186,0,0,0,0,0,0,0,0,0,0,0,0,0,0,0,0,0,0,-1.455,,,,
AlleyLS_96,Restored,Pre(1),Pre,9/22/2020,Alley LS,MF Restored,T3P3,0,0,0,0,0,0,0,0,0,0,0,0,87.5,0,0,0,5,0,11,0,0,0,0,0,0,0,0,0,0,0,0,0,0,0,0,0,0,-0.745,,,,
AlleyLS_97,Restored,Pre(1),Pre,9/22/2020,Alley LS,VE Restored,T3P4,0,0,0,0,0,0,0,0,0,0,0,0,87.5,0,0,0,6,0,0,0,0,0,0,0,0,0,0,0,0,0,0,0,0,0,0,0,0,-0.021,,,,
AlleyLS_98,Restored,Pre(1),Pre,9/22/2020,Alley LS,VE Restored,T3P5,0,8.75,0,0,0,0,0,0,0,0,0,8.75,87.5,0,0,0,10,0,7,5,0,5,4.5,7.5,6,54,15.4,0.16,0.2,0.38,0.41,0.35,0.3,0,0,0,0,0.453,,,,
AlleyLS_99,Restored,Pre(1),Pre,9/22/2020,Alley LS,VE Restored,T3P6,0,62.5,0,0,0,0,0,0,0,0,0,62.5,37.5,0,0,0,120,0,0,61,0,122,135.5,52,103,117.5,106,0.53,0.48,0.36,0.39,0.53,0.458,0,0,0,0,3.038,,,,
AlleyLS_100,Restored,Pre(1),Pre,9/22/2020,Alley LS,MF Restored,T4P1,0,0,0,0,0,0,0,0,0,0,0,0,87.5,0,0,0,1,0,60,0,0,0,0,0,0,0,0,0,0,0,0,0,0,0,0,0,0,-2.098,,,,
AlleyLS_101,Restored,Pre(1),Pre,9/22/2020,Alley LS,MF Restored,T4P2,0,0,0,0,0,0,0,0,0,0,0,0,87.5,0,0,0,4,0,142,0,0,0,0,0,0,0,0,0,0,0,0,0,0,0,0,0,0,-1.771,,,,
AlleyLS_102,Restored,Pre(1),Pre,9/22/2020,Alley LS,MF Restored,T4P3,0,0,0,0,0,0,0,0,0,0,0,0,87.5,0,0,0,3,0,7,0,0,0,0,0,0,0,0,0,0,0,0,0,0,0,0,0,0,-0.737,,,,
AlleyLS_103,Restored,Pre(1),Pre,9/22/2020,Alley LS,VE Restored,T4P4,0,18.75,0,0,0,0,0,0,0,0,0,18.75,87.5,0,0,0,130,0,0,0,0,0,0,0,0,0,0,0,0,0,0,0,0,0,0,0,0,0.398,,,,
AlleyLS_104,Restored,Pre(1),Pre,9/22/2020,Alley LS,VE Restored,T4P5,0,37.5,0,0,0,0,0,0,0,0,0,37.5,62.5,0,0,0,100,0,0,30,0,61.5,72,28,109,62,66.5,0.29,0.39,0.42,0.56,0.35,0.402,0,0,0,0,1.357,,,,
AlleyLS_105,Restored,Pre(1),Pre,9/22/2020,Alley LS,VE Restored,T4P6,0,62.5,0,0,0,0,0,0,0,0,0,62.5,37.5,0,0,0,30,0,0,48,0,44.5,109,66,66.5,86,74.4,0.16,0.55,0.64,0.48,0.41,0.448,0,0,0,0,3.46,,,,
AlleyLS_106,Restored,Pre(1),Pre,9/22/2020,Alley LS,MF Restored,T5P1,0,0,0,0,0,0,0,0,0,0,0,0,87.5,0,0,0,3,0,62,0,0,0,0,0,0,0,0,0,0,0,0,0,0,0,0,0,0,-1.948,,,,
AlleyLS_107,Restored,Pre(1),Pre,9/22/2020,Alley LS,MF Restored,T5P2,0,18.75,0,0,0,0,0,0,0,0,0,18.75,87.5,0,2.5,0,300,0,2,0,0,0,0,0,0,0,0,0,0,0,0,0,0,0,0,0,0,-1.582,,,,
AlleyLS_108,Restored,Pre(1),Pre,9/22/2020,Alley LS,MF Restored,T5P3,0,0,0,0,0,0,0,0,0,0,0,0,87.5,0,0.5,0,30,0,10,0,0,0,0,0,0,0,0,0,0,0,0,0,0,0,0,0,0,-1.22,,,,
AlleyLS_109,Restored,Pre(1),Pre,9/22/2020,Alley LS,VE Restored,T5P4,0,0,0,0,0,0,0,0,0,0,0,0,87.5,0,0,0,0,0,0,0,0,0,0,0,0,0,0,0,0,0,0,0,0,0,0,0,0,-0.362,,,,
AlleyLS_110,Restored,Pre(1),Pre,9/22/2020,Alley LS,VE Restored,T5P5,0,0,0,0,0,0,0,0,0,0,0,0,87.5,0,0,0,0,0,0,0,0,0,0,0,0,0,0,0,0,0,0,0,0,0,0,0,0,0.919,,,,
AlleyLS_111,Restored,Pre(1),Pre,9/22/2020,Alley LS,VE Restored,T5P6,0,62.5,0,0,0,0,0,0,0,0,0,62.5,37.5,0,0,0,110,0,0,49,0,61,109.5,54,83,87,78.9,0.43,0.53,0.37,0.29,0.36,0.396,0,0,0,0,3.359,,,,
AlleyLS_112,Reference,Pre(1),Pre,9/22/2020,Alley LS,MF Reference,T1P1,0,0,0,0,0,0,0,0,0,0,0,0,87.5,0,2.5,0,0,15,0,0,0,0,0,0,0,0,0,0,0,0,0,0,0,0,0,0,0,-0.373,,,,
AlleyLS_113,Reference,Pre(1),Pre,9/22/2020,Alley LS,MF Reference,T1P2,0,0,0,0,0,0,0,0,0,0,0,0,87.5,0,0,0,0,0,0,0,0,0,0,0,0,0,0,0,0,0,0,0,0,0,0,0,0,-0.166,,,,
AlleyLS_114,Reference,Pre(1),Pre,9/22/2020,Alley LS,MF Reference,T1P3,0,0,0,0,0,0,0,0,0,0,0,0,87.5,0,0,0,0,0,0,0,0,0,0,0,0,0,0,0,0,0,0,0,0,0,0,0,0,0.11,,,,
AlleyLS_115,Reference,Pre(1),Pre,9/22/2020,Alley LS,VE Reference,T1P4,0,37.5,0,0,0,0,0,0,0,0,0,37.5,62.5,0,0,0,70,0,0,8,0,47,43.5,20.5,41,28.5,36.1,0.42,0.36,0.42,0.48,0.58,0.452,0,0,0,0,0.325,,,,
AlleyLS_116,Reference,Pre(1),Pre,9/22/2020,Alley LS,VE Reference,T1P5,0,87.5,0,0,0,0,0,0,0,0,0,87.5,18.75,0,0,0,800,0,0,95,0,91.5,132.5,120,125,117,117.2,0.25,0.6,0.34,0.51,0.4,0.42,0,0,0,0,1.505,,,,
AlleyLS_117,Reference,Pre(1),Pre,9/22/2020,Alley LS,VE Reference,T1P6,0,87.5,0,0,0,0,0,0,0,0,0,87.5,18.75,0,0,0,115,0,0,75,0,104,113.5,54,83.5,114,93.8,0.49,0.6,0.25,0.3,0.62,0.452,0,0,0,0,2.169,,,,
AlleyLS_118,Reference,Pre(1),Pre,9/22/2020,Alley LS,MF Reference,T2P1,0,0,0,0,0,0,0,0,0,0,0,0,87.5,0,0,0,0,0,160,0,0,0,0,0,0,0,0,0,0,0,0,0,0,0,0,0,0,-1.166,,,,
AlleyLS_119,Reference,Pre(1),Pre,9/22/2020,Alley LS,MF Reference,T2P2,0,0,0,0,0,0,0,0,0,0,0,0,87.5,0,0,0,0,0,200,0,0,0,0,0,0,0,0,0,0,0,0,0,0,0,0,0,0,-1.009,,,,
AlleyLS_120,Reference,Pre(1),Pre,9/22/2020,Alley LS,MF Reference,T2P3,0,0,0,0,0,0,0,0,0,0,0,0,87.5,0,0,0,0,0,0,0,0,0,0,0,0,0,0,0,0,0,0,0,0,0,0,0,0,-0.627,,,,
AlleyLS_121,Reference,Pre(1),Pre,9/22/2020,Alley LS,VE Reference,T2P4,0,18.75,0,0,0,0,0,0,0,0,0,18.75,87.5,0,0,0,95,0,5,0,0,0,0,0,0,0,0,0,0,0,0,0,0,0,0,0,0,-0.062,,,,
AlleyLS_122,Reference,Pre(1),Pre,9/22/2020,Alley LS,VE Reference,T2P5,0,37.5,0,0,0,0,0,0,0,0,0,37.5,62.5,0,0,0,60,0,0,35,0,65,16,84,22.5,65,50.5,0.47,0.16,0.4,0.15,0.27,0.29,0,0,0,0,0.657,,,,
AlleyLS_123,Reference,Pre(1),Pre,9/22/2020,Alley LS,VE Reference,T2P6,0,62.5,0,0,0,0,0,0,0,0,0,62.5,37.5,0,0,0,200,0,0,33,0,90,93,48,60,84,75,0.36,0.46,0.27,0.35,0.4,0.368,0,0,0,0,1.901,,,,
AlleyLS_124,Reference,Pre(1),Pre,9/22/2020,Alley LS,MF Reference,T3P1,0,0,0,0,0,0,0,0,0,0,0,0,87.5,0,0,0,0,0,55,0,0,0,0,0,0,0,0,0,0,0,0,0,0,0,0,0,0,-1.259,,,,
AlleyLS_125,Reference,Pre(1),Pre,9/22/2020,Alley LS,MF Reference,T3P2,0,0,0,0,0,0,0,0,0,0,0,0,87.5,0,0,0,1,0,8,0,0,0,0,0,0,0,0,0,0,0,0,0,0,0,0,0,0,-0.937,,,,
AlleyLS_126,Reference,Pre(1),Pre,9/22/2020,Alley LS,MF Reference,T3P3,0,0,0,0,0,0,0,0,0,0,0,0,87.5,0,0,0,8,0,2,0,0,0,0,0,0,0,0,0,0,0,0,0,0,0,0,0,0,-0.209,,,,
AlleyLS_127,Reference,Pre(1),Pre,9/22/2020,Alley LS,VE Reference,T3P4,0,2.5,0,0,0,0,0,0,0,0,0,2.5,87.5,0,0,0,20,0,0,0,0,0,0,0,0,0,0,0,0,0,0,0,0,0,0,0,0,0.083,,,,
AlleyLS_128,Reference,Pre(1),Pre,9/22/2020,Alley LS,VE Reference,T3P5,0,37.5,0,0,0,0,0,0,0,0,0,37.5,62.5,0,0,0,80,0,0,30,0,51.5,43.5,138,138,118,97.8,0.34,0.08,0.68,0.65,0.4,0.43,0,0,0,0,1.385,,,,
AlleyLS_129,Reference,Pre(1),Pre,9/22/2020,Alley LS,VE Reference,T3P6,0,62.5,0,0,0,0,0,0,0,0,0,62.5,37.5,0,0,0,1,0,0,36,0,67,116,16,89,139,85.4,0.4,0.52,0.2,0.31,0.5,0.386,0,0,0,0,2.993,,,,
AlleyLS_130,Reference,Pre(1),Pre,9/22/2020,Alley LS,MF Reference,T4P1,0,0,0,0,0,0,0,0,0,0,0,0,87.5,0,0,0,0,0,80,0,0,0,0,0,0,0,0,0,0,0,0,0,0,0,0,0,0,-1.263,,,,
AlleyLS_131,Reference,Pre(1),Pre,9/22/2020,Alley LS,MF Reference,T4P2,0,0,0,0,0,0,0,0,0,0,0,0,87.5,0,0,0,0,0,1,0,0,0,0,0,0,0,0,0,0,0,0,0,0,0,0,0,0,-0.405,,,,
AlleyLS_132,Reference,Pre(1),Pre,9/22/2020,Alley LS,MF Reference,T4P3,0,0,0,0,0,0,0,0,0,0,0,0,87.5,0,0,0,0,0,8,0,0,0,0,0,0,0,0,0,0,0,0,0,0,0,0,0,0,0.252,,,,
AlleyLS_133,Reference,Pre(1),Pre,9/22/2020,Alley LS,VE Reference,T4P4,0,8.75,0,0,0,0,0,0,0,0,0,8.75,87.5,0,0,0,8,0,0,10,0,85,36,23,24.5,57.5,45.2,0.4,0.35,0.2,0.2,0.18,0.266,0,0,0,0,1.269,,,,
AlleyLS_134,Reference,Pre(1),Pre,9/22/2020,Alley LS,VE Reference,T4P5,0,62.5,0,0,0,0,0,0,0,0,0,62.5,37.5,0,0,0,105,0,0,78,0,63,89.5,102,47,58,71.9,0.2,0.35,0.36,0.15,0.29,0.27,0,0,0,0,2.557,,,,
AlleyLS_135,Reference,Pre(1),Pre,9/22/2020,Alley LS,VE Reference,T4P6,0,87.5,0,0,0,0,0,0,0,0,0,87.5,18.75,0,0,0,1,0,0,88,0,13,28,11.5,15,14,16.3,0.2,0.16,0.1,0.35,0.16,0.194,0,0,0,0,3.352,,,,
AlleyLS_136,Reference,Pre(1),Pre,9/22/2020,Alley LS,MF Reference,T5P1,0,0,0,0,0,0,0,0,0,0,0,0,87.5,0,0,0,0,0,18,0,0,0,0,0,0,0,0,0,0,0,0,0,0,0,0,0,0,-1.143,,,,
AlleyLS_137,Reference,Pre(1),Pre,9/22/2020,Alley LS,MF Reference,T5P2,0,0,0,0,0,0,0,0,0,0,0,0,87.5,0,0,0,0,0,3,0,0,0,0,0,0,0,0,0,0,0,0,0,0,0,0,0,0,-0.854,,,,
AlleyLS_138,Reference,Pre(1),Pre,9/22/2020,Alley LS,MF Reference,T5P3,0,0,0,0,0,0,0,0,0,0,0,0,87.5,0,0.5,0,0,0,0,0,0,0,0,0,0,0,0,0,0,0,0,0,0,0,0,0,0,0.928,,,,
AlleyLS_139,Reference,Pre(1),Pre,9/22/2020,Alley LS,VE Reference,T5P4,0,37.5,0,0,0,0,0,0,0,0,0,37.5,62.5,0,0,0,50,0,0,2,0,4,15,0,0,0,3.8,0.2,0.35,0,0,0,0.11,0,0,0,0,1.636,,,,
AlleyLS_140,Reference,Pre(1),Pre,9/22/2020,Alley LS,VE Reference,T5P5,0,37.5,0,0,0,0,0,0,0,0,0,37.5,62.5,0,0,0,85,0,0,40,0,122,112,142,49,43,93.6,0.54,0.39,0.6,0.24,0.27,0.408,0,0,0,0,1.744,,,,
AlleyLS_141,Reference,Pre(1),Pre,9/22/2020,Alley LS,VE Reference,T5P6,18.75,18.75,0,0,0,0,0,0,0,0,0,37.5,62.5,0,2.5,0,33,0,0,9,0,30,7,9,22,64,26.4,0.53,0.32,0.45,0.45,0.31,0.412,0,0,0,1,3.146,,,,
AlleyLS_142,Restored,Pre(1),Pre,9/22/2020,Alley LS,O.C. Restored,OC1P1,0,0,0,0,0,0,0,0,0,0,0,0,0,0,0,0,0,0,0,0,0,0,0,0,0,0,0,0,0,0,0,0,0,0,0,0,0,,,,,
AlleyLS_143,Restored,Pre(1),Pre,9/22/2020,Alley LS,O.C. Restored,OC1P2,0,0,0,0,0,0,0,0,0,0,0,0,0,0,0,0,0,0,0,0,0,0,0,0,0,0,0,0,0,0,0,0,0,0,0,0,0,,,,,
AlleyLS_144,Restored,Pre(1),Pre,9/22/2020,Alley LS,O.C. Restored,OC1P3,0,0,0,0,0,0,0,0,0,0,0,0,0,0,0,0,0,0,0,0,0,0,0,0,0,0,0,0,0,0,0,0,0,0,0,0,0,,,,,
AlleyLS_145,Restored,Pre(1),Pre,9/22/2020,Alley LS,O.C. Restored,OC2P1,0,0,0,0,0,0,0,0,0,0,0,0,0,0,0,0,0,0,0,0,0,0,0,0,0,0,0,0,0,0,0,0,0,0,0,0,0,,,,,
AlleyLS_146,Restored,Pre(1),Pre,9/22/2020,Alley LS,O.C. Restored,OC2P2,0,0,0,0,0,0,0,0,0,0,0,0,0,0,0,0,0,0,0,0,0,0,0,0,0,0,0,0,0,0,0,0,0,0,0,0,0,,,,,
AlleyLS_147,Restored,Pre(1),Pre,9/22/2020,Alley LS,O.C. Restored,OC2P3,0,0,0,0,0,0,0,0,0,0,0,0,0,0,0,0,0,0,0,0,0,0,0,0,0,0,0,0,0,0,0,0,0,0,0,0,0,,,,,
AlleyLS_148,Restored,Pre(1),Pre,9/22/2020,Alley LS,O.C. Restored,OC3P1,0,0,0,0,0,0,0,0,0,0,0,0,0,0,0,0,0,0,0,0,0,0,0,0,0,0,0,0,0,0,0,0,0,0,0,0,0,,,,,
AlleyLS_149,Restored,Pre(1),Pre,9/22/2020,Alley LS,O.C. Restored,OC3P2,0,0,0,0,0,0,0,0,0,0,0,0,0,0,0,0,0,0,0,0,0,0,0,0,0,0,0,0,0,0,0,0,0,0,0,0,0,,,,,
AlleyLS_150,Restored,Pre(1),Pre,9/22/2020,Alley LS,O.C. Restored,OC3P3,0,0,0,0,0,0,0,0,0,0,0,0,0,0,0,0,0,0,0,0,0,0,0,0,0,0,0,0,0,0,0,0,0,0,0,0,0,,,,,
AlleyLS_151,Restored,Pre(1),Pre,9/22/2020,Alley LS,O.C. Restored,OC4P1,0,0,0,0,0,0,0,0,0,0,0,0,0,0,0,0,0,0,0,0,0,0,0,0,0,0,0,0,0,0,0,0,0,0,0,0,0,,,,,
AlleyLS_152,Restored,Pre(1),Pre,9/22/2020,Alley LS,O.C. Restored,OC4P2,0,0,0,0,0,0,0,0,0,0,0,0,0,0,0,0,0,0,0,0,0,0,0,0,0,0,0,0,0,0,0,0,0,0,0,0,0,,,,,
AlleyLS_153,Restored,Pre(1),Pre,9/22/2020,Alley LS,O.C. Restored,OC4P3,0,0,0,0,0,0,0,0,0,0,0,0,0,0,0,0,0,0,0,0,0,0,0,0,0,0,0,0,0,0,0,0,0,0,0,0,0,,,,,
AlleyLS_154,Restored,Pre(1),Pre,9/22/2020,Alley LS,O.C. Restored,OC5P1,0,0,0,0,0,0,0,0,0,0,0,0,0,0,0,0,0,0,0,0,0,0,0,0,0,0,0,0,0,0,0,0,0,0,0,0,0,,,,,
AlleyLS_155,Restored,Pre(1),Pre,9/22/2020,Alley LS,O.C. Restored,OC5P2,0,0,0,0,0,0,0,0,0,0,0,0,0,0,0,0,0,0,0,0,0,0,0,0,0,0,0,0,0,0,0,0,0,0,0,0,0,,,,,
AlleyLS_156,Restored,Pre(1),Pre,9/22/2020,Alley LS,O.C. Restored,OC5P3,0,0,0,0,0,0,0,0,0,0,0,0,0,0,0,0,0,0,0,0,0,0,0,0,0,0,0,0,0,0,0,0,0,0,0,0,0,,,,,
AlleyLS_157,Restored,Pre(1),Pre,9/22/2020,Alley LS,O.C. Restored,OC6P1,0,0,0,0,0,0,0,0,0,0,0,0,0,0,0,0,0,0,0,0,0,0,0,0,0,0,0,0,0,0,0,0,0,0,0,0,0,,,,,
AlleyLS_158,Restored,Pre(1),Pre,9/22/2020,Alley LS,O.C. Restored,OC6P2,0,0,0,0,0,0,0,0,0,0,0,0,0,0,0,0,0,0,0,0,0,0,0,0,0,0,0,0,0,0,0,0,0,0,0,0,0,,,,,
AlleyLS_159,Restored,Pre(1),Pre,9/22/2020,Alley LS,O.C. Restored,OC6P3,0,0,0,0,0,0,0,0,0,0,0,0,0,0,0,0,0,0,0,0,0,0,0,0,0,0,0,0,0,0,0,0,0,0,0,0,0,,,,,
AlleyLS_160,Restored,Pre(1),Pre,9/22/2020,Alley LS,O.C. Restored,OC7P1,0,0,0,0,0,0,0,0,0,0,0,0,0,0,0,0,0,0,0,0,0,0,0,0,0,0,0,0,0,0,0,0,0,0,0,0,0,,,,,
AlleyLS_161,Restored,Pre(1),Pre,9/22/2020,Alley LS,O.C. Restored,OC7P2,0,0,0,0,0,0,0,0,0,0,0,0,0,0,0,0,0,0,0,0,0,0,0,0,0,0,0,0,0,0,0,0,0,0,0,0,0,,,,,
AlleyLS_162,Restored,Pre(1),Pre,9/22/2020,Alley LS,O.C. Restored,OC7P3,0,0,0,0,0,0,0,0,0,0,0,0,0,0,0,0,0,0,0,0,0,0,0,0,0,0,0,0,0,0,0,0,0,0,0,0,0,,,,,
AlleyLS_163,Restored,Post(1),Pre,8/30/2021,Alley LS,MF Restored,T1P1,0,0,0,0,0,0,0,0,0,0,0,0,87.5,0,0,0,0,0,0,0,0,0,0,0,0,0,0,0,0,0,0,0,0,0,0,0,0,-2.368,,,,
AlleyLS_164,Restored,Post (1),Pre,8/30/2021,Alley LS,MF Restored,T1P2,0,0,0,0,0,0,0,0,0,0,0,0,87.5,0,0,0,3,0,0,0,0,0,0,0,0,0,0,0,0,0,0,0,0,0,0,0,0,-2.287,,,,
AlleyLS_165,Restored,Post(1),Pre,8/30/2021,Alley LS,MF Restored,T1P3,0,0,0,0,0,0,0,0,0,0,0,0,87.5,0,0,0,24,0,0,0,0,0,0,0,0,0,0,0,0,0,0,0,0,0,0,0,0,-1.988,,,,
AlleyLS_166,Restored,Post (1),Pre,8/30/2021,Alley LS,VE Restored,T1P4,0,8.75,0,0,0,0,0,0,0,0,0,8.75,87.5,0,0,0,600,0,1,10,0,54,11.5,32,28.5,5,26.2,5.5,4.4,2.6,2.6,3,3.62,0,0,0,0,-1.544,,,,
AlleyLS_167,Restored,Post(1),Pre,8/30/2021,Alley LS,VE Restored,T1P5,0,0,0,0,0,0,0,0,0,0,0,0,87.5,0,0.5,0,20,0,0,0,0,0,0,0,0,0,0,0,0,0,0,0,0,0,0,0,0,-0.502,,,,
AlleyLS_168,Restored,Post (1),Pre,8/30/2021,Alley LS,VE Restored,T1P6,0,8.75,0,0,0,0,0,0,0,0,0,8.75,87.5,0,0.5,0,32,3,0,10,0,58,27,3,20.5,45.5,30.8,5,3.5,1.9,1.4,4.5,3.26,0,0,0,0,0.843,,,,
AlleyLS_169,Restored,Post(1),Pre,8/30/2021,Alley LS,MF Restored,T2P1,0,0,0,0,0,0,0,0,0,0,0,0,87.5,0,0,0,1,0,15,0,0,0,0,0,0,0,0,0,0,0,0,0,0,0,0,0,0,-2.372,,,,
AlleyLS_170,Restored,Post (1),Pre,8/30/2021,Alley LS,MF Restored,T2P2,0,0,0,0,0,0,0,0,0,0,0,0,87.5,0,0,0,0,0,7,0,0,0,0,0,0,0,0,0,0,0,0,0,0,0,0,0,0,-2.349,,,,
AlleyLS_171,Restored,Post(1),Pre,8/30/2021,Alley LS,MF Restored,T2P3,0,0,0,0,0,0,0,0,0,0,0,0,87.5,0,0,0,0,0,5,0,0,0,0,0,0,0,0,0,0,0,0,0,0,0,0,0,0,-1.83,,,,
AlleyLS_172,Restored,Post (1),Pre,8/30/2021,Alley LS,VE Restored,T2P4,0,87.5,0,0,0,0,0,0,0,0,0,87.5,8.75,0,0.5,0,1200,1,0,55,0,125,125,110,129,154,128.6,6.4,5.2,5.4,6.2,7.5,6.14,0,0,0,0,1.079,,,,
AlleyLS_173,Restored,Post(1),Pre,8/30/2021,Alley LS,VE Restored,T2P5,0,62.5,0,0,0,0,0,0,0,0,0,62.5,18.75,0,0,0,900,0,0,52,0,141,120,68.5,121,50,100.1,8.5,5,4.8,6.8,4.5,5.92,0,0,0,0,2,,,,
AlleyLS_174,Restored,Post (1),Pre,8/30/2021,Alley LS,VE Restored,T2P6,0,62.5,0,0,0,0,0,0,0,0,0,62.5,18.75,0,0,0,50,0,0,35,0,56,135.5,110,156,90,109.5,5,5.3,4.5,8,3.7,5.3,0,0,0,0,1.956,,,,
AlleyLS_175,Restored,Post(1),Pre,8/30/2021,Alley LS,MF Restored,T3P1,0,0,0,0,0,0,0,0,0,0,0,0,87.5,0,0,0,1,0,5,0,0,0,0,0,0,0,0,0,0,0,0,0,0,0,0,0,0,-2.287,,,,
AlleyLS_176,Restored,Post (1),Pre,8/30/2021,Alley LS,MF Restored,T3P2,0,0,0,0,0,0,0,0,0,0,0,0,87.5,0,0,0,11,0,1,0,0,0,0,0,0,0,0,0,0,0,0,0,0,0,0,0,0,-1.952,,,,
AlleyLS_177,Restored,Post(1),Pre,8/30/2021,Alley LS,MF Restored,T3P3,0,0,0,0,0,0,0,0,0,0,0,0,87.5,0,0,0,7,0,37,0,0,0,0,0,0,0,0,0,0,0,0,0,0,0,0,0,0,-1.219,,,,
AlleyLS_178,Restored,Post (1),Pre,8/30/2021,Alley LS,VE Restored,T3P4,0,0,0,0,0,0,0,0,0,0,0,0,87.5,0,0.5,0,6,0,27,0,0,0,0,0,0,0,0,0,0,0,0,0,0,0,0,0,0,-0.201,,,,
AlleyLS_179,Restored,Post(1),Pre,8/30/2021,Alley LS,VE Restored,T3P5,0,8.75,0,0,0,0,0,0,0,0,0,8.75,87.5,0,0.5,0,7,1,0,0,0,0,0,0,0,0,0,0,0,0,0,0,0,0,0,0,0,0.401,,,,
AlleyLS_180,Restored,Post (1),Pre,8/30/2021,Alley LS,VE Restored,T3P6,0,62.5,0,0,0,0,0,0,0,0,0,62.5,18.75,0,0,0,50,0,0,48,0,101,102.5,96,120,91.5,102.2,5.3,5.5,6.2,7.1,5,5.82,0,0,0,0,2.843,,,,
AlleyLS_181,Restored,Post(1),Pre,8/30/2021,Alley LS,MF Restored,T4P1,0,0,0,0,0,0,0,0,0,0,0,0,87.5,0,0,0,1,0,0,0,0,0,0,0,0,0,0,0,0,0,0,0,0,0,0,0,0,-2.202,,,,
AlleyLS_182,Restored,Post (1),Pre,8/30/2021,Alley LS,MF Restored,T4P2,0,0,0,0,0,0,0,0,0,0,0,0,87.5,0,0,0,2,0,12,0,0,0,0,0,0,0,0,0,0,0,0,0,0,0,0,0,0,-1.595,,,,
AlleyLS_183,Restored,Post(1),Pre,8/30/2021,Alley LS,MF Restored,T4P3,0,0,0,0,0,0,0,0,0,0,0,0,87.5,0,0,0,5,0,123,0,0,0,0,0,0,0,0,0,0,0,0,0,0,0,0,0,0,-0.8,,,,
AlleyLS_184,Restored,Post (1),Pre,8/30/2021,Alley LS,VE Restored,T4P4,0,18.75,0,0,0,0,0,0,0,0,0,18.75,62.5,0,0,0,120,0,5,0,0,0,0,0,0,0,0,0,0,0,0,0,0,0,0,0,0,0.291,,,,
AlleyLS_185,Restored,Post(1),Pre,8/30/2021,Alley LS,VE Restored,T4P5,0,18.75,0,0,0,0,2.5,0,0,0,0,21.25,62.5,0,0.5,0,100,2,0,0,0,0,0,0,0,0,0,0,0,0,0,0,0,0,0,0,0,1.432,,,,
AlleyLS_186,Restored,Post (1),Pre,8/30/2021,Alley LS,VE Restored,T4P6,0,87.5,0,0,0,0,0,0,0,0,0,87.5,8.75,0,0,0,50,3,0,60,0,66.5,67,98.5,102,116,90,4.5,4.5,3.2,4.9,4.3,4.28,0,0,0,0,3.482,,,,
AlleyLS_187,Restored,Post(1),Pre,8/30/2021,Alley LS,MF Restored,T5P1,0,0,0,0,0,0,0,0,0,0,0,0,87.5,0,0,0,0,0,0,0,0,0,0,0,0,0,0,0,0,0,0,0,0,0,0,0,0,-2.117,,,,
AlleyLS_188,Restored,Post (1),Pre,8/30/2021,Alley LS,MF Restored,T5P2,0,0,0,0,0,0,0,0,0,0,0,0,87.5,0,0,0,5,0,0,0,0,0,0,0,0,0,0,0,0,0,0,0,0,0,0,0,0,-1.644,,,,
AlleyLS_189,Restored,Post(1),Pre,8/30/2021,Alley LS,MF Restored,T5P3,0,0,0,0,0,0,0,0,0,0,0,0,87.5,0,0,0,9,0,27,0,0,0,0,0,0,0,0,0,0,0,0,0,0,0,0,0,0,-1.192,,,,
AlleyLS_190,Restored,Post (1),Pre,8/30/2021,Alley LS,VE Restored,T5P4,0,0,0,0,0,0,0,0,0,0,0,0,87.5,0,0,2.5,5,0,71,0,0,0,0,0,0,0,0,0,0,0,0,0,0,0,0,0,0,-0.362,,,,
AlleyLS_191,Restored,Post(1),Pre,8/30/2021,Alley LS,VE Restored,T5P5,0,0,0,0,0,0,0,0,0,0,0,0,87.5,0,0,0,2,0,68,0,0,0,0,0,0,0,0,0,0,0,0,0,0,0,0,0,0,0.824,,,,
AlleyLS_192,Restored,Post (1),Pre,8/30/2021,Alley LS,VE Restored,T5P6,0,87.5,0,0,0,0,0,0,0,0,0,87.5,8.75,0,0,0,200,0,0,48,0,108.5,72.5,31.5,81.5,99,78.6,6.1,6.2,3.2,5.3,6.1,5.38,0,0,0,0,3.129,,,,
AlleyLS_193,Reference,Post(1),Pre,8/31/2021,Alley LS,MF Reference,T1P1,0,0,0,0,0,0,0,0,0,0,0,0,87.5,0,0.5,0,0,7,0,0,0,0,0,0,0,0,0,0,0,0,0,0,0,0,0,0,0,-0.513,,,,
AlleyLS_194,Reference,Post (1),Pre,8/31/2021,Alley LS,MF Reference,T1P2,0,0,0,0,0,0,0,0,0,0,0,0,87.5,0,8.75,0,0,0,0,0,0,0,0,0,0,0,0,0,0,0,0,0,0,0,0,0,0,-0.104,,,,
AlleyLS_195,Reference,Post(1),Pre,8/31/2021,Alley LS,MF Reference,T1P3,0,0,0,0,0,0,0,0,0,0,0,0,87.5,0,0,0,0,21,0,0,0,0,0,0,0,0,0,0,0,0,0,0,0,0,0,0,0,0.093,,,,
AlleyLS_196,Reference,Post (1),Pre,8/31/2021,Alley LS,VE Reference,T1P4,0,37.5,0,0,0,0,0,0,0,0,0,37.5,62.5,0,2.5,0,50,5,0,13,0,70,34.5,35,7,66,42.5,5.2,4.4,6,4.6,5,5.04,0,0,0,0,0.289,,,,
AlleyLS_197,Reference,Post(1),Pre,8/31/2021,Alley LS,VE Reference,T1P5,0,62.5,0,0,0,0,0,0,0,0,0,62.5,37.5,0,0,0,900,0,0,38,0,84,75.5,67.5,89.5,56,74.5,4,3.3,4,5.5,3.6,4.08,0,0,0,0,1.21,,,,
AlleyLS_198,Reference,Post (1),Pre,8/31/2021,Alley LS,VE Reference,T1P6,0,62.5,0,0,0,0,0,0,0,0,0,62.5,18.75,0,0,0,200,0,0,56,0,114.5,109.5,102.5,62,116,100.9,6,5.2,4.6,3.5,5,4.86,0,0,0,0,2.027,,,,
AlleyLS_199,Reference,Post(1),Pre,8/31/2021,Alley LS,MF Reference,T2P1,0,0,0,0,0,0,0,0,0,0,0,0,87.5,0,0,0,0,0,3,0,0,0,0,0,0,0,0,0,0,0,0,0,0,0,0,0,0,-1.141,,,,
AlleyLS_200,Reference,Post (1),Pre,8/31/2021,Alley LS,MF Reference,T2P2,0,0,0,0,0,0,0,0,0,0,0,0,87.5,0,0,0,0,0,0,0,0,0,0,0,0,0,0,0,0,0,0,0,0,0,0,0,0,-0.972,,,,
AlleyLS_201,Reference,Post(1),Pre,8/31/2021,Alley LS,MF Reference,T2P3,0,0,0,0,0,0,0,0,0,0,0,0,87.5,0,0,0,0,0,0,0,0,0,0,0,0,0,0,0,0,0,0,0,0,0,0,0,0,-0.687,,,,
AlleyLS_202,Reference,Post (1),Pre,8/31/2021,Alley LS,VE Reference,T2P4,0,18.75,0,0,0,0,0,0,0,0,0,18.75,87.5,0,0,0,100,0,2,0,0,0,0,0,0,0,0,0,0,0,0,0,0,0,0,0,0,-0.222,,,,
AlleyLS_203,Reference,Post(1),Pre,8/31/2021,Alley LS,VE Reference,T2P5,0,62.5,0,0,0,0,0,0,0,0,0,62.5,37.5,0,0,0.5,5,0,1,20,0,67.5,61.5,66,22,81,59.6,4,4.2,4.6,3.4,6.5,4.54,0,0,0,0,0.528,,,,
AlleyLS_204,Reference,Post (1),Pre,8/31/2021,Alley LS,VE Reference,T2P6,0,62.5,0,0,0,0,0,0,0,0,0,62.5,37.5,0,0,0,200,0,0,33,0,94,91,25,59,106,75,5.1,5.7,4.2,3.6,6.2,4.96,0,0,0,0,1.788,,,,
AlleyLS_205,Reference,Post(1),Pre,8/31/2021,Alley LS,MF Reference,T3P1,0,0,0,0,0,0,0,0,0,0,0,0,87.5,0,0,0,0,2,0,0,0,0,0,0,0,0,0,0,0,0,0,0,0,0,0,0,0,-0.848,,,,
AlleyLS_206,Reference,Post (1),Pre,8/31/2021,Alley LS,MF Reference,T3P2,0,0,0,0,0,0,0,0,0,0,0,0,87.5,0,0,0,1,0,0,0,0,0,0,0,0,0,0,0,0,0,0,0,0,0,0,0,0,-0.929,,,,
AlleyLS_207,Reference,Post(1),Pre,8/31/2021,Alley LS,MF Reference,T3P3,0,0,0,0,0,0,0,0,0,0,0,0,87.5,0,0,0.5,6,0,0,0,0,0,0,0,0,0,0,0,0,0,0,0,0,0,0,0,0,-0.377,,,,
AlleyLS_208,Reference,Post (1),Pre,8/31/2021,Alley LS,VE Reference,T3P4,0,0,0,0,0,0,0,0,0,0,0,0,87.5,0,2.5,2.5,2,0,2,0,0,0,0,0,0,0,0,0,0,0,0,0,0,0,0,0,0,0.17,,,,
AlleyLS_209,Reference,Post(1),Pre,8/31/2021,Alley LS,VE Reference,T3P5,0,37.5,0,0,0,0,0,0,0,0,0,37.5,62.5,0,0,0,70,2,0,47,0,112,53,70,97,114.5,89.3,6.5,3.7,4.4,6,7.8,5.68,0,0,0,0,1.434,,,,
AlleyLS_210,Reference,Post (1),Pre,8/31/2021,Alley LS,VE Reference,T3P6,0,62.5,0,0,0,0,0,0,0,0,0,62.5,37.5,0,0,0,0,0,0,44,0,60,45,40,80,67.5,58.5,2.4,3.6,2.5,4,5.7,3.64,0,0,0,0,3.044,,,,
AlleyLS_211,Reference,Post(1),Pre,8/31/2021,Alley LS,MF Reference,T4P1,0,0,0,0,0,0,0,0,0,0,0,0,87.5,0,0,0,0,0,22,0,0,0,0,0,0,0,0,0,0,0,0,0,0,0,0,0,0,-1.279,,,,
AlleyLS_212,Reference,Post (1),Pre,8/31/2021,Alley LS,MF Reference,T4P2,0,0,0,0,0,0,0,0,0,0,0,0,87.5,0,0,0,1,0,0,0,0,0,0,0,0,0,0,0,0,0,0,0,0,0,0,0,0,-0.478,,,,
AlleyLS_213,Reference,Post(1),Pre,8/31/2021,Alley LS,MF Reference,T4P3,0,0,0,0,0,0,0,0,0,0,0,0,87.5,0,0.5,0,0,0,0,0,0,0,0,0,0,0,0,0,0,0,0,0,0,0,0,0,0,0.037,,,,
AlleyLS_214,Reference,Post (1),Pre,8/31/2021,Alley LS,VE Reference,T4P4,0,18.75,0,0,0,0,0,0,0,0,0,18.75,87.5,0,0,0,25,3,0,4,0,2.5,7,2,1.5,0,2.6,1,5.1,1.9,2.3,0,2.06,0,0,0,0,1.104,,,,
AlleyLS_215,Reference,Post(1),Pre,8/31/2021,Alley LS,VE Reference,T4P5,0,62.5,0,0,0,0,0,0,0,0,0,62.5,37.5,0,0,0,150,5,0,75,0,62,23,102.5,57.5,31,55.2,4.9,3,5.4,5.7,2.5,4.3,0,0,0,0,2.707,,,,
AlleyLS_216,Reference,Post (1),Pre,8/31/2021,Alley LS,VE Reference,T4P6,0,87.5,0,0,0,0,0,0,0,0,0,87.5,8.75,0,0,0,0,1,0,100,0,8,16,26.5,22,14.5,17.4,2,1.6,2.6,1.7,2,1.98,0,0,0,0,3.531,,,,
AlleyLS_217,Reference,Post(1),Pre,8/31/2021,Alley LS,MF Reference,T5P1,0,0,0,0,0,0,0,0,0,0,0,0,87.5,0,0,0,0,0,150,0,0,0,0,0,0,0,0,0,0,0,0,0,0,0,0,0,0,-1.268,,,,
AlleyLS_218,Reference,Post (1),Pre,8/31/2021,Alley LS,MF Reference,T5P2,0,0,0,0,0,0,0,0,0,0,0,0,87.5,0,0,0,0,0,93,0,0,0,0,0,0,0,0,0,0,0,0,0,0,0,0,0,0,-1.24,,,,
AlleyLS_219,Reference,Post(1),Pre,8/31/2021,Alley LS,MF Reference,T5P3,0,0,0,0,0,0,0,0,0,0,0,0,87.5,0,0.5,0.5,0,0,0,0,0,0,0,0,0,0,0,0,0,0,0,0,0,0,0,0,0,0.367,,,,
AlleyLS_220,Reference,Post (1),Pre,8/31/2021,Alley LS,VE Reference,T5P4,0,8.75,0,0,0,0,0,0,0,0,0,8.75,87.5,0,2.5,2.5,10,0,0,0,0,0,0,0,0,0,0,0,0,0,0,0,0,0,0,0,0,1.549,,,,
AlleyLS_221,Reference,Post(1),Pre,8/31/2021,Alley LS,VE Reference,T5P5,0,37.5,0,0,0,0,0,0,0,0,0,37.5,62.5,0,0.5,0,100,0,0,17,0,113,93.5,132.5,45,8,78.4,6,4.9,8.1,5.9,4.7,5.92,0,0,0,0,1.927,,,,
AlleyLS_222,Reference,Post (1),Pre,8/31/2021,Alley LS,VE Reference,T5P6,37.5,37.5,0,0,0,0,0,0,0,0,0,75,18.75,0,8.75,0,3,1,0,17,0,57,28.5,110.5,101,12,61.8,4,3,5.5,6,2.9,4.28,0,0,0,0,3.549,,,,
AlleyLS_223,Restored,Post(1),Pre,8/31/2021,Alley LS,O.C. Restored,OC1P1,0,0,0,0,0,0,0,0,0,0,0,0,0,0,0,0,0,0,0,0,0,0,0,0,0,0,0,0,0,0,0,0,0,0,0,0,0,-0.493,,,,
AlleyLS_224,Restored,Post (1),Pre,8/31/2021,Alley LS,O.C. Restored,OC1P2,0,0,0,0,0,0,0,0,0,0,0,0,0,0,0,0,0,0,0,0,0,0,0,0,0,0,0,0,0,0,0,0,0,0,0,0,0,0.289,,,,"There were 5-10 dead blue crabs inside the Oyster castles, along with a few dead fish. This could be a result of their structure, but there also appeared to be a fish die off in the area because many dead fish were washed up into the veg edge as well. There had been recent heavy rains, so maybe a result of CSO? "
AlleyLS_225,Restored,Post(1),Pre,8/31/2021,Alley LS,O.C. Restored,OC1P3,0,0,0,0,0,0,0,0,0,0,0,0,0,0,0,0,0,0,0,0,0,0,0,0,0,0,0,0,0,0,0,0,0,0,0,0,0,-0.589,,,,
AlleyLS_226,Restored,Post (1),Pre,8/31/2021,Alley LS,O.C. Restored,OC2P1,0,0,0,0,0,0,0,0,0,0,0,0,0,0,0,0,0,0,0,0,0,0,0,0,0,0,0,0,0,0,0,0,0,0,0,0,0,-0.604,,,,
AlleyLS_227,Restored,Post(1),Pre,8/31/2021,Alley LS,O.C. Restored,OC2P2,0,0,0,0,0,0,0,0,0,0,0,0,0,0,0,0,0,0,0,0,0,0,0,0,0,0,0,0,0,0,0,0,0,0,0,0,0,-0.982,,,,
AlleyLS_228,Restored,Post (1),Pre,8/31/2021,Alley LS,O.C. Restored,OC2P3,0,0,0,0,0,0,0,0,0,0,0,0,0,0,0,0,0,0,0,0,0,0,0,0,0,0,0,0,0,0,0,0,0,0,0,0,0,-1.245,,,,
AlleyLS_229,Restored,Post(1),Pre,8/31/2021,Alley LS,O.C. Restored,OC3P1,0,0,0,0,0,0,0,0,0,0,0,0,0,0,0,0,0,0,0,0,0,0,0,0,0,0,0,0,0,0,0,0,0,0,0,0,0,-0.071,,,,
AlleyLS_230,Restored,Post (1),Pre,8/31/2021,Alley LS,O.C. Restored,OC3P2,0,0,0,0,0,0,0,0,0,0,0,0,0,0,0,0,0,0,0,0,0,0,0,0,0,0,0,0,0,0,0,0,0,0,0,0,0,-0.565,,,,
AlleyLS_231,Restored,Post(1),Pre,8/31/2021,Alley LS,O.C. Restored,OC3P3,0,0,0,0,0,0,0,0,0,0,0,0,0,0,0,0,0,0,0,0,0,0,0,0,0,0,0,0,0,0,0,0,0,0,0,0,0,-0.483,,,,
AlleyLS_232,Restored,Post (1),Pre,8/31/2021,Alley LS,O.C. Restored,OC4P1,0,0,0,0,0,0,0,0,0,0,0,0,0,0,0,0,0,0,0,0,0,0,0,0,0,0,0,0,0,0,0,0,0,0,0,0,0,-0.843,,,,
AlleyLS_233,Restored,Post(1),Pre,8/31/2021,Alley LS,O.C. Restored,OC4P2,0,0,0,0,0,0,0,0,0,0,0,0,0,0,0,0,0,0,0,0,0,0,0,0,0,0,0,0,0,0,0,0,0,0,0,0,0,-0.551,,,,
AlleyLS_234,Restored,Post (1),Pre,8/31/2021,Alley LS,O.C. Restored,OC4P3,0,0,0,0,0,0,0,0,0,0,0,0,0,0,0,0,0,0,0,0,0,0,0,0,0,0,0,0,0,0,0,0,0,0,0,0,0,,,,,
AlleyLS_235,Restored,Post(1),Pre,8/31/2021,Alley LS,O.C. Restored,OC5P1,0,0,0,0,0,0,0,0,0,0,0,0,0,0,0,0,0,0,0,0,0,0,0,0,0,0,0,0,0,0,0,0,0,0,0,0,0,,,,,
AlleyLS_236,Restored,Post (1),Pre,8/31/2021,Alley LS,O.C. Restored,OC5P2,0,0,0,0,0,0,0,0,0,0,0,0,0,0,0,0,0,0,0,0,0,0,0,0,0,0,0,0,0,0,0,0,0,0,0,0,0,,,,,
AlleyLS_237,Restored,Post(1),Pre,8/31/2021,Alley LS,O.C. Restored,OC5P3,0,0,0,0,0,0,0,0,0,0,0,0,0,0,0,0,0,0,0,0,0,0,0,0,0,0,0,0,0,0,0,0,0,0,0,0,0,,,,,
AlleyLS_238,Restored,Post (1),Pre,8/31/2021,Alley LS,O.C. Restored,OC6P1,0,0,0,0,0,0,0,0,0,0,0,0,0,0,0,0,0,0,0,0,0,0,0,0,0,0,0,0,0,0,0,0,0,0,0,0,0,,,,,
AlleyLS_239,Restored,Post(1),Pre,8/31/2021,Alley LS,O.C. Restored,OC6P2,0,0,0,0,0,0,0,0,0,0,0,0,0,0,0,0,0,0,0,0,0,0,0,0,0,0,0,0,0,0,0,0,0,0,0,0,0,,,,,
AlleyLS_240,Restored,Post (1),Pre,8/31/2021,Alley LS,O.C. Restored,OC6P3,0,0,0,0,0,0,0,0,0,0,0,0,0,0,0,0,0,0,0,0,0,0,0,0,0,0,0,0,0,0,0,0,0,0,0,0,0,,,,,
AlleyLS_241,Restored,Post(1),Pre,8/31/2021,Alley LS,O.C. Restored,OC7P1,0,0,0,0,0,0,0,0,0,0,0,0,0,0,0,0,0,0,0,0,0,0,0,0,0,0,0,0,0,0,0,0,0,0,0,0,0,,,,,
AlleyLS_242,Restored,Post (1),Pre,8/31/2021,Alley LS,O.C. Restored,OC7P2,0,0,0,0,0,0,0,0,0,0,0,0,0,0,0,0,0,0,0,0,0,0,0,0,0,0,0,0,0,0,0,0,0,0,0,0,0,,,,,
AlleyLS_243,Restored,Post(1),Pre,8/31/2021,Alley LS,O.C. Restored,OC7P3,0,0,0,0,0,0,0,0,0,0,0,0,0,0,0,0,0,0,0,0,0,0,0,0,0,0,0,0,0,0,0,0,0,0,0,0,0,,,,,
AlleyLS_244,Restored,Post(2),Pre,9/15/2022,Alley LS,PS&P,T1P1,0,0,0,0,0,0,0,0,0,0,0,0,87.5,0,0,0,0,0,50,0,0,0,0,0,0,0,0,0,0,0,0,0,0,0,0,0,0,-2.111,,,,
AlleyLS_245,Restored,Post(2),Pre,9/15/2022,Alley LS,PS&P,T1P2,0,0,0,0,0,0,0,0,0,0,0,0,87.5,0,0,0,0,0,32,0,0,0,0,0,0,0,0,0,0,0,0,0,0,0,0,0,0,-1.957,,,,
AlleyLS_246,Restored,Post(2),Pre,9/15/2022,Alley LS,PS&P,T1P3,0,0,0,0,0,0,0,0,0,0,0,0,87.5,0,0,0,22,0,30,0,0,0,0,0,0,0,0,0,0,0,0,0,0,0,0,0,0,-1.867,,,,
AlleyLS_247,Restored,Post(2),Pre,9/15/2022,Alley LS,PS&EV,T1P4,0,2.5,0,0,0,0,0,0,0,0,0,2.5,87.5,0,8.75,0,159,0,112,1,0,7,0,0,0,0,1.4,2.6,0,0,0,0,0.52,0,0,0,0,-1.401,,,,
AlleyLS_248,Restored,Post(2),Pre,9/15/2022,Alley LS,PS&EV,T1P5,0,0,0,0,0,0,0,0,0,0,0,0,87.5,0,0,0,0,0,0,0,0,0,0,0,0,0,0,0,0,0,0,0,0,0,0,0,0,-0.383,,,,
AlleyLS_249,Restored,Post(2),Pre,9/15/2022,Alley LS,PS&EV,T1P6,0,8.75,0,0,0,0,0,0,0,0,0,8.75,87.5,0,0,0,31,0,0,7,0,15,46,17,19,73,34,2.1,3.7,4.4,2.6,6.9,3.94,0,0,0,0,0.977,,,,
AlleyLS_250,Restored,Post(2),Pre,9/15/2022,Alley LS,PS&P,T2P1,0,0,0,0,0,0,0,0,0,0,0,0,87.5,0,0,0,0,0,1000,0,0,0,0,0,0,0,0,0,0,0,0,0,0,0,0,0,0,-1.667,,,,
AlleyLS_251,Restored,Post(2),Pre,9/15/2022,Alley LS,PS&P,T2P2,0,0,0,0,0,0,0,0,0,0,0,0,87.5,0,0,0,0,0,210,0,0,0,0,0,0,0,0,0,0,0,0,0,0,0,0,0,0,-2.024,,,,
AlleyLS_252,Restored,Post(2),Pre,9/15/2022,Alley LS,PS&P,T2P3,0,0,0,0,0,0,0,0,0,0,0,0,87.5,0,0,0,12,0,23,0,0,0,0,0,0,0,0,0,0,0,0,0,0,0,0,0,0,-1.859,,,,
AlleyLS_253,Restored,Post(2),Pre,9/15/2022,Alley LS,PS&EV,T2P4,0,62.5,0,0,0,0,0,0,0,0,0,62.5,37.5,0,0,0,508,0,0,35,0,163.5,151,41,51,107,102.7,7.4,8.2,3,2.1,4.5,5.04,0,0,0,0,1.031,,,,
AlleyLS_254,Restored,Post(2),Pre,9/15/2022,Alley LS,PS&EV,T2P5,0,87.5,0,0,0,0,0,0,0,0,0,87.5,18.75,0,0,0,468,0,0,72,0,87,73,47,96,59,72.4,8,5,3.9,5.5,5,5.48,0,0,0,0,1.945,,,,
AlleyLS_255,Restored,Post(2),Pre,9/15/2022,Alley LS,PS&EV,T2P6,0,62.5,0,0,0,0,0,0,0,0,0,62.5,37.5,0,0,0,62,0,0,10,0,121,75,114,89,71,94,7.4,4.4,7.4,4.7,4.6,5.7,0,0,0,0,2.33,,,,
AlleyLS_256,Restored,Post(2),Pre,9/15/2022,Alley LS,PS&P,T3P1,0,0,0,0,0,0,0,0,0,0,0,0,87.5,0,0,0,0,0,400,0,0,0,0,0,0,0,0,0,0,0,0,0,0,0,0,0,0,-1.749,,,,
AlleyLS_257,Restored,Post(2),Pre,9/15/2022,Alley LS,PS&P,T3P2,0,0,0,0,0,0,0,0,0,0,0,0,87.5,0,0,0,10,0,24,0,0,0,0,0,0,0,0,0,0,0,0,0,0,0,0,0,0,-1.365,,,,
AlleyLS_258,Restored,Post(2),Pre,9/15/2022,Alley LS,PS&P,T3P3,0,0,0,0,0,0,0,0,0,0,0,0,62.5,0,18.75,0,13,0,41,0,0,0,0,0,0,0,0,0,0,0,0,0,0,0,0,0,0,-0.835,,,,
AlleyLS_259,Restored,Post(2),Pre,9/15/2022,Alley LS,PS&EV,T3P4,0,0,0,0,0,0,0,0,0,0,0,0,87.5,0,0,0,0,0,5,0,0,0,0,0,0,0,0,0,0,0,0,0,0,0,0,0,0,-0.334,,,,
AlleyLS_260,Restored,Post(2),Pre,9/15/2022,Alley LS,PS&EV,T3P5,0,8.75,0,0,0,0,0,0,0,0,0,8.75,87.5,0,2.5,0,1,0,1,0,0,0,0,0,0,0,0,0,0,0,0,0,0,0,0,0,0,0.116,,,,
AlleyLS_261,Restored,Post(2),Pre,9/15/2022,Alley LS,PS&EV,T3P6,0,37.5,0,0,0,0,0,0,0,0,0,37.5,62.5,0,0,0,91,2,0,52,0,98,75,79,63,19,66.8,6.4,4.2,5.8,4,2.4,4.56,0,0,0,0,2.483,,,,
AlleyLS_262,Restored,Post(2),Pre,9/15/2022,Alley LS,PS&P,T4P1,0,0,0,0,0,0,0,0,0,0,0,0,87.5,0,0,0,1,0,270,0,0,0,0,0,0,0,0,0,0,0,0,0,0,0,0,0,0,-2.029,,,,
AlleyLS_263,Restored,Post(2),Pre,9/15/2022,Alley LS,PS&P,T4P2,0,0,0,0,0,0,0,0,0,0,0,0,87.5,0,0,0,3,0,52,0,0,0,0,0,0,0,0,0,0,0,0,0,0,0,0,0,0,-1.536,,,,
AlleyLS_264,Restored,Post(2),Pre,9/15/2022,Alley LS,PS&P,T4P3,0,0,0,0,0,0,0,0,0,0,0,0,87.5,0,0,0,5,0,35,0,0,0,0,0,0,0,0,0,0,0,0,0,0,0,0,0,0,-0.82,,,,
AlleyLS_265,Restored,Post(2),Pre,9/15/2022,Alley LS,PS&EV,T4P4,0,8.75,0,0,0,0,0,0,0,0,0,8.75,87.5,0,2.5,0,55,0,0,0,0,0,0,0,0,0,0,0,0,0,0,0,0,0,0,0,0,0.094,,,,
AlleyLS_266,Restored,Post(2),Pre,9/15/2022,Alley LS,PS&EV,T4P5,0,0,0,0,0,0,0,0,0,0,0,0,87.5,0,0,0,8,0,0,0,0,0,0,0,0,0,0,0,0,0,0,0,0,0,0,0,0,0.946,,,,
AlleyLS_267,Restored,Post(2),Pre,9/15/2022,Alley LS,PS&EV,T4P6,0,87.5,0,0,0,0,0,0,0,0,0,87.5,37.5,0,0,0,18,1,0,23,0,100,30,83,87.5,100,80.1,5.8,4.4,5,6.4,4.7,5.26,0,0,0,0,3.452,,,,
AlleyLS_268,Restored,Post(2),Pre,9/15/2022,Alley LS,PS&P,T5P1,0,0,0,0,0,0,0,0,0,0,0,0,87.5,0,2.5,0,0,0,600,0,0,0,0,0,0,0,0,0,0,0,0,0,0,0,0,0,0,-1.701,,,,
AlleyLS_269,Restored,Post(2),Pre,9/15/2022,Alley LS,PS&P,T5P2,0,0,0,0,0,0,0,0,0,0,0,0,87.5,8.75,0,0,0,0,150,0,0,0,0,0,0,0,0,0,0,0,0,0,0,0,0,0,0,-1.504,,,,
AlleyLS_270,Restored,Post(2),Pre,9/15/2022,Alley LS,PS&P,T5P3,0,0,0,0,0,0,0,0,0,0,0,0,87.5,0,0,0,0,0,86,0,0,0,0,0,0,0,0,0,0,0,0,0,0,0,0,0,0,-1.11,,,,
AlleyLS_271,Restored,Post(2),Pre,9/15/2022,Alley LS,PS&EV,T5P4,0,0,0,0,0,0,0,0,0,0,0,0,87.5,0,0,0,0,0,24,0,0,0,0,0,0,0,0,0,0,0,0,0,0,0,0,0,0,-0.418,,,,
AlleyLS_272,Restored,Post(2),Pre,9/15/2022,Alley LS,PS&EV,T5P5,0,37.5,0,0,0,0,0,0,0,0,0,37.5,62.5,0,0,0,110,0,0,10,0,95.5,97.5,91,5.5,7.5,59.4,5,6.4,5,6.6,4.2,5.44,0,0,0,0,0.92,,,,
AlleyLS_273,Restored,Post(2),Pre,9/15/2022,Alley LS,PS&EV,T5P6,0,87.5,0,0,0,0,0,0,0,0,0,87.5,18.75,0,0,0,138,1,0,36,0,44,46,29.5,82,88,57.9,7,4,4.4,5.7,5.9,5.4,0,0,0,0,3.107,,,,
AlleyLS_274,Reference,Post(2),Pre,9/15/2022,Alley LS,MF Reference,T1P1,0,0,0,0,0,0,0,0,0,0,0,0,87.5,18.75,2.5,0,0,0,0,0,0,0,0,0,0,0,0,0,0,0,0,0,0,0,0,0,0,-0.366,,,,
AlleyLS_275,Reference,Post(2),Pre,9/15/2022,Alley LS,MF Reference,T1P2,0,0,0,0,0,0,0,0,0,0,0,0,87.5,0,2.5,0,0,0,0,0,0,0,0,0,0,0,0,0,0,0,0,0,0,0,0,0,0,-0.228,,,,
AlleyLS_276,Reference,Post(2),Pre,9/15/2022,Alley LS,MF Reference,T1P3,0,0,0,0,0,0,0,0,0,0,0,0,87.5,0,2.5,0,0,0,0,0,0,0,0,0,0,0,0,0,0,0,0,0,0,0,0,0,0,0.069,,,,
AlleyLS_277,Reference,Post(2),Pre,9/15/2022,Alley LS,VE Reference,T1P4,0,18.75,0,0,0,0,0,0,0,0,0,18.75,87.5,0,2.5,0,185,1,0,0,0,0,0,0,0,0,0,0,0,0,0,0,0,0,0,0,0,0.374,,,,
AlleyLS_278,Reference,Post(2),Pre,9/15/2022,Alley LS,VE Reference,T1P5,0,87.5,0,0,0,0,0,0,0,0,0,87.5,18.75,0,0,0,450,0,0,69,0,84,40,39,95.5,52,62.1,6.5,4,6.5,3.6,3.9,4.9,0,0,0,0,1.462,,,,
AlleyLS_279,Reference,Post(2),Pre,9/15/2022,Alley LS,VE Reference,T1P6,0,87.5,0,0,0,0,0,0,0,0,0,87.5,18.75,0,0,0,133,0,0,70,0,110,129.5,70.5,100,128,107.6,5.7,5.8,3.4,3.5,5.1,4.7,0,0,0,0,2.127,,,,
AlleyLS_280,Reference,Post(2),Pre,9/15/2022,Alley LS,MF Reference,T2P1,0,0,0,0,0,0,0,0,0,0,0,0,87.5,0,2.5,0,0,0,0,0,0,0,0,0,0,0,0,0,0,0,0,0,0,0,0,0,0,-1.05,,,,
AlleyLS_281,Reference,Post(2),Pre,9/15/2022,Alley LS,MF Reference,T2P2,0,0,0,0,0,0,0,0,0,0,0,0,87.5,0,2.5,0,0,0,2,0,0,0,0,0,0,0,0,0,0,0,0,0,0,0,0,0,0,-0.844,,,,
AlleyLS_282,Reference,Post(2),Pre,9/15/2022,Alley LS,MF Reference,T2P3,0,0,0,0,0,0,0,0,0,0,0,0,87.5,0,2.5,0,0,1,95,0,0,0,0,0,0,0,0,0,0,0,0,0,0,0,0,0,0,-0.559,,,,
AlleyLS_283,Reference,Post(2),Pre,9/15/2022,Alley LS,VE Reference,T2P4,0,18.75,0,0,0,0,0,0,0,0,0,18.75,62.5,0,0,0,156,0,1,22,0,67,53,57,38,76,58.2,4.6,3.4,4.4,3.4,5.6,4.28,0,0,0,0,-0.159,,,,
AlleyLS_284,Reference,Post(2),Pre,9/15/2022,Alley LS,VE Reference,T2P5,0,37.5,0,0,0,0,0,0,0,0,0,37.5,62.5,0,0,0,10,0,0,39,0,96,94.5,74.5,80,116,92.2,4.5,5.1,4.4,4.6,5.3,4.78,0,0,0,0,0.367,,,,
AlleyLS_285,Reference,Post(2),Pre,9/15/2022,Alley LS,VE Reference,T2P6,0,62.5,0,0,0,0,0,0,0,0,0,62.5,37.5,0,0,0,144,0,0,39,0,128,64.5,80.5,87,67.5,85.5,5.8,6.8,5.5,6.4,4.2,5.74,0,0,0,0,1.867,,,,
AlleyLS_286,Reference,Post(2),Pre,9/15/2022,Alley LS,MF Reference,T3P1,0,0,0,0,0,0,0,0,0,0,0,0,87.5,0,2.5,0,0,2,69,0,0,0,0,0,0,0,0,0,0,0,0,0,0,0,0,0,0,-1.203,,,,
AlleyLS_287,Reference,Post(2),Pre,9/15/2022,Alley LS,MF Reference,T3P2,0,0,0,0,0,0,0,0,0,0,0,0,87.5,0,0,0,0,0,46,0,0,0,0,0,0,0,0,0,0,0,0,0,0,0,0,0,0,-0.928,,,,
AlleyLS_288,Reference,Post(2),Pre,9/15/2022,Alley LS,MF Reference,T3P3,0,0,0,0,0,0,0,0,0,0,0,0,87.5,0,8.75,0,7,0,2,0,0,0,0,0,0,0,0,0,0,0,0,0,0,0,0,0,0,-0.525,,,,
AlleyLS_289,Reference,Post(2),Pre,9/15/2022,Alley LS,VE Reference,T3P4,0,0,0,0,0,0,0,0,0,0,0,0,87.5,0,0,0,8,1,0,0,0,0,0,0,0,0,0,0,0,0,0,0,0,0,0,0,0,-0.022,,,,
AlleyLS_290,Reference,Post(2),Pre,9/15/2022,Alley LS,VE Reference,T3P5,0,37.5,0,0,0,0,0,0,0,0,0,37.5,62.5,0,0,0,60,0,1,38,0,81,80,61,97.5,21,68.1,5.4,4.9,5.9,4.7,6.5,5.48,0,0,0,0,1.98,,,,
AlleyLS_291,Reference,Post(2),Pre,9/15/2022,Alley LS,VE Reference,T3P6,0,37.5,0,0,0,0,0.5,0,0,0,0,38,37.5,0,0,0,1,0,0,51,0,107,10,82,65,42,61.2,6,3.8,5.4,3.4,4.2,4.56,0,0,0,0,3.072,,,,
AlleyLS_292,Reference,Post(2),Pre,9/15/2022,Alley LS,MF Reference,T4P1,0,0,0,0,0,0,0,0,0,0,0,0,87.5,0,0,0,0,0,11,0,0,0,0,0,0,0,0,0,0,0,0,0,0,0,0,0,0,-0.958,,,,
AlleyLS_293,Reference,Post(2),Pre,9/15/2022,Alley LS,MF Reference,T4P2,0,0,0,0,0,0,0,0,0,0,0,0,87.5,0,2.5,0,0,0,0,0,0,0,0,0,0,0,0,0,0,0,0,0,0,0,0,0,0,-0.448,,,,
AlleyLS_294,Reference,Post(2),Pre,9/15/2022,Alley LS,MF Reference,T4P3,0,0,0,0,0,0,0,0,0,0,0,0,87.5,0,2.5,0,0,0,0,0,0,0,0,0,0,0,0,0,0,0,0,0,0,0,0,0,0,0.083,,,,
AlleyLS_295,Reference,Post(2),Pre,9/15/2022,Alley LS,VE Reference,T4P4,0,0,0,0,0,0,0,0,0,0,0,0,87.5,0,0.5,0,0,0,3,0,0,0,0,0,0,0,0,0,0,0,0,0,0,0,0,0,0,0.662,,,,
AlleyLS_296,Reference,Post(2),Pre,9/15/2022,Alley LS,VE Reference,T4P5,0,0,0,0,0,0,0,0,0,0,0,0,87.5,0,0,0,0,0,0,0,0,0,0,0,0,0,0,0,0,0,0,0,0,0,0,0,0,1.19,,,,
AlleyLS_297,Reference,Post(2),Pre,9/15/2022,Alley LS,VE Reference,T4P6,0,87.5,0,0,0,0,0,0,0,0,0,87.5,18.75,0,0,0,0,0,0,122,0,11,7.5,4,17.5,13,10.6,4,2.2,2.4,1.6,1.7,2.38,0,0,0,0,3.507,,,,
AlleyLS_298,Reference,Post(2),Pre,9/15/2022,Alley LS,MF Reference,T5P1,0,0,0,0,0,0,0,0,0,0,0,0,87.5,0,2.5,0,0,0,65,0,0,0,0,0,0,0,0,0,0,0,0,0,0,0,0,0,0,-1.158,,,,
AlleyLS_299,Reference,Post(2),Pre,9/15/2022,Alley LS,MF Reference,T5P2,0,0,0,0,0,0,0,0,0,0,0,0,87.5,0,2.5,0,0,0,135,0,0,0,0,0,0,0,0,0,0,0,0,0,0,0,0,0,0,-1.183,,,,
AlleyLS_300,Reference,Post(2),Pre,9/15/2022,Alley LS,MF Reference,T5P3,0,0,0,0,0,0,0,0,0,0,0,0,87.5,0,2.5,0,4,0,25,0,0,0,0,0,0,0,0,0,0,0,0,0,0,0,0,0,0,-0.052,,,,
AlleyLS_301,Reference,Post(2),Pre,9/15/2022,Alley LS,VE Reference,T5P4,0,18.75,0,0,0,0,0,0,0,0,0,18.75,62.5,0,2.5,0,75,0,0,0,0,0,0,0,0,0,0,0,0,0,0,0,0,0,0,0,0,1.331,,,,
AlleyLS_302,Reference,Post(2),Pre,9/15/2022,Alley LS,VE Reference,T5P5,0,18.75,0,0,0,0,0,0,0,0,0,18.75,62.5,0,0,0,63,0,0,4,0,58,29.5,81,5.5,0,34.8,3.3,4.5,4.7,2.5,0,3,0,0,0,0,1.755,,,,
AlleyLS_303,Reference,Post(2),Pre,9/15/2022,Alley LS,VE Reference,T5P6,62.5,8.75,0,0,0,0,0,0,0,0,0,71.25,18.75,0,2.5,0,47,0,0,7,0,11.5,9,57,72,43,38.5,3,3.4,4.4,5,4.7,4.1,0,0,0,0,3.565,,,,
AlleyLS_304,Restored,Post(2),Pre,9/15/2022,Alley LS,O.C. Restored,OC1P1,0,0,0,0,0,0,0,0,0,0,0,0,0,0,0,0,1,0,3,0,0,0,0,0,0,0,0,0,0,0,0,0,0,0,0,0,0,-0.811,,,,
AlleyLS_305,Restored,Post(2),Pre,9/15/2022,Alley LS,O.C. Restored,OC1P2,0,0,0,0,0,0,0,0,0,0,0,0,0,0,0,0,0,0,0,0,0,0,0,0,0,0,0,0,0,0,0,0,0,0,0,0,0,0.363,,,,
AlleyLS_306,Restored,Post(2),Pre,9/15/2022,Alley LS,O.C. Restored,OC1P3,0,0,0,0,0,0,0,0,0,0,0,0,0,0,0,0,0,0,0,0,0,0,0,0,0,0,0,0,0,0,0,0,0,0,0,0,0,-0.06,,,,
AlleyLS_307,Restored,Post(2),Pre,9/15/2022,Alley LS,O.C. Restored,OC2P1,0,0,0,0,0,0,0,0,0,0,0,0,0,0,0,0,0,0,0,0,0,0,0,0,0,0,0,0,0,0,0,0,0,0,0,0,0,-0.813,,,,
AlleyLS_308,Restored,Post(2),Pre,9/15/2022,Alley LS,O.C. Restored,OC2P2,0,0,0,0,0,0,0,0,0,0,0,0,0,0,0,0,0,0,0,0,0,0,0,0,0,0,0,0,0,0,0,0,0,0,0,0,0,-0.56,,,,
AlleyLS_309,Restored,Post(2),Pre,9/15/2022,Alley LS,O.C. Restored,OC2P3,0,0,0,0,0,0,0,0,0,0,0,0,0,0,0,0,0,0,0,0,0,0,0,0,0,0,0,0,0,0,0,0,0,0,0,0,0,-0.885,,,,
AlleyLS_310,Restored,Post(2),Pre,9/15/2022,Alley LS,O.C. Restored,OC3P1,0,0,0,0,0,0,0,0,0,0,0,0,0,0,0,0,0,0,0,0,0,0,0,0,0,0,0,0,0,0,0,0,0,0,0,0,0,-0.923,,,,
AlleyLS_311,Restored,Post(2),Pre,9/15/2022,Alley LS,O.C. Restored,OC3P2,0,0,0,0,0,0,0,0,0,0,0,0,0,0,0,0,2,0,1,0,0,0,0,0,0,0,0,0,0,0,0,0,0,0,0,0,0,-0.914,,,,
AlleyLS_312,Restored,Post(2),Pre,9/15/2022,Alley LS,O.C. Restored,OC3P3,0,0,0,0,0,0,0,0,0,0,0,0,0,0,0,0,0,0,1,0,0,0,0,0,0,0,0,0,0,0,0,0,0,0,0,0,0,-0.405,,,,
AlleyLS_313,Restored,Post(2),Pre,9/15/2022,Alley LS,O.C. Restored,OC4P1,0,0,0,0,0,0,0,0,0,0,0,0,0,0,0,0,1,0,0,0,0,0,0,0,0,0,0,0,0,0,0,0,0,0,0,0,0,-0.87,,,,
AlleyLS_314,Restored,Post(2),Pre,9/15/2022,Alley LS,O.C. Restored,OC4P2,0,0,0,0,0,0,0,0,0,0,0,0,0,0,0,0,2,0,0,0,0,0,0,0,0,0,0,0,0,0,0,0,0,0,0,0,0,0.102,,,,
AlleyLS_315,Restored,Post(2),Pre,9/15/2022,Alley LS,O.C. Restored,OC4P3,0,0,0,0,0,0,0,0,0,0,0,0,0,0,0,0,4,0,0,0,0,0,0,0,0,0,0,0,0,0,0,0,0,0,0,0,0,-0.419,,,,
AlleyLS_316,Restored,Post(3),Post (1),9/20/2023,Alley LS,MF Restored,T1P1,0,0,0,0,0,0,0,0,0,0,0,0,87.5,0,0,0.5,0,0,12,0,0,0,0,0,0,0,0,0,0,0,0,0,0,0,0,0,0,-2.163,,,,
AlleyLS_317,Restored,Post(3),Post (1),9/20/2023,Alley LS,MF Restored,T1P2,0,0,0,0,0,0,0,0,0,0,0,0,87.5,0,0,0,0,0,10,0,0,0,0,0,0,0,0,0,0,0,0,0,0,0,0,0,0,-1.939,,,,
AlleyLS_318,Restored,Post(3),Post (1),9/20/2023,Alley LS,MF Restored,T1P3,0,0,0,0,0,0,0,0,0,0,0,0,87.5,0,0,0,1,0,2,0,0,0,0,0,0,0,0,0,0,0,0,0,0,0,0,0,0,-1.769,,,,
AlleyLS_319,Restored,Post(3),Post (1),9/20/2023,Alley LS,VE Restored,T1P4,0,0,0,0,0,0,0,0,0,0,0,0,18.75,62.5,8.75,0,50,0,4,0,0,0,0,0,0,0,0,0,0,0,0,0,0,0,0,0,0,-1.291,,,,
AlleyLS_320,Restored,Post(3),Post (1),9/20/2023,Alley LS,VE Restored,T1P5,0,0,0,0,0,0,0,0,0,0,0,0,0,87.5,0,0,2,0,0,0,0,0,0,0,0,0,0,0,0,0,0,0,0,0,0,0,0,-0.511,,,,
AlleyLS_321,Restored,Post(3),Post (1),9/20/2023,Alley LS,VE Restored,T1P6,0,0,0,0,0,0,0,0,0,0,0,0,87.5,0.5,0,0,5,0,0,0,0,0,0,0,0,0,0,0,0,0,0,0,0,0,0,0,0,0.862,,,,
AlleyLS_322,Restored,Post(3),Post (1),9/20/2023,Alley LS,MF Restored,T2P1,0,0,0,0,0,0,0,0,0,0,0,0,87.5,0,0,0,0,0,2,0,0,0,0,0,0,0,0,0,0,0,0,0,0,0,0,0,0,-1.694,,,,
AlleyLS_323,Restored,Post(3),Post (1),9/20/2023,Alley LS,MF Restored,T2P2,0,0,0,0,0,0,0,0,0,0,0,0,87.5,0,0.5,0,0,0,27,0,0,0,0,0,0,0,0,0,0,0,0,0,0,0,0,0,0,-1.654,,,,
AlleyLS_324,Restored,Post(3),Post (1),9/20/2023,Alley LS,MF Restored,T2P3,0,0,0,0,0,0,0,0,0,0,0,0,87.5,0.5,0,0,11,0,8,0,0,0,0,0,0,0,0,0,0,0,0,0,0,0,0,0,0,-1.512,,,,
AlleyLS_325,Restored,Post(3),Post (1),9/20/2023,Alley LS,VE Restored,T2P4,0,62.5,0,0,0,0,0,0,0,0,0,62.5,37.5,0,0,0,2000,0,0,60,,142.5,113,122,148.5,128,130.8,6.8,4.9,5.7,6.5,6,5.98,0,0,0,0,0.946,,,,
AlleyLS_326,Restored,Post(3),Post (1),9/20/2023,Alley LS,VE Restored,T2P5,0,62.5,0,0,0,0,0,0,0,0,0,62.5,37.5,0,0,0,800,0,0,17,,107,28.5,20,108,67,66.1,6.4,6.1,3.9,5.7,4.2,5.26,0,0,0,0,2.06,,,,
AlleyLS_327,Restored,Post(3),Post (1),9/20/2023,Alley LS,VE Restored,T2P6,0,62.5,0,0,0,0,0,0,0,0,0,62.5,37.5,0,0.5,0,25,1,0,21,,10.5,84.5,144,110,9,71.6,7.2,5.2,6.5,3.9,5,5.56,0,0,0,0,2.123,,,,
AlleyLS_328,Restored,Post(3),Post (1),9/20/2023,Alley LS,PS&P,T3P1,0,0,0,0,0,0,0,0,0,0,0,0,87.5,0,0,0,0,0,0,0,0,0,0,0,0,0,0,0,0,0,0,0,0,0,0,0,0,-1.114,,,,
AlleyLS_329,Restored,Post(3),Post (1),9/20/2023,Alley LS,PS&P,T3P2,0,8.75,0,0,0,0,0,0,0,0,0,8.75,87.5,0,0,0,0,0,0,0,0,0,0,0,0,0,0,0,0,0,0,0,0,0,0,0,0,0.328,,,,
AlleyLS_330,Restored,Post(3),Post (1),9/20/2023,Alley LS,PS&P,T3P3,0,18.75,0,0,0,0,0,0,0,0,0,18.75,62.5,0,0,0,0,0,0,12,,0.5,5,8,2,3,3.7,1.9,2.5,2.6,1.6,2.7,2.26,0,0,0,0,1.381,,,,
AlleyLS_331,Restored,Post(3),Post (1),9/20/2023,Alley LS,PS&EV,T3P4,0,8.75,0,0,0,0,0,0,0,0,0,8.75,87.5,0,0,0,0,0,0,16,,1.5,2,4,3,2,2.5,1.2,1.5,1.2,1,1,1.18,0,0,0,0,1.763,,,,
AlleyLS_332,Restored,Post(3),Post (1),9/20/2023,Alley LS,PS&EV,T3P5,0,18.75,0,0,0,0,0,0,0,0,0,18.75,87.5,0,0,0,0,0,0,12,,10,4.5,3,5,5.5,5.6,3.5,2.5,1.2,4,3.7,2.98,0,0,0,0,2.073,,,,
AlleyLS_333,Restored,Post(3),Post (1),9/20/2023,Alley LS,PS&EV,T3P6,0,18.75,0,0,0,0,0,0,0,0,0,18.75,87.5,0,0,0,0,0,0,0,0,0,0,0,0,0,0,0,0,0,0,0,0,0,0,0,0,2.428,,,,
AlleyLS_334,Restored,Post(3),Post (1),9/20/2023,Alley LS,PS&P,T4P1,0,0,0,0,0,0,0,0,0,0,0,0,87.5,0,0,0,0,0,520,0,0,0,0,0,0,0,0,0,0,0,0,0,0,0,0,0,0,-1.641,,,,
AlleyLS_335,Restored,Post(3),Post (1),9/20/2023,Alley LS,PS&P,T4P2,0,0,0,0,0,0,0,0,0,0,0,0,87.5,0,0,0,0,0,0,0,0,0,0,0,0,0,0,0,0,0,0,0,0,0,0,0,0,0.571,,,,
AlleyLS_336,Restored,Post(3),Post (1),9/20/2023,Alley LS,PS&P,T4P3,0,8.75,0,0,0,0,0,0,0,0,0,8.75,87.5,0,0,0,0,0,0,6,,3,4,5,4,2,3.6,2.5,1.5,2.7,1.8,1.1,1.92,0,0,0,0,1.637,,,,
AlleyLS_337,Restored,Post(3),Post (1),9/20/2023,Alley LS,PS&EV,T4P4,0,18.75,0,0,0,0,0,0,0,0,0,18.75,87.5,0,0.5,0,0,0,0,40,,7.5,11,24,9,2,10.7,5,4,5.5,3.2,1.5,3.84,0,0,0,0,2.011,,,,
AlleyLS_338,Restored,Post(3),Post (1),9/20/2023,Alley LS,PS&EV,T4P5,0,2.5,0,0,0,0,0,0,0,0,0,2.5,87.5,0,0,0,1,0,0,2,,0.5,0.5,0,0,0,0.2,0.9,0.3,0,0,0,0.24,0,0,0,0,2.376,,,,
AlleyLS_339,Restored,Post(3),Post (1),9/20/2023,Alley LS,PS&EV,T4P6,0,62.5,0,0,0,0,0,0,0,0,0,62.5,37.5,0,0.5,0,100,0,0,43,,118,123,80,140,125,117.2,7.2,5.9,5.6,7,4.9,6.12,0,0,0,0,3.409,,,,
AlleyLS_340,Restored,Post(3),Post (1),9/20/2023,Alley LS,PS&P,T5P1,0,0,0,0,0,0,0,0,0,0,0,0,87.5,0,0,0,0,0,0,0,0,0,0,0,0,0,0,0,0,0,0,0,0,0,0,0,0,-0.876,,,,
AlleyLS_341,Restored,Post(3),Post (1),9/20/2023,Alley LS,PS&P,T5P2,0,0,0,0,0,0,0,0,0,0,0,0,87.5,0,0,0,0,0,0,0,0,0,0,0,0,0,0,0,0,0,0,0,0,0,0,0,0,0.204,,,,
AlleyLS_342,Restored,Post(3),Post (1),9/20/2023,Alley LS,PS&P,T5P3,0,2.5,0,0,0,0,0,0,0,0,0,2.5,87.5,0,0,0,0,0,0,5,,11.5,2.5,2.5,1,0.5,3.6,2.9,2.3,2,1,1,1.84,0,0,0,0,1.156,,,,
AlleyLS_343,Restored,Post(3),Post (1),9/20/2023,Alley LS,PS&EV,T5P4,0,8.75,0,0,0,0,0,0,0,0,0,8.75,87.5,0,0,0,0,0,0,0,0,0,0,0,0,0,0,0,0,0,0,0,0,0,0,0,0,1.631,,,,
AlleyLS_344,Restored,Post(3),Post (1),9/20/2023,Alley LS,PS&EV,T5P5,0,8.75,0,0,0,0,0,0,0,0,0,8.75,87.5,0,0,0,0,0,0,14,,0.5,2.5,9,9,2,4.6,2.5,2,1.3,3,2.4,2.24,0,0,0,0,2.333,,,,
AlleyLS_345,Restored,Post(3),Post (1),9/20/2023,Alley LS,PS&EV,T5P6,0,62.5,0,0,0,0,0,0,0,0,0,62.5,37.5,0,0,0,79,0,0,43,,43,34,21,127,79,60.8,3.4,2.5,1.8,6.6,4.4,3.74,0,0,0,0,3.14,,,,
AlleyLS_346,Reference,Post(3),Post (1),9/21/2023,Alley LS,MF Reference,T1P1,0,0,0,0,0,0,0,0,0,0,0,0,87.5,0,0.5,0,0,3,0,0,0,0,0,0,0,0,0,0,0,0,0,0,0,0,0,0,0,-0.277,,,,
AlleyLS_347,Reference,Post(3),Post (1),9/21/2023,Alley LS,MF Reference,T1P2,0,0,0,0,0,0,0,0,0,0,0,0,87.5,0,0.5,0,0,0,0,0,,0,0,0,0,0,0,0,0,0,0,0,0,0,0,0,0,-0.233,,,,
AlleyLS_348,Reference,Post(3),Post (1),9/21/2023,Alley LS,MF Reference,T1P3,0,0,0,0,0,0,0,0,0,0,0,0,87.5,0,0.5,0,0,0,0,0,,0,0,0,0,0,0,0,0,0,0,0,0,0,0,0,0,-0.033,,,,
AlleyLS_349,Reference,Post(3),Post (1),9/21/2023,Alley LS,VE Reference,T1P4,0,18.75,0,0,0,0,0,0,0,0,0,18.75,87.5,0,0.5,0,241,1,0,0,,0,0,0,0,0,0,0,0,0,0,0,0,0,0,0,0,0.307,,,,
AlleyLS_350,Reference,Post(3),Post (1),9/21/2023,Alley LS,VE Reference,T1P5,0,62.5,0,0,0,0,0,0,0,0,0,62.5,37.5,0,2.5,0,440,0,0,36,,35,55.5,53,53,128,64.9,4.7,8.2,5.9,6,4.7,5.9,0,0,0,0,1.523,,,,
AlleyLS_351,Reference,Post(3),Post (1),9/21/2023,Alley LS,VE Reference,T1P6,0,62.5,0,0,0,0,0,0,0,0,0,62.5,37.5,0,0,0,110,0,0,93,,106.5,62,137,129.5,101.5,107.3,4.6,2.6,5.8,5,3.4,4.28,0,0,0,0,2.158,,,,
AlleyLS_352,Reference,Post(3),Post (1),9/21/2023,Alley LS,MF Reference,T2P1,0,0,0,0,0,0,0,0,0,0,0,0,87.5,0,0,0,0,0,4,0,0,0,0,0,0,0,0,0,0,0,0,0,0,0,0,0,0,-1.255,,,,
AlleyLS_353,Reference,Post(3),Post (1),9/21/2023,Alley LS,MF Reference,T2P2,0,0,0,0,0,0,0,0,0,0,0,0,87.5,0,0.5,0,0,0,15,0,0,0,0,0,0,0,0,0,0,0,0,0,0,0,0,0,0,-1.067,,,,
AlleyLS_354,Reference,Post(3),Post (1),9/21/2023,Alley LS,MF Reference,T2P3,0,0,0,0,0,0,0,0,0,0,0,0,87.5,0,0.5,0,0,0,35,0,0,0,0,0,0,0,0,0,0,0,0,0,0,0,0,0,0,-0.756,,,,
AlleyLS_355,Reference,Post(3),Post (1),9/21/2023,Alley LS,VE Reference,T2P4,0,37.5,0,0,0,0,0,0,0,0,0,37.5,62.5,0,0,0,128,0,2,33,,19.5,31.5,75.5,94,87,61.5,3.9,2.3,6,5.6,4.2,4.4,0,0,0,0,-0.195,,,,
AlleyLS_356,Reference,Post(3),Post (1),9/21/2023,Alley LS,VE Reference,T2P5,0,37.5,0,0,0,0,0,0,0,0,0,37.5,62.5,0,2.5,0,29,0,0,44,,10,104,20,86.5,11,46.3,2.6,5.5,4.1,3.9,2,3.62,0,0,0,0,0.444,,,,
AlleyLS_357,Reference,Post(3),Post (1),9/21/2023,Alley LS,VE Reference,T2P6,0,62.5,0,0,0,0,0,0,0,0,0,62.5,37.5,0,0,0,360,0,0,45,,113.5,114,105.5,114.5,125,114.5,4.9,4.8,3.3,5.6,6.4,5,0,0,0,0,2.036,,,,
AlleyLS_358,Reference,Post(3),Post (1),9/21/2023,Alley LS,MF Reference,T3P1,0,0,0,0,0,0,0,0,0,0,0,0,87.5,0,0.5,0,0,0,4,0,0,0,0,0,0,0,0,0,0,0,0,0,0,0,0,0,0,-0.966,,,,
AlleyLS_359,Reference,Post(3),Post (1),9/21/2023,Alley LS,MF Reference,T3P2,0,0,0,0,0,0,0,0,0,0,0,0,87.5,0,0,0,0,0,1,0,,0,0,0,0,0,0,0,0,0,0,0,0,0,0,0,0,-1.152,,,,
AlleyLS_360,Reference,Post(3),Post (1),9/21/2023,Alley LS,MF Reference,T3P3,0,18.75,0,0,0,0,0,0,0,0,0,18.75,87.5,0,0,0,103,0,1,0,,0,0,0,0,0,0,0,0,0,0,0,0,0,0,0,0,-0.764,,,,
AlleyLS_361,Reference,Post(3),Post (1),9/21/2023,Alley LS,VE Reference,T3P4,0,0,0,0,0,0,0,0,0,0,0,0,87.5,0,0,0.5,4,0,2,0,,0,0,0,0,0,0,0,0,0,0,0,0,0,0,0,0,-0.168,,,,
AlleyLS_362,Reference,Post(3),Post (1),9/21/2023,Alley LS,VE Reference,T3P5,0,62.5,0,0,0,0,0,0,0,0,0,62.5,37.5,0,0,0,48,0,0,42,,32,74,120,58,93,75.4,2.5,4.5,6,3.9,4.4,4.26,0,0,0,0,2.064,,,,
AlleyLS_363,Reference,Post(3),Post (1),9/21/2023,Alley LS,VE Reference,T3P6,0,62.5,0,0,0,0,0,0,0,0,0,62.5,37.5,0,0,0,4,0,0,97,,74,88.5,92,100,75,85.9,2.1,4.1,5.5,3.8,4,3.9,0,0,0,0,2.939,,,,
AlleyLS_364,Reference,Post(3),Post (1),9/21/2023,Alley LS,MF Reference,T4P1,0,0,0,0,0,0,0,0,0,0,0,0,87.5,0,0,0,1,0,47,0,0,0,0,0,0,0,0,0,0,0,0,0,0,0,0,0,0,-1.184,,,,
AlleyLS_365,Reference,Post(3),Post (1),9/21/2023,Alley LS,MF Reference,T4P2,0,0,0,0,0,0,0,0,0,0,0,0,87.5,0,0,0,0,0,0,0,,0,0,0,0,0,0,0,0,0,0,0,0,0,0,0,0,-0.571,,,,
AlleyLS_366,Reference,Post(3),Post (1),9/21/2023,Alley LS,MF Reference,T4P3,0,0,0,0,0,0,0,0,0,0,0,0,87.5,0,0,0,0,0,0,0,,0,0,0,0,0,0,0,0,0,0,0,0,0,0,0,0,-0.132,,,,
AlleyLS_367,Reference,Post(3),Post (1),9/21/2023,Alley LS,VE Reference,T4P4,0,0,0,0,0,0,0,0,0,0,0,0,87.5,0,0,0,1,0,4,0,,0,0,0,0,0,0,0,0,0,0,0,0,0,0,0,0,0.291,,,,
AlleyLS_368,Reference,Post(3),Post (1),9/21/2023,Alley LS,VE Reference,T4P5,0,2.5,0,0,0,0,0,0,0,0,0,2.5,87.5,0,0,0,0,0,0,7,,5,33,8,21.5,4.5,14.4,1.3,4,2,2.5,1.6,2.28,0,0,0,0,0.664,,,,
AlleyLS_369,Reference,Post(3),Post (1),9/21/2023,Alley LS,VE Reference,T4P6,0,87.5,0,0,0,0,0,0,0,0,0,87.5,8.75,0,0,0.5,2,0,0,308,,17,14.5,17,18.5,12.5,15.9,2.6,0.9,0.6,0.5,1.4,1.2,0,0,0,0,3.456,,,,
AlleyLS_370,Reference,Post(3),Post (1),9/21/2023,Alley LS,MF Reference,T5P1,0,0,0,0,0,0,0,0,0,0,0,0,87.5,0,0,0,0,0,25,0,0,0,0,0,0,0,0,0,0,0,0,0,0,0,0,0,0,-1.227,,,,
AlleyLS_371,Reference,Post(3),Post (1),9/21/2023,Alley LS,MF Reference,T5P2,0,0,0,0,0,0,0,0,0,0,0,0,87.5,0,0,0,0,0,132,0,0,0,0,0,0,0,0,0,0,0,0,0,0,0,0,0,0,-1.055,,,,
AlleyLS_372,Reference,Post(3),Post (1),9/21/2023,Alley LS,MF Reference,T5P3,0,8.75,0,0,0,0,0,0,0,0,0,8.75,87.5,0,2.5,0,10,0,2,0,0,0,0,0,0,0,0,0,0,0,0,0,0,0,0,0,0,-0.355,,,,
AlleyLS_373,Reference,Post(3),Post (1),9/21/2023,Alley LS,VE Reference,T5P4,0,2.5,0,0,0,0,0,0,0,0,0,2.5,87.5,0,0,0,73,0,0,0,0,0,0,0,0,0,0,0,0,0,0,0,0,0,0,0,0,1.069,,,,
AlleyLS_374,Reference,Post(3),Post (1),9/21/2023,Alley LS,VE Reference,T5P5,0,18.75,0,0,0,0,0,0,0,0,0,18.75,87.5,0,0.5,0,0,0,0,0,0,0,0,0,0,0,0,0,0,0,0,0,0,0,0,0,0,1.472,,,,
AlleyLS_375,Reference,Post(3),Post (1),9/21/2023,Alley LS,VE Reference,T5P6,2.5,62.5,0,0,0,0,0,0,0,0,0,65,37.5,18.75,0,0,17,0,0,60,,98,9,104.5,71,13,59.1,4.3,2.4,4.9,4.3,4.2,4.02,0,0,0,0,3.374,,,,
AlleyLS_376,Restored,Post(3),Post (1),10/5/2023,Alley LS,PS&P,T1P1M,0,0,0,0,0,0,0,0,0,0,0,0,87.5,0,0,0,0,0,0,0,0,0,0,0,0,0,0,0,0,0,0,0,0,0,0,0,0,,,,,
AlleyLS_377,Restored,Post(3),Post (1),10/5/2023,Alley LS,PS&P,T1P2M,0,0,0,0,0,0,0,0,0,0,0,0,87.5,0.5,0,0,0,0,0,0,0,0,0,0,0,0,0,0,0,0,0,0,0,0,0,0,0,,,,,
AlleyLS_378,Restored,Post(3),Post (1),10/5/2023,Alley LS,PS&P,T1P3M,0,8.75,0,0,0,0,0,0,0,0,0,8.75,87.5,0,0,0,0,0,0,0,0,0,0,0,0,0,0,0,0,0,0,0,0,0,0,0,0,,,,,
AlleyLS_379,Restored,Post(3),Post (1),10/5/2023,Alley LS,PS&P,T1P4M,0,18.75,0,0,0,0,0,0,0,0,0,18.75,62.5,0,0,0.5,0,0,0,25,,26.5,2,2,2,2.5,7,4.1,2.9,2.1,4.1,4,3.44,0,0,0,0,,,,,
AlleyLS_380,Restored,Post(3),Post (1),10/5/2023,Alley LS,PS&P,T1P5M,0,8.75,0,0,0,0,0,0,0,0,0,8.75,87.5,0,0,0,0,0,0,9,,6,10,5,2,9,6.4,1.8,2.3,1.3,1.3,1.3,1.6,0,0,0,0,,,,,
AlleyLS_381,Restored,Post(3),Post (1),10/5/2023,Alley LS,PS&EV,T1P6M,0,37.5,0,0,0,0,0,0,0,0,0,37.5,62.5,0,0,0,45,0,0,26,,6.5,15.5,6.5,1.5,2,6.4,2.4,2,2,0.6,0.9,1.58,0,0,0,0,,,,,
AlleyLS_382,Restored,Post(3),Post (1),10/5/2023,Alley LS,PS&P,T2P1M,0,0,0,0,0,0,0,0,0,0,0,0,87.5,0,0,0,0,0,0,0,0,0,0,0,0,0,0,0,0,0,0,0,0,0,0,0,0,,,,,
AlleyLS_383,Restored,Post(3),Post (1),10/5/2023,Alley LS,PS&P,T2P2M,0,0,0,0,0,0,0,0,0,0,0,0,87.5,0,0,0,0,0,0,0,0,0,0,0,0,0,0,0,0,0,0,0,0,0,0,0,0,,,,,
AlleyLS_384,Restored,Post(3),Post (1),10/5/2023,Alley LS,PS&P,T2P3M,0,2.5,0,0,0,0,0,0,0,0,0,2.5,87.5,0,0,0,0,0,0,2,,2,2,0,0,0,0.8,2.7,1.4,0,0,0,0.82,0,0,0,0,,,,,
AlleyLS_385,Restored,Post(3),Post (1),10/5/2023,Alley LS,PS&P,T2P4M,0,8.75,0,0,0,0,0,0,0,0,0,8.75,87.5,0,0,0,0,0,0,8,,4,5,27,3,0.5,7.9,3.5,2.2,3.9,2.4,2.7,2.94,0,0,0,0,,,,,
AlleyLS_386,Restored,Post(3),Post (1),10/5/2023,Alley LS,PS&EV,T2P5M,0,2.5,0,0,0,0,0,0,0,0,0,2.5,87.5,0,0,0,0,0,0,6,,4.5,2,1,3.5,5.5,3.3,2.6,0.8,1.6,0.9,0.2,1.22,0,0,0,0,,,,,
AlleyLS_387,Restored,Post(3),Post (1),10/5/2023,Alley LS,PS&EV,T2P6M,0,37.5,18.75,18.75,0,0,0,0,0,0,0,75,8.75,0,0,0,20,0,0,38,,42,39,62,31,106,56,5.7,6.4,7.3,7.8,6.7,6.78,0,0,0,0,,,,,
AlleyLS_388,Restored,Post(3),Post (1),10/5/2023,Alley LS,O.C. Restored,OC1P1,0,0,0,0,0,0,0,0,0,0,0,0,0,0,0,0,0,1,0,0,0,0,0,0,0,0,0,0,0,0,0,0,0,0,0,0,0,,,,,
AlleyLS_389,Restored,Post(3),Post (1),10/5/2023,Alley LS,O.C. Restored,OC1P2,0,0,0,0,0,0,0,0,0,0,0,0,0,0,0,0,1,0,0,0,0,0,0,0,0,0,0,0,0,0,0,0,0,0,0,0,0,,,,,
AlleyLS_390,Restored,Post(3),Post (1),10/5/2023,Alley LS,O.C. Restored,OC1P3,0,0,0,0,0,0,0,0,0,0,0,0,0,0,0,0,2,0,0,0,0,0,0,0,0,0,0,0,0,0,0,0,0,0,0,0,0,,,,,
AlleyLS_391,Restored,Post(3),Post (1),10/5/2023,Alley LS,O.C. Restored,OC2P1,0,0,0,0,0,0,0,0,0,0,0,0,0,0,0,0,0,0,0,0,0,0,0,0,0,0,0,0,0,0,0,0,0,0,0,0,0,,,,,
AlleyLS_392,Restored,Post(3),Post (1),10/5/2023,Alley LS,O.C. Restored,OC2P2,0,0,0,0,0,0,0,0,0,0,0,0,0,0,0.5,0,5,0,0,0,0,0,0,0,0,0,0,0,0,0,0,0,0,0,0,0,0,,,,,
AlleyLS_393,Restored,Post(3),Post (1),10/5/2023,Alley LS,O.C. Restored,OC2P3,0,0,0,0,0,0,0,0,0,0,0,0,0,0,0,0,3,0,0,0,0,0,0,0,0,0,0,0,0,0,0,0,0,0,0,0,0,,,,,
AlleyLS_394,Restored,Post(3),Post (1),10/5/2023,Alley LS,O.C. Restored,OC3P1,0,0,0,0,0,0,0,0,0,0,0,0,0,0,0,0,1,0,0,0,0,0,0,0,0,0,0,0,0,0,0,0,0,0,0,0,0,,,,,
AlleyLS_395,Restored,Post(3),Post (1),10/5/2023,Alley LS,O.C. Restored,OC3P2,0,0,0,0,0,0,0,0,0,0,0,0,0,0,0,0,4,0,0,0,0,0,0,0,0,0,0,0,0,0,0,0,0,0,0,0,0,,,,,
AlleyLS_396,Restored,Post(3),Post (1),10/5/2023,Alley LS,O.C. Restored,OC3P3,0,0,0,0,0,0,0,0,0,0,0,0,0,0,0,0,5,0,0,0,0,0,0,0,0,0,0,0,0,0,0,0,0,0,0,0,0,,,,,
AlleyLS_397,Restored,Post(3),Post (1),10/5/2023,Alley LS,O.C. Restored,OC4P1,0,0,0,0,0,0,0,0,0,0,0,0,0,0,0,0,0,0,0,0,0,0,0,0,0,0,0,0,0,0,0,0,0,0,0,0,0,,,,,
AlleyLS_398,Restored,Post(3),Post (1),10/5/2023,Alley LS,O.C. Restored,OC4P2,0,0,0,0,0,0,0,0,0,0,0,0,0,0,0,0,0,0,0,0,0,0,0,0,0,0,0,0,0,0,0,0,0,0,0,0,0,,,,,
AlleyLS_399,Restored,Post(3),Post (1),10/5/2023,Alley LS,O.C. Restored,OC4P3,0,0,0,0,0,0,0,0,0,0,0,0,0,0,0,0,2,0,0,0,0,0,0,0,0,0,0,0,0,0,0,0,0,0,0,0,0,,,,,
AlleyLS_400,Restored,Post(4),Post(2),9/11/2024,Alley LS,PS&P,T1P1,0,0,0,0,0,0,0,0,0,0,0,0,87.5,0,N,N,N,N,Y,0,,0,0,0,0,0,0,0,0,0,0,0,0,0,0,0,0,-1.35,,,,
AlleyLS_401,Restored,Post(4),Post(2),9/11/2024,Alley LS,PS&P,T1P2,0,0,0,0,0,0,0,0,0,0,0,0,87.5,0,N,N,N,N,Y,0,,0,0,0,0,0,0,0,0,0,0,0,0,0,0,0,0,-0.924,,,,
AlleyLS_402,Restored,Post(4),Post(2),9/11/2024,Alley LS,PS&P,T1P3,0,0,0,0,0,0,0,0,0,0,0,0,87.5,0,N,N,N,N,Y,0,,0,0,0,0,0,0,0,0,0,0,0,0,0,0,0,0,-0.506,,,,
AlleyLS_403,Restored,Post(4),Post(2),9/11/2024,Alley LS,PS&P,T1P4,0,2.5,0,0,0,0,0,0,0,0,0,2.5,87.5,0,N,N,N,N,N,13,,3,8,6,4,5,5.2,1.8,1.1,1,0.9,1.1,1.18,0,0,0,0,0.658,,,,
AlleyLS_404,Restored,Post(4),Post(2),9/11/2024,Alley LS,PS&P,T1P5,0,2.5,0,0,0,0,0,0,0,0,0,2.5,87.5,0.5,N,Y,N,N,N,4,,3,9,2,1,0,3,1.8,3.2,1,0.8,0,1.36,0,0,0,0,1.477,,,,
AlleyLS_405,Restored,Post(4),Post(2),9/11/2024,Alley LS,PS&EV,T1P6,0,8.75,0,0,0,0,0,0,0,0,0,8.75,87.5,0.5,Y,N,N,N,N,17,,11,7,4,5,4,6.2,2.2,2.9,0.8,1.2,1.8,1.78,0,0,0,0,2.481,,,,
AlleyLS_406,Restored,Post(4),Post(2),9/11/2024,Alley LS,PS&P,T2P1,0,0,0,0,0,0,0,0,0,0,0,0,87.5,0,N,N,N,N,Y,0,,0,0,0,0,0,0,0,0,0,0,0,0,0,0,0,0,-1.319,,,,
AlleyLS_407,Restored,Post(4),Post(2),9/11/2024,Alley LS,PS&P,T2P2,0,0,0,0,0,0,0,0,0,0,0,0,87.5,0,Y,N,Y,N,Y,0,,0,0,0,0,0,0,0,0,0,0,0,0,0,0,0,0,-1.229,,,,
AlleyLS_408,Restored,Post(4),Post(2),9/11/2024,Alley LS,PS&P,T2P3,0,0,0,0,0,0,0,0,0,0,0,0,87.5,0.5,N,N,N,N,Y,0,,0,0,0,0,0,0,0,0,0,0,0,0,0,0,0,0,0.139,,,,
AlleyLS_409,Restored,Post(4),Post(2),9/11/2024,Alley LS,PS&P,T2P4,0,8.75,0,0,0,0,0,0,0,0,0,8.75,87.5,0,N,N,N,N,N,6,,5,4,5,2,7,4.6,0.4,1.2,1,0.8,1.1,0.9,0,0,0,0,1.316,,,,
AlleyLS_410,Restored,Post(4),Post(2),9/11/2024,Alley LS,PS&EV,T2P5,0,37.5,0,0,0,0,0,0,0,0,0,37.5,62.5,0.5,N,N,N,N,N,29,,5,16,3,7,11,8.4,2,1.9,1.8,1.9,2.2,1.96,0,0,0,0,2.018,,,,
AlleyLS_411,Restored,Post(4),Post(2),9/11/2024,Alley LS,PS&EV,T2P6,0,18.75,0,0,0,0,0,0,0,0,0,18.75,87.5,2.5,Y,N,N,N,N,20,,5,1,5,11,4,5.2,1.2,4,0.9,0.9,1.2,1.64,0,0,0,0,2.791,,,,
AlleyLS_412,Restored,Post(4),Post(2),9/11/2024,Alley LS,PS&P,T3P1,0,0,0,0,0,0,0,0,0,0,0,0,87.5,0,N,N,N,N,Y,0,,0,0,0,0,0,0,0,0,0,0,0,0,0,0,0,0,-1.225,,,,
AlleyLS_413,Restored,Post(4),Post(2),9/11/2024,Alley LS,PS&P,T3P2,0,0,0,0,0,0,0,0,0,0,0,0,87.5,0,N,N,N,N,Y,0,,0,0,0,0,0,0,0,0,0,0,0,0,0,0,0,0,-0.165,,,,
AlleyLS_414,Restored,Post(4),Post(2),9/11/2024,Alley LS,PS&P,T3P3,0,2.5,0,0,0,0,0,0,0,0,0,2.5,87.5,0.5,N,N,N,N,N,12,,7,4,2,5,3,4.2,1,0.9,0.5,2.1,1.9,1.28,0,0,0,0,0.721,,,,
AlleyLS_415,Restored,Post(4),Post(2),9/11/2024,Alley LS,PS&EV,T3P4,0,18.75,0,0,0,0,0,0,0,0,0,18.75,87.5,0,N,N,N,N,N,40,,12,10,1,3,8,6.8,2.6,2.4,0.4,1.5,2.3,1.84,0,0,0,0,1.476,,,,
AlleyLS_416,Restored,Post(4),Post(2),9/11/2024,Alley LS,PS&EV,T3P5,0,18.75,0,0,0,0,0,0,0,0,0,18.75,87.5,0,N,N,N,N,N,31,,5,1,18,4,7,7,1.9,0.5,2.5,1.9,1.8,1.72,0,0,0,0,1.981,,,,
AlleyLS_417,Restored,Post(4),Post(2),9/11/2024,Alley LS,PS&EV,T3P6,0,8.75,0,0,0,0,0,0,0,0,0,8.75,87.5,0,N,N,N,N,N,47,,34,4,4,12,3,11.4,4.1,1.8,2,1.7,2.7,2.46,0,0,0,0,2.318,,,,
AlleyLS_418,Restored,Post(4),Post(2),9/11/2024,Alley LS,PS&P,T4P1,0,0,0,0,0,0,0,0,0,0,0,0,87.5,0,N,N,N,N,Y,0,,0,0,0,0,0,0,0,0,0,0,0,0,0,0,0,0,-1.688,,,,
AlleyLS_419,Restored,Post(4),Post(2),9/11/2024,Alley LS,PS&P,T4P2,0,0,0,0,0,0,0,0,0,0,0,0,87.5,0,N,N,N,N,Y,0,,0,0,0,0,0,0,0,0,0,0,0,0,0,0,0,0,-0.532,,,,
AlleyLS_420,Restored,Post(4),Post(2),9/11/2024,Alley LS,PS&P,T4P3,0,2.5,0,0,0,0,0,0,0,0,0,2.5,87.5,0,Y,N,N,N,N,8,,1,5,1,4,2,2.6,1,1.6,0.3,2.5,0.6,1.2,0,0,0,0,0.947,,,,
AlleyLS_421,Restored,Post(4),Post(2),9/11/2024,Alley LS,PS&EV,T4P4,0,18.75,0,0,0,0,0,0,0,0,0,18.75,87.5,2.5,N,N,N,N,N,11,,5,8,3,5,11,6.4,1.9,1.2,2,1.4,3.7,2.04,0,0,0,0,1.69,,,,
AlleyLS_422,Restored,Post(4),Post(2),9/11/2024,Alley LS,PS&EV,T4P5,0,8.75,0,0,0,0,0,0,0,0,0,8.75,87.5,0,N,N,N,N,N,23,,,,,,,,3.3,1.8,2.8,1.1,0.8,1.96,0,0,0,0,2.224,,,,
AlleyLS_423,Restored,Post(4),Post(2),9/11/2024,Alley LS,PS&EV,T4P6,0,62.5,0,0,0,0,0,0,0,0,0,62.5,37.5,0,N,N,Y,N,N,59,,123,87,129,90,83,102.4,4.5,5.4,6.7,3.9,6.1,5.32,0,0,0,0,3.374,,,,
AlleyLS_424,Restored,Post(4),Post(2),9/11/2024,Alley LS,PS&P,T5P1,0,0,0,0,0,0,0,0,0,0,0,0,87.5,0,N,N,Y,N,Y,0,,0,0,0,0,0,0,0,0,0,0,0,0,0,0,0,0,-0.954,,,,
AlleyLS_425,Restored,Post(4),Post(2),9/11/2024,Alley LS,PS&P,T5P2,0,0,0,0,0,0,0,0,0,0,0,0,87.5,0,N,N,N,N,Y,0,,0,0,0,0,0,0,0,0,0,0,0,0,0,0,0,0,-0.492,,,,
AlleyLS_426,Restored,Post(4),Post(2),9/11/2024,Alley LS,PS&P,T5P3,0,8.75,0,0,0,0,0,0,0,0,0,8.75,87.5,0,N,N,N,N,N,21,,2,10,3,2,3,4,0.7,2.5,2.2,0.7,0.7,1.36,0,0,0,0,0.314,,,,
AlleyLS_427,Restored,Post(4),Post(2),9/11/2024,Alley LS,PS&EV,T5P4,0,8.75,0,0,0,0,0,0,0,0,0,8.75,87.5,0,N,N,N,N,N,28,,3,1,9,14,1,5.6,2,0.8,1.4,2.8,0.9,1.58,0,0,0,0,0.995,,,,
AlleyLS_428,Restored,Post(4),Post(2),9/11/2024,Alley LS,PS&EV,T5P5,0,37.5,0,0,0,0,0,0,0,0,0,37.5,62.5,0,N,N,N,N,N,53,,3,11,14,4,5,7.4,3.1,2.2,2.3,2.6,0.6,2.16,0,0,0,0,1.81,,,,
AlleyLS_429,Restored,Post(4),Post(2),9/11/2024,Alley LS,PS&EV,T5P6,0,62.5,0,0,0,0,0,0,0,0,0,62.5,37.5,0,Y,N,Y,N,N,76,,45,19,48,12,28,30.4,3.9,1.9,5.4,1.6,4.5,3.46,0,0,0,0,2.868,,,,
AlleyLS_430,Reference,Post(4),Post(2),9/24/2024,Alley LS,MF Reference,T1P1,0,0,0,0,0,0,0,0,0,0,0,0,87.5,0,Y,N,N,N,N,0,,0,0,0,0,0,0,0,0,0,0,0,0,0,0,0,0,-0.477,,,,
AlleyLS_431,Reference,Post(4),Post(2),9/24/2024,Alley LS,MF Reference,T1P2,0,0,0,0,0,0,0,0,0,0,0,0,87.5,0,Y,N,N,N,N,0,,0,0,0,0,0,0,0,0,0,0,0,0,0,0,0,0,-0.067,,,,
AlleyLS_432,Reference,Post(4),Post(2),9/24/2024,Alley LS,MF Reference,T1P3,0,0,0,0,0,0,0,0,0,0,0,0,87.5,0,Y,N,N,N,N,0,,0,0,0,0,0,0,0,0,0,0,0,0,0,0,0,0,0.097,,,,
AlleyLS_433,Reference,Post(4),Post(2),9/24/2024,Alley LS,VE Reference,T1P4,0,18.75,0,0,0,0,0,0,0,0,0,18.75,87.5,0,Y,N,Y,N,N,5,,1,1,55,2,67,25.2,3,3,4.9,3,4,3.58,0,0,0,0,0.213,,,,
AlleyLS_434,Reference,Post(4),Post(2),9/24/2024,Alley LS,VE Reference,T1P5,0,87.5,0,0,0,0,0,0,0,0,0,87.5,8.75,0,Y,Y,Y,N,N,86,,125,124,125,129,127,126,5.5,6.1,5.1,6.4,5.7,5.76,0,0,0,0,1.524,,,,
AlleyLS_435,Reference,Post(4),Post(2),9/24/2024,Alley LS,VE Reference,T1P6,0,87.5,0,0,0,0,0,0,0,0,0,87.5,8.75,0,Y,Y,Y,N,N,82,,162,122,121,103,68,115.2,7.3,5.2,4.5,5.1,4,5.22,0,0,0,0,2.2,,,,
AlleyLS_436,Reference,Post(4),Post(2),9/24/2024,Alley LS,MF Reference,T2P1,0,37.5,0,0,0,0,0,0,0,0,0,37.5,62.5,0,Y,N,Y,N,N,56,,86,91,87,89,80,86.6,4,3.6,5.3,6,3.7,4.52,0,0,0,0,-1.224,,,,
AlleyLS_437,Reference,Post(4),Post(2),9/24/2024,Alley LS,MF Reference,T2P2,0,0,0,0,0,0,0,0,0,0,0,0,87.5,0,Y,N,N,N,Y,0,,0,0,0,0,0,0,0,0,0,0,0,0,0,0,0,0,-0.962,,,,
AlleyLS_438,Reference,Post(4),Post(2),9/24/2024,Alley LS,MF Reference,T2P3,0,0,0,0,0,0,0,0,0,0,0,0,87.5,0,Y,N,N,N,Y,0,,0,0,0,0,0,0,0,0,0,0,0,0,0,0,0,0,-0.75,,,,
AlleyLS_439,Reference,Post(4),Post(2),9/24/2024,Alley LS,VE Reference,T2P4,0,0,0,0,0,0,0,0,0,0,0,0,87.5,0,Y,N,N,N,Y,0,,0,0,0,0,0,0,0,0,0,0,0,0,0,0,0,0,-0.138,,,,
AlleyLS_440,Reference,Post(4),Post(2),9/24/2024,Alley LS,VE Reference,T2P5,0,62.5,0,0,0,0,0,0,0,0,0,62.5,37.5,0,Y,N,Y,Y,N,58,,121,143,71,158,160,130.6,7.5,6.5,7,5.5,7.1,6.72,0,0,0,0,0.542,,,,
AlleyLS_441,Reference,Post(4),Post(2),9/24/2024,Alley LS,VE Reference,T2P6,0,62.5,0,0,0,0,0,0,0,0,0,62.5,37.5,0,Y,N,Y,N,N,70,,135,143,91,121,136,125.2,5.5,6,4.5,6.2,5,5.44,0,0,0,0,2.028,,,,
AlleyLS_442,Reference,Post(4),Post(2),9/24/2024,Alley LS,MF Reference,T3P1,0,0,0,0,0,0,0,0,0,0,0,0,87.5,0,Y,N,N,N,Y,0,,0,0,0,0,0,0,0,0,0,0,0,0,0,0,0,0,-0.965,,,,
AlleyLS_443,Reference,Post(4),Post(2),9/24/2024,Alley LS,MF Reference,T3P2,0,0,0,0,0,0,0,0,0,0,0,0,87.5,0,Y,N,N,N,Y,0,,0,0,0,0,0,0,0,0,0,0,0,0,0,0,0,0,-0.776,,,,
AlleyLS_444,Reference,Post(4),Post(2),9/24/2024,Alley LS,MF Reference,T3P3,0,2.5,0,0,0,0,0,0,0,0,0,2.5,87.5,0,Y,N,Y,N,Y,0,,0,0,0,0,0,0,0,0,0,0,0,0,0,0,0,0,-0.662,,,,
AlleyLS_445,Reference,Post(4),Post(2),9/24/2024,Alley LS,VE Reference,T3P4,0,0,0,0,0,0,0,0,0,0,0,0,87.5,0,Y,N,Y,N,Y,0,,0,0,0,0,0,0,0,0,0,0,0,0,0,0,0,0,-0.284,,,,
AlleyLS_446,Reference,Post(4),Post(2),9/24/2024,Alley LS,VE Reference,T3P5,0,18.75,0,0,0,0,0,0,0,0,0,18.75,87.5,0,Y,N,Y,N,N,20,,68,40,26,9,76,43.8,4,4,8.5,6.4,5,5.58,0,0,0,0,1.087,,,,
AlleyLS_447,Reference,Post(4),Post(2),9/24/2024,Alley LS,VE Reference,T3P6,0,87.5,0,0,0,0,0,0,0,0,0,87.5,8.75,0,Y,N,Y,N,N,101,,84,123,89,91,82,93.8,5,4.9,5,4.1,4.5,4.7,0,0,0,0,2.993,,,,
AlleyLS_448,Reference,Post(4),Post(2),9/24/2024,Alley LS,MF Reference,T4P1,0,0,0,0,0,0,0,0,0,0,0,0,87.5,0,N,N,N,N,Y,0,,0,0,0,0,0,0,0,0,0,0,0,0,0,0,0,0,-0.875,,,,
AlleyLS_449,Reference,Post(4),Post(2),9/24/2024,Alley LS,MF Reference,T4P2,0,0,0,0,0,0,0,0,0,0,0,0,87.5,0,Y,N,Y,N,Y,0,,0,0,0,0,0,0,0,0,0,0,0,0,0,0,0,0,-0.539,,,,
AlleyLS_450,Reference,Post(4),Post(2),9/24/2024,Alley LS,MF Reference,T4P3,0,0,0,0,0,0,0,0,0,0,0,0,87.5,0,Y,N,Y,N,Y,0,,0,0,0,0,0,0,0,0,0,0,0,0,0,0,0,0,-0.192,,,,
AlleyLS_451,Reference,Post(4),Post(2),9/24/2024,Alley LS,VE Reference,T4P4,0,0,0,0,0,0,0,0,0,0,0,0,87.5,0,Y,N,Y,N,Y,0,,0,0,0,0,0,0,0,0,0,0,0,0,0,0,0,0,0.078,,,,
AlleyLS_452,Reference,Post(4),Post(2),9/24/2024,Alley LS,VE Reference,T4P5,0,8.75,0,0,0,0,0,0,0,0,0,8.75,87.5,0,Y,N,N,N,Y,7,,31,19,31,6,10,19.4,2.7,3.5,4.7,4.8,4,3.94,0,0,0,0,0.689,,,,
AlleyLS_453,Reference,Post(4),Post(2),9/24/2024,Alley LS,VE Reference,T4P6,0,62.5,0,0,0,0,0,0,0,0,0,62.5,37.5,0,N,N,N,N,N,137,,4,8,3,12,3,6,1.5,1.5,1.9,2.1,1.6,1.72,0,0,0,0,3.551,,,,
AlleyLS_454,Reference,Post(4),Post(2),9/24/2024,Alley LS,MF Reference,T5P1,0,0,0,0,0,0,0,0,0,0,0,0,87.5,0,Y,N,N,N,Y,0,,0,0,0,0,0,0,0,0,0,0,0,0,0,0,0,0,-0.83,,,,
AlleyLS_455,Reference,Post(4),Post(2),9/24/2024,Alley LS,MF Reference,T5P2,0,0,0,0,0,0,0,0,0,0,0,0,87.5,0,Y,N,N,N,Y,0,,0,0,0,0,0,0,0,0,0,0,0,0,0,0,0,0,-1.065,,,,
AlleyLS_456,Reference,Post(4),Post(2),9/24/2024,Alley LS,MF Reference,T5P3,0,2.5,0,0,0,0,0,0,0,0,0,2.5,87.5,0,Y,N,Y,N,Y,0,,0,0,0,0,0,0,0,0,0,0,0,0,0,0,0,0,-0.255,,,,
AlleyLS_457,Reference,Post(4),Post(2),9/24/2024,Alley LS,VE Reference,T5P4,0,8.75,0,0,0,0,0,0,0,0,0,8.75,87.5,0,Y,N,Y,N,N,0,,0,0,0,0,0,0,0,0,0,0,0,0,0,0,0,0,1.025,,,,
AlleyLS_458,Reference,Post(4),Post(2),9/24/2024,Alley LS,VE Reference,T5P5,0,37.5,0,0,0,0,0,0,0,0,0,37.5,62.5,0,Y,N,Y,N,N,19,,27,74,66,22,9,39.6,4.6,5,5.5,3.5,7,5.12,0,0,0,0,1.55,,,,
AlleyLS_459,Reference,Post(4),Post(2),9/24/2024,Alley LS,VE Reference,T5P6,37.5,37.5,0,0,0,0,0,0,0,0,0,75,18.75,0,Y,N,Y,N,N,62,,147,66,130,53,37,86.6,5.5,5,5.1,4.8,4.8,5.04,0,0,0,0,3.531,,,,
AlleyLS_460,Restored,Post(4),Post(2),9/24/2024,Alley LS,O.C. Restored,OC1P1,0,0,0,0,0,0,0,0,0,0,0,0,0,0,0,0,2,0,0,0,0,0,0,0,0,0,0,0,0,0,0,0,0,0,0,0,0,-0.853,,,,
AlleyLS_461,Restored,Post(4),Post(2),9/24/2024,Alley LS,O.C. Restored,OC1P2,0,0,0,0,0,0,0,0,0,0,0,0,0,0,0,0,4,0,0,0,0,0,0,0,0,0,0,0,0,0,0,0,0,0,0,0,0,0.433,,,,
AlleyLS_462,Restored,Post(4),Post(2),9/24/2024,Alley LS,O.C. Restored,OC1P3,0,0,0,0,0,0,0,0,0,0,0,0,0,0,0,0,12,0,0,0,0,0,0,0,0,0,0,0,0,0,0,0,0,0,0,0,0,-0.11,,,,
AlleyLS_463,Restored,Post(4),Post(2),9/24/2024,Alley LS,O.C. Restored,OC2P1,0,0,0,0,0,0,0,0,0,0,0,0,0,0,0,0,1,0,0,0,0,0,0,0,0,0,0,0,0,0,0,0,0,0,0,0,0,0.047,,,,
AlleyLS_464,Restored,Post(4),Post(2),9/24/2024,Alley LS,O.C. Restored,OC2P2,0,0,0,0,0,0,0,0,0,0,0,0,0,0,0,0,6,0,0,0,0,0,0,0,0,0,0,0,0,0,0,0,0,0,0,0,0,-0.557,,,,
AlleyLS_465,Restored,Post(4),Post(2),9/24/2024,Alley LS,O.C. Restored,OC2P3,0,0,0,0,0,0,0,0,0,0,0,0,0,0,0,0,11,0,1,0,0,0,0,0,0,0,0,0,0,0,0,0,0,0,0,0,0,-0.901,,,,
AlleyLS_466,Restored,Post(4),Post(2),9/24/2024,Alley LS,O.C. Restored,OC3P1,0,0,0,0,0,0,0,0,0,0,0,0,0,0,0,0,6,0,3,0,0,0,0,0,0,0,0,0,0,0,0,0,0,0,0,0,0,-0.59,,,,
AlleyLS_467,Restored,Post(4),Post(2),9/24/2024,Alley LS,O.C. Restored,OC3P2,0,0,0,0,0,0,0,0,0,0,0,0,0,0,0,0,8,0,8,0,0,0,0,0,0,0,0,0,0,0,0,0,0,0,0,0,0,-1.033,,,,
AlleyLS_468,Restored,Post(4),Post(2),9/24/2024,Alley LS,O.C. Restored,OC3P3,0,0,0,0,0,0,0,0,0,0,0,0,0,0,0,0,6,0,0,0,0,0,0,0,0,0,0,0,0,0,0,0,0,0,0,0,0,-0.466,,,,
AlleyLS_469,Restored,Post(4),Post(2),9/24/2024,Alley LS,O.C. Restored,OC4P1,0,0,0,0,0,0,0,0,0,0,0,0,0,0,0,0,8,0,3,0,0,0,0,0,0,0,0,0,0,0,0,0,0,0,0,0,0,-0.976,,,,
AlleyLS_470,Restored,Post(4),Post(2),9/24/2024,Alley LS,O.C. Restored,OC4P2,0,0,0,0,0,0,0,0,0,0,0,0,0,0,0,0,7,0,2,0,0,0,0,0,0,0,0,0,0,0,0,0,0,0,0,0,0,-0.068,,,,
AlleyLS_471,Restored,Post(4),Post(2),9/24/2024,Alley LS,O.C. Restored,OC4P3,0,0,0,0,0,0,0,0,0,0,0,0,0,0,0,0,16,0,1,0,0,0,0,0,0,0,0,0,0,0,0,0,0,0,0,0,0,-0.475,,,,
AlleyLS_472,Restored,Post(5),Post(3),8/25/2025,Alley LS,PS&P,T1P1,0,0,0,0,0,0,0,0,0,0,0,0,87.5,0,N,N,N,N,Y,0,,0,0,0,0,0,0,0,0,0,0,0,0,0,0,0,0,-1.492,,,,
AlleyLS_473,Restored,Post(5),Post(3),8/25/2025,Alley LS,PS&P,T1P2,0,0,0,0,0,0,0,0,0,0,0,0,87.5,0,N,N,N,N,Y,0,,0,0,0,0,0,0,0,0,0,0,0,0,0,0,0,0,-1.118,,,,
AlleyLS_474,Restored,Post(5),Post(3),8/25/2025,Alley LS,PS&P,T1P3,0,0,0,0,0,0,0,0,0,0,0,0,87.5,0,N,N,N,N,Y,0,,0,0,0,0,0,0,0,0,0,0,0,0,0,0,0,0,-0.699,,,,
AlleyLS_475,Restored,Post(5),Post(3),8/25/2025,Alley LS,PS&P,T1P4,0,0,0,0,0,0,0,0,0,0,0,0,87.5,0,N,N,N,N,N,0,,0,0,0,0,0,0,0,0,0,0,0,0,0,0,0,0,0.269,,,,
AlleyLS_476,Restored,Post(5),Post(3),8/25/2025,Alley LS,PS&P,T1P5,0,0,0,0,0,0,0,0,0,0,0,0,87.5,0,N,N,N,N,N,0,,0,0,0,0,0,0,0,0,0,0,0,0,0,0,0,0,0.862,,,,
AlleyLS_477,Restored,Post(5),Post(3),8/25/2025,Alley LS,PS&EV,T1P6,0,0,0,0,0,0,0,0,0,0,0,0,87.5,0,N,N,N,N,N,0,,0,0,0,0,0,0,0,0,0,0,0,0,0,0,0,0,2.068,,,,
AlleyLS_478,Restored,Post(5),Post(3),8/25/2025,Alley LS,PS&P,T2P1,0,0,0,0,0,0,0,0,0,0,0,0,87.5,0,N,N,N,N,Y,0,,0,0,0,0,0,0,0,0,0,0,0,0,0,0,0,0,-1.47,,,,
AlleyLS_479,Restored,Post(5),Post(3),8/25/2025,Alley LS,PS&P,T2P2,0,0,0,0,0,0,0,0,0,0,0,0,87.5,0,N,N,N,N,Y,0,,0,0,0,0,0,0,0,0,0,0,0,0,0,0,0,0,-1.206,,,,
AlleyLS_480,Restored,Post(5),Post(3),8/25/2025,Alley LS,PS&P,T2P3,0,0,0,0,0,0,0,0,0,0,0,0,87.5,0,N,N,N,N,N,0,,0,0,0,0,0,0,0,0,0,0,0,0,0,0,0,0,-0.494,,,,
AlleyLS_481,Restored,Post(5),Post(3),8/25/2025,Alley LS,PS&P,T2P4,0,0,0,0,0,0,0,0,0,0,0,0,87.5,0,N,N,N,N,N,0,,0,0,0,0,0,0,0,0,0,0,0,0,0,0,0,0,0.579,,,,
AlleyLS_482,Restored,Post(5),Post(3),8/25/2025,Alley LS,PS&EV,T2P5,0,2.5,0,0,0,0,0,0,0,0,0,2.5,87.5,0,N,N,N,N,N,10,,11,3,21,8,7,10,3.4,1.8,2.9,1.2,0.9,2.04,0,0,0,0,1.292,,,,
AlleyLS_483,Restored,Post(5),Post(3),8/25/2025,Alley LS,PS&EV,T2P6,0,0.5,0,0,0,0,0,0,0,0,0,0.5,87.5,0,N,N,N,N,N,0,,0,0,0,0,0,0,0,0,0,0,0,0,0,0,0,0,2.99,,,,
AlleyLS_484,Restored,Post(5),Post(3),8/25/2025,Alley LS,PS&P,T3P1,0,0,0,0,0,0,0,0,0,0,0,0,87.5,0,N,N,N,N,Y,0,,0,0,0,0,0,0,0,0,0,0,0,0,0,0,0,0,-1.503,,,,
AlleyLS_485,Restored,Post(5),Post(3),8/25/2025,Alley LS,PS&P,T3P2,0,0,0,0,0,0,0,0,0,0,0,0,87.5,0,N,N,N,N,Y,0,,0,0,0,0,0,0,0,0,0,0,0,0,0,0,0,0,-0.434,,,,
AlleyLS_486,Restored,Post(5),Post(3),8/25/2025,Alley LS,PS&P,T3P3,0,0,0,0,0,0,0,0,0,0,0,0,87.5,0,N,N,N,N,N,0,,0,0,0,0,0,0,0,0,0,0,0,0,0,0,0,0,0.279,,,,
AlleyLS_487,Restored,Post(5),Post(3),8/25/2025,Alley LS,PS&EV,T3P4,0,0,0,0,0,0,0,0,0,0,0,0,87.5,0,N,N,N,N,N,0,,0,0,0,0,0,0,0,0,0,0,0,0,0,0,0,0,0.827,,,,
AlleyLS_488,Restored,Post(5),Post(3),8/25/2025,Alley LS,PS&EV,T3P5,0,8.75,0,0,0,0,0,0,0,0,0,8.75,87.5,0,N,N,N,N,N,6,,5,5,6,1,2,3.8,2.6,2.9,0.6,1.2,0.4,1.54,0,0,0,0,1.085,,,,
AlleyLS_489,Restored,Post(5),Post(3),8/25/2025,Alley LS,PS&EV,T3P6,0,8.75,0,0,0,0,0,0,0,0,0,8.75,87.5,0,N,N,N,N,N,36,,4,3,8,5,1,4.2,0.8,0.2,2.4,1.1,0.2,0.94,0,0,0,0,1.593,,,,
AlleyLS_490,Restored,Post(5),Post(3),8/25/2025,Alley LS,PS&P,T4P1,0,0,0,0,0,0,0,0,0,0,0,0,87.5,0,Y,N,N,N,N,0,,0,0,0,0,0,0,0,0,0,0,0,0,0,0,0,0,-1.785,,,,
AlleyLS_491,Restored,Post(5),Post(3),8/25/2025,Alley LS,PS&P,T4P2,0,0,0,0,0,0,0,0,0,0,0,0,87.5,0,N,N,N,N,Y,0,,0,0,0,0,0,0,0,0,0,0,0,0,0,0,0,0,-0.637,,,,
AlleyLS_492,Restored,Post(5),Post(3),8/25/2025,Alley LS,PS&P,T4P3,0,0,0,0,0,0,0,0,0,0,0,0,87.5,0,N,N,N,N,N,0,,0,0,0,0,0,0,0,0,0,0,0,0,0,0,0,0,0.343,,,,
AlleyLS_493,Restored,Post(5),Post(3),8/25/2025,Alley LS,PS&EV,T4P4,0,18.75,0,0,0,0,0,0,0,0,0,18.75,87.5,0,Y,N,N,N,N,40,,10,4,14,6,20,10.8,2.4,4.5,1.4,2.6,2.7,2.72,0,0,0,0,1.123,,,,
AlleyLS_494,Restored,Post(5),Post(3),8/25/2025,Alley LS,PS&EV,T4P5,0,2.5,0,0,0,0,0,0,0,0,0,2.5,87.5,0,N,N,N,N,N,16,,5,44,11,4,1,13,1.9,2.8,1.5,1,0.5,1.54,0,0,0,0,1.803,,,,
AlleyLS_495,Restored,Post(5),Post(3),8/25/2025,Alley LS,PS&EV,T4P6,0,87.5,0,0,0,0,0,0,0,0,0,87.5,18.75,0,Y,N,N,N,N,36,,103,119,73,84,9,77.6,7.7,6.5,5.6,4.2,3.3,5.46,0,0,0,0,3.257,,,,
AlleyLS_496,Restored,Post(5),Post(3),8/25/2025,Alley LS,PS&P,T5P1,0,0,0,0,0,0,0,0,0,0,0,0,87.5,0,Y,N,N,N,N,0,,0,0,0,0,0,0,0,0,0,0,0,0,0,0,0,0,-1.132,,,,
AlleyLS_497,Restored,Post(5),Post(3),8/25/2025,Alley LS,PS&P,T5P2,0,0,0,0,0,0,0,0,0,0,0,0,87.5,0,Y,N,N,N,N,0,,0,0,0,0,0,0,0,0,0,0,0,0,0,0,0,0,-0.79,,,,
AlleyLS_498,Restored,Post(5),Post(3),8/25/2025,Alley LS,PS&P,T5P3,0,0,0,0,0,0,0,0,0,0,0,0,87.5,0,N,N,N,N,N,0,,0,0,0,0,0,0,0,0,0,0,0,0,0,0,0,0,-0.064,,,,
AlleyLS_499,Restored,Post(5),Post(3),8/25/2025,Alley LS,PS&EV,T5P4,0,0,0,0,0,0,0,0,0,0,0,0,87.5,0,N,N,N,N,N,0,,0,0,0,0,0,0,0,0,0,0,0,0,0,0,0,0,0.656,,,,
AlleyLS_500,Restored,Post(5),Post(3),8/25/2025,Alley LS,PS&EV,T5P5,0,8.75,0,0,0,0,0,0,0,0,0,8.75,87.5,0,N,N,N,N,N,13,,5,12,9,2,5,6.6,6,4.6,1.3,0.9,1.4,2.84,0,0,0,0,1.32,,,,
AlleyLS_501,Restored,Post(5),Post(3),8/25/2025,Alley LS,PS&EV,T5P6,0,18.75,0,0,0,0,0,0,0,0,0,18.75,87.5,0,N,N,Y,N,N,16,,115,5,10,7,3,28,5.3,1.4,1.7,1.6,0.6,2.12,0,0,0,0,,,,,
AlleyLS_502,Reference,Post(5),Post(3),8/28/2025,Alley LS,MF Reference,T1P1,0,0,0,0,0,0,0,0,0,0,0,0,87.5,0,Y,N,N,N,N,0,,0,0,0,0,0,0,0,0,0,0,0,0,0,0,0,0,-0.62,,,,
AlleyLS_503,Reference,Post(5),Post(3),8/28/2025,Alley LS,MF Reference,T1P2,0,0,0,0,0,0,0,0,0,0,0,0,87.5,0,Y,N,N,N,N,0,,0,0,0,0,0,0,0,0,0,0,0,0,0,0,0,0,-0.252,,,,
AlleyLS_504,Reference,Post(5),Post(3),8/28/2025,Alley LS,MF Reference,T1P3,0,0,0,0,0,0,0,0,0,0,0,0,87.5,0,Y,N,N,N,N,0,,0,0,0,0,0,0,0,0,0,0,0,0,0,0,0,0,0.092,,,,
AlleyLS_505,Reference,Post(5),Post(3),8/28/2025,Alley LS,VE Reference,T1P4,0,37.5,0,0,0,0,0,0,0,0,0,37.5,62.5,0,Y,N,Y,N,N,0,,0,0,0,0,0,0,0,0,0,0,0,0,0,0,0,0,0.202,,,,
AlleyLS_506,Reference,Post(5),Post(3),8/28/2025,Alley LS,VE Reference,T1P5,0,87.5,0,0,0,0,0,0,0,0,0,87.5,18.75,0,N,N,Y,N,N,66,,137,140,80,10,134,100.2,6,4.2,4.4,7.9,5.1,5.52,0,0,0,0,1.334,,,,
AlleyLS_507,Reference,Post(5),Post(3),8/28/2025,Alley LS,VE Reference,T1P6,0,87.5,0,0,0,0,0,0,0,0,0,87.5,18.75,0,Y,N,Y,N,N,64,,68,141,44,117,109,95.8,3.6,8,2.1,4.8,5.2,4.74,0,0,0,0,2.186,,,,
AlleyLS_508,Reference,Post(5),Post(3),8/28/2025,Alley LS,MF Reference,T2P1,0,0,0,0,0,0,0,0,0,0,0,0,87.5,0,Y,N,N,N,Y,0,,0,0,0,0,0,0,0,0,0,0,0,0,0,0,0,0,-1.47,,,,
AlleyLS_509,Reference,Post(5),Post(3),8/28/2025,Alley LS,MF Reference,T2P2,0,0,0,0,0,0,0,0,0,0,0,0,87.5,0,Y,N,N,N,Y,0,,0,0,0,0,0,0,0,0,0,0,0,0,0,0,0,0,-1.102,,,,
AlleyLS_510,Reference,Post(5),Post(3),8/28/2025,Alley LS,MF Reference,T2P3,0,0,0,0,0,0,0,0,0,0,0,0,87.5,0,Y,N,N,N,N,0,,0,0,0,0,0,0,0,0,0,0,0,0,0,0,0,0,-0.701,,,,
AlleyLS_511,Reference,Post(5),Post(3),8/28/2025,Alley LS,VE Reference,T2P4,0,87.5,0,0,0,0,0,0,0,0,0,87.5,18.75,0.5,Y,N,Y,N,N,70,,144,145,93,144,164,138,5.9,5.5,5.7,6,6,5.82,0,0,0,0,0.091,,,,
AlleyLS_512,Reference,Post(5),Post(3),8/28/2025,Alley LS,VE Reference,T2P5,0,87.5,0,0,0,0,0,0,0,0,0,87.5,18.75,0,Y,N,Y,N,N,68,,142,103,87,158,160,130,4.8,6.2,4.9,7,5.5,5.68,0,0,0,0,0.458,,,,
AlleyLS_513,Reference,Post(5),Post(3),8/28/2025,Alley LS,VE Reference,T2P6,0,62.5,0,0,0,0,0,0,0,0,0,62.5,37.5,0,Y,N,Y,N,N,72,,74,182,77,172,132,127.4,4.3,5.7,5.7,6.7,4.7,5.42,0,0,0,0,1.122,,,,
AlleyLS_514,Reference,Post(5),Post(3),8/28/2025,Alley LS,MF Reference,T3P1,0,0,0,0,0,0,0,0,0,0,0,0,87.5,0,Y,N,N,N,N,0,,0,0,0,0,0,0,0,0,0,0,0,0,0,0,0,0,-0.772,,,,
AlleyLS_515,Reference,Post(5),Post(3),8/28/2025,Alley LS,MF Reference,T3P2,0,0,0,0,0,0,0,0,0,0,0,0,87.5,0,Y,N,N,N,N,0,,0,0,0,0,0,0,0,0,0,0,0,0,0,0,0,0,-0.846,,,,
AlleyLS_516,Reference,Post(5),Post(3),8/28/2025,Alley LS,MF Reference,T3P3,0,8.75,0,0,0,0,0,0,0,0,0,8.75,87.5,0,Y,N,Y,N,N,0,,0,0,0,0,0,0,0,0,0,0,0,0,0,0,0,0,-0.746,,,,
AlleyLS_517,Reference,Post(5),Post(3),8/28/2025,Alley LS,VE Reference,T3P4,0,0,0,0,0,0,0,0,0,0,0,0,87.5,0,Y,N,N,N,Y,0,,0,0,0,0,0,0,0,0,0,0,0,0,0,0,0,0,-0.743,,,,
AlleyLS_518,Reference,Post(5),Post(3),8/28/2025,Alley LS,VE Reference,T3P5,0,18.75,0,0,0,0,0,0,0,0,0,18.75,87.5,0,Y,N,Y,N,N,0,,0,0,0,0,0,0,0,0,0,0,0,0,0,0,0,0,0.161,,,,
AlleyLS_519,Reference,Post(5),Post(3),8/28/2025,Alley LS,VE Reference,T3P6,0,87.5,0,0,0,0,0,0,0,0,0,87.5,18.75,0,N,N,Y,N,N,85,,76,106,95,102,115,98.8,4.1,5,4.8,4.4,5.9,4.84,0,0,0,0,2.989,,,,
AlleyLS_520,Reference,Post(5),Post(3),8/28/2025,Alley LS,MF Reference,T4P1,0,0,0,0,0,0,0,0,0,0,0,0,87.5,0,Y,N,N,N,Y,0,,0,0,0,0,0,0,0,0,0,0,0,0,0,0,0,0,-0.935,,,,
AlleyLS_521,Reference,Post(5),Post(3),8/28/2025,Alley LS,MF Reference,T4P2,0,0,0,0,0,0,0,0,0,0,0,0,87.5,0,Y,N,N,N,Y,0,,0,0,0,0,0,0,0,0,0,0,0,0,0,0,0,0,-0.871,,,,
AlleyLS_522,Reference,Post(5),Post(3),8/28/2025,Alley LS,MF Reference,T4P3,0,0,0,0,0,0,0,0,0,0,0,0,87.5,0,Y,N,Y,N,Y,0,,0,0,0,0,0,0,0,0,0,0,0,0,0,0,0,0,-0.885,,,,
AlleyLS_523,Reference,Post(5),Post(3),8/28/2025,Alley LS,VE Reference,T4P4,0,8.75,0,0,0,0,0,0,0,0,0,8.75,87.5,0,Y,N,N,N,N,7,,12,48,12,39,1,22.4,4,5.4,4,3.9,1.5,3.76,0,0,0,0,0.048,,,,
AlleyLS_524,Reference,Post(5),Post(3),8/28/2025,Alley LS,VE Reference,T4P5,0,2.5,0,0,0,0,0,0,0,0,0,2.5,87.5,0,Y,N,N,N,N,8,,81,61,14,15,3,34.8,4.8,4,5,5.6,2,4.28,0,0,0,0,0.335,,,,
AlleyLS_525,Reference,Post(5),Post(3),8/28/2025,Alley LS,VE Reference,T4P6,0,62.5,0,0,0,0,0,0,0,0,0,62.5,37.5,0,N,N,N,N,N,93,,11,6,5,11,5,7.6,1.8,1.9,2.2,2.2,1.5,1.92,0,0,0,0,3.44,,,,
AlleyLS_526,Reference,Post(5),Post(3),8/28/2025,Alley LS,MF Reference,T5P1,0,0,0,0,0,0,0,0,0,0,0,0,87.5,0,Y,N,N,N,N,0,,0,0,0,0,0,0,0,0,0,0,0,0,0,0,0,0,-0.881,,,,
AlleyLS_527,Reference,Post(5),Post(3),8/28/2025,Alley LS,MF Reference,T5P2,0,0,0,0,0,0,0,0,0,0,0,0,87.5,0,Y,N,N,N,Y,0,,0,0,0,0,0,0,0,0,0,0,0,0,0,0,0,0,-1.135,,,,
AlleyLS_528,Reference,Post(5),Post(3),8/28/2025,Alley LS,MF Reference,T5P3,0,0,0,0,0,0,0,0,0,0,0,0,87.5,0,Y,N,N,N,Y,0,,0,0,0,0,0,0,0,0,0,0,0,0,0,0,0,0,-0.529,,,,
AlleyLS_529,Reference,Post(5),Post(3),8/28/2025,Alley LS,VE Reference,T5P4,0,18.75,0,0,0,0,0,0,0,0,0,18.75,87.5,0,N,N,Y,N,N,18,,140,54,37,58,80,73.8,5.9,6.1,5.5,5.5,6.2,5.84,0,0,0,0,0.542,,,,
AlleyLS_530,Reference,Post(5),Post(3),8/28/2025,Alley LS,VE Reference,T5P5,0,8.75,0,0,0,0,0,0,0,0,0,8.75,87.5,0.5,Y,N,Y,N,N,6,,102,57,53,30,9,50.2,4.7,4,4.8,5.6,5.5,4.92,0,0,0,0,1.144,,,,
AlleyLS_531,Reference,Post(5),Post(3),8/28/2025,Alley LS,VE Reference,T5P6,62.5,18.75,0,0,0,0,2.5,0,0,0,0,83.75,18.75,0,Y,N,Y,N,N,20,,58,36,15,56,54,43.8,4.3,5,6.5,5.1,3.5,4.88,0,0,0,0,3.227,,,,
AlleyLS_532,Restored,Post(5),Post(3),9/3/2025,Alley LS,O.C. Restored,OC1P1,0,0,0,0,0,0,0,0,0,0,0,0,0,0,0,0,4,0,0,0,0,0,0,0,0,0,0,0,0,0,0,0,0,0,0,0,0,-1.096,,,,
AlleyLS_533,Restored,Post(5),Post(3),9/3/2025,Alley LS,O.C. Restored,OC1P2,0,0,0,0,0,0,0,0,0,0,0,0,0,0,0,0,10,0,0,0,0,0,0,0,0,0,0,0,0,0,0,0,0,0,0,0,0,-0.274,,,,
AlleyLS_534,Restored,Post(5),Post(3),9/3/2025,Alley LS,O.C. Restored,OC1P3,0,0,0,0,0,0,0,0,0,0,0,0,0,0,0,0,20,0,0,0,0,0,0,0,0,0,0,0,0,0,0,0,0,0,0,0,0,-0.836,,,,
AlleyLS_535,Restored,Post(5),Post(3),9/3/2025,Alley LS,O.C. Restored,OC2P1,0,0,0,0,0,0,0,0,0,0,0,0,0,0,0,0,11,0,0,0,0,0,0,0,0,0,0,0,0,0,0,0,0,0,0,0,0,-0.753,,,,
AlleyLS_536,Restored,Post(5),Post(3),9/3/2025,Alley LS,O.C. Restored,OC2P2,0,0,0,0,0,0,0,0,0,0,0,0,0,0,0,0,25,0,0,0,0,0,0,0,0,0,0,0,0,0,0,0,0,0,0,0,0,-0.697,,,,
AlleyLS_537,Restored,Post(5),Post(3),9/3/2025,Alley LS,O.C. Restored,OC2P3,0,0,0,0,0,0,0,0,0,0,0,0,0,0,0,0,24,0,0,0,0,0,0,0,0,0,0,0,0,0,0,0,0,0,0,0,0,-1.363,,,,
AlleyLS_538,Restored,Post(5),Post(3),9/3/2025,Alley LS,O.C. Restored,OC3P1,0,0,0,0,0,0,0,0,0,0,0,0,0,0,0,0,21,0,0,0,0,0,0,0,0,0,0,0,0,0,0,0,0,0,0,0,0,-1.079,,,,
AlleyLS_539,Restored,Post(5),Post(3),9/3/2025,Alley LS,O.C. Restored,OC3P2,0,0,0,0,0,0,0,0,0,0,0,0,0,0,0,0,16,0,0,0,0,0,0,0,0,0,0,0,0,0,0,0,0,0,0,0,0,-1.295,,,,
AlleyLS_540,Restored,Post(5),Post(3),9/3/2025,Alley LS,O.C. Restored,OC3P3,0,0,0,0,0,0,0,0,0,0,0,0,0,0,0,0,27,0,0,0,0,0,0,0,0,0,0,0,0,0,0,0,0,0,0,0,0,-1.448,,,,
AlleyLS_541,Restored,Post(5),Post(3),9/3/2025,Alley LS,O.C. Restored,OC4P1,0,0,0,0,0,0,0,0,0,0,0,0,0,0,0,0,15,0,1,0,0,0,0,0,0,0,0,0,0,0,0,0,0,0,0,0,0,-1.047,,,,
AlleyLS_542,Restored,Post(5),Post(3),9/3/2025,Alley LS,O.C. Restored,OC4P2,0,0,0,0,0,0,0,0,0,0,0,0,0,0,0,0,17,0,0,0,0,0,0,0,0,0,0,0,0,0,0,0,0,0,0,0,0,-0.603,,,,
AlleyLS_543,Restored,Post(5),Post(3),9/3/2025,Alley LS,O.C. Restored,OC4P3,0,0,0,0,0,0,0,0,0,0,0,0,0,0,0,0,13,0,0,0,0,0,0,0,0,0,0,0,0,0,0,0,0,0,0,0,0,-0.623,,,,
