Rest/Ref,Age (yr),Date,Site Name,Area,HM or LM,Plot,PHAU,SPAL,SPPA,DISP,SOSE,IVFR,SADE,JUGE,ATPA,LICA,BAHA,SUMA,SPMA,SYSU,ALGAE,SYTE,CEOR,Total Cover,Unveg,WRK,GRB,Lit,CrabBur,Snail_COUNT ,Mussel_Count,SPAL Stem Count,Flower Cover,SPPA Stem Count,Flower Cover,DISP Stem Count,Flower Cover,JUGE Stem Count,Flower Cover,PHAU Stem Count,Flower Cover,LICA Stem Count,Flower Cover,SPAL_H1 (cm),SPAL_H2 (cm),SPAL_H3 (cm),SPAL_H4 (cm),SPAL_H5 (cm),SPAL_H_Avg,SPAL_D1(cm),SPAL_D2(cm),SPAL_D3(cm),SPAL_D4(cm),SPAL_D5 (cm),SPAL_D_Avg,Elevation ft,GraphName
Restored,Pre21,9/15/2021,Idlewild,Pre21RestoredHM,HM,1,0,37.5,0,0,0,0,8.75,0,0,0,0,0,0,0,0,0,0,46.25,37.5,0.5,2.5,0,0,0,10,27,0,0,0,0,0,0,0,0,0,0,0,66,67,53,27,5,43.6,5,4.6,3.4,4.4,3,4.08,2.27,Restored HM
Restored,Pre21,9/15/2021,Idlewild,Pre21RestoredHM,HM,2,0,62.5,0,0,0,0,0,0,0,0,0,0,0,0,0,0,0,62.5,18.75,0.5,2.5,0,5,0,40,51,0,0,0,0,0,0,0,0,0,0,0,71,32,72.5,41,57.5,54.8,3.8,5.6,5.7,3.5,4.5,4.62,2.198,Restored HM
Restored,Pre21,9/15/2021,Idlewild,Pre21RestoredHM,HM,3,0,62.5,0,0,0,0,0,0,0,0,0,0,0,0,0,0,0,62.5,37.5,0,0,0,0,0,5,43,0,0,0,0,0,0,0,0,0,0,0,28,41,16.5,18,89.5,38.6,3,6.3,4.2,3.7,5.1,4.46,2.322,Restored HM
Restored,Pre21,9/15/2021,Idlewild,Pre21RestoredHM,HM,4,0,37.5,0,0,0,0,2.5,0,0,0,0,0,0,0,0,0,0,40,37.5,0,18.75,0,0,0,0,26,0,0,0,0,0,0,0,0,0,0,0,25,11,40.05,16,10.5,20.51,5,4.1,3,3.9,2,3.6,2.408,Restored HM
Restored,Pre21,9/15/2021,Idlewild,Pre21RestoredHM,HM,5,0,62.5,0,0,0,0,0,0,0,0,0,0,0,0,0,0,0,62.5,18.75,0,0,0,0,2,5,77,0,0,0,0,0,0,0,0,0,0,0,57,25,41,30,25,35.6,1.6,3,3.4,1.8,2.5,2.46,2.251,Restored HM
Restored,Pre21,9/15/2021,Idlewild,Pre21RestoredHM,HM,6,0,37.5,0,0,0,0,0,0,0,0,0,0,0,0,0,0,0,37.5,37.5,0,2.5,0,0,0,30,57,0,0,0,0,0,0,0,0,0,0,0,60,85.5,81.5,71,28.5,65.3,6.5,8,5.6,4,4,5.62,2.127,Restored HM
Restored,Pre21,9/15/2021,Idlewild,Pre21RestoredHM,HM,7,0,37.5,0,0,0,0,0,0,0,0,0,0,0,0,0,0,0,37.5,37.5,2.5,18.75,0,5,0,20,24,0,0,0,0,0,0,0,0,0,0,0,74.5,28.5,24,20.5,39,37.3,7.2,5,4.3,4,5.7,5.24,2.369,Restored HM
Restored,Pre21,9/15/2021,Idlewild,Pre21RestoredHM,HM,8,0,37.5,0,0,0,0,0,0,0,0,0,0,0,0,0,0,0,37.5,62.5,0,0,0,0,62,45,0,0,0,0,0,0,0,0,0,0,0,0,0,0,0,0,0,0,0,0,0,0,0,0,1.252,Restored HM
Restored,Pre21,9/15/2021,Idlewild,Pre21RestoredHM,HM,9,0,62.5,0,0,0,0,0,0,0,0,0,0,0,0,0,0,0,62.5,37.5,0,18.75,0,0,0,70,34,0,0,0,0,0,0,0,0,0,0,0,55.5,49,40,52,43,47.9,5.3,4.5,3.5,8,4.6,5.18,1.864,Restored HM
Restored,Pre21,9/15/2021,Idlewild,Pre21RestoredHM,HM,10,0,62.5,0,0,0,0,0,0,0,0,0,0,0,0,0,0,0,62.5,0,0,37.5,0,3,0,20,48,0,0,0,0,0,0,0,0,0,0,0,19,28,20.5,68,13,29.7,5.7,4,4.6,7.2,2.8,4.86,2.329,Restored HM
Restored,Pre21,9/15/2021,Idlewild,Pre21RestoredHM,HM,11,0,62.5,0.5,0.5,0,0,0,0,0,0,0,0,0,0,0,0,0,63.5,37.5,0,0,8.75,2,0,5,28,0,0,0,0,0,0,0,0,0,0,0,16.5,13,51,22.5,31,26.8,6.6,2.49,5.3,4.5,4,4.578,2.481,Restored HM
Restored,Pre21,9/15/2021,Idlewild,Pre21RestoredHM,HM,12,0,37.5,0,2.5,0,0,0,0,0,0,0,0,0,0,0,0,0,40,18.75,18.75,0,8.75,0,0,15,23,0,0,0,0,0,0,0,0,0,0,0,26.5,29,29,20.5,14.5,23.9,3.7,3.6,2.9,2.8,2.8,3.16,2.485,Restored HM
Restored,Pre21,9/15/2021,Idlewild,Pre21RestoredHM,HM,13,0,62.5,0,0,0,0,0,0,0,0,0,0,0,0,0,0,0,62.5,37.5,0,0,2.5,0,0,0,28,0,0,0,0,0,0,0,0,0,0,0,45.5,21,79.5,28.5,14,37.7,3.5,1.5,4.9,2,2.2,2.82,2.435,Restored HM
Restored,Pre21,9/15/2021,Idlewild,Pre21RestoredHM,HM,14,0,62.5,0.5,0,0,0,0,0,0,0,0,0,0,0,0,0,0,63,37.5,0,2.5,8.75,0,0,15,43,0,0,0,0,0,0,0,0,0,0,0,11.5,22.5,14,24,16,17.6,6,3.5,4.5,3.4,3.5,4.18,2.563,Restored HM
Restored,Pre21,9/15/2021,Idlewild,Pre21RestoredHM,HM,15,0,62.5,8.75,2.5,0,0,0,0,0,0,0,0,0,0,0,0,0,73.75,18.75,0,0,0,0,0,10,53,0,0,0,0,0,0,0,0,0,0,0,65,20,65,24.5,29,40.7,7.7,3.5,8,5,5.4,5.92,2.45,Restored HM
Restored,Pre21,9/15/2021,Idlewild,Pre21RestoredLM,LM,1,0,37.5,0,0,0,0,0,0,0,0,0,0,0,0,0,0,0,37.5,37.5,0,2.5,0,0,52,10,23,0,0,0,0,0,0,0,0,0,0,0,102,23.5,90.5,25,27,53.6,7.6,3.9,7.4,4.6,3,5.3,1.71,Restored LM
Restored,Pre21,9/15/2021,Idlewild,Pre21RestoredLM,LM,2,0,62.5,0,0,0,0,0,0,0,0,0,0,0,0,0,0,0,62.5,37.5,0,0,0,0,0,35,42,0,0,0,0,0,0,0,0,0,0,0,12,24.5,28,30.5,80.5,35.1,4.5,3.1,3.5,6.3,5.2,4.52,2.196,Restored LM
Restored,Pre21,9/15/2021,Idlewild,Pre21RestoredLM,LM,3,0,0,0,0,0,0,0,0,0,0,0,0,0,0,0,0,0,0,87.5,0,0,0,0,333,3,0,0,0,0,0,0,0,0,0,0,0,0,0,0,0,0,0,0,0,0,0,0,0,0,0.549,Restored LM
Restored,Pre21,9/15/2021,Idlewild,Pre21RestoredLM,LM,4,0,0,0,0,0,0,0,0,0,0,0,0,0,0,0,0,0,0,87.5,0,0,0,0,150,7,0,0,0,0,0,0,0,0,0,0,0,0,0,0,0,0,0,0,0,0,0,0,0,0,-0.426,Restored LM
Restored,Pre21,9/15/2021,Idlewild,Pre21RestoredLM,LM,5,0,37.5,0,0,0,0,0,0,0,0,0,0,0,0,0,0,0,37.5,62.5,0,0,0,3,0,40,32,0,0,0,0,0,0,0,0,0,0,0,75,9.5,37.5,65,13,40,6,5,4.8,7.4,4.9,5.62,2.17,Restored LM
Restored,Pre21,9/15/2021,Idlewild,Pre21RestoredLM,LM,6,0,37.5,0,0,0,0,0,0,0,0,0,0,0,0,0,0,0,37.5,62.5,0,18.75,0,3,0,50,30,0,0,0,0,0,0,0,0,0,0,0,81,51,76,38,79,65,6.2,6.3,6.9,5,4.8,5.84,0.77,Restored LM
Restored,Pre21,9/15/2021,Idlewild,Pre21RestoredLM,LM,7,0,62.5,0,0,0,0,0,0,0,0,0,0,0,0,0,0,0,62.5,37.5,0,2.5,0,3,0,25,60,0,0,0,0,0,0,0,0,0,0,0,31,28,27.5,21.5,22.5,26.1,3.8,7,4.4,3.3,5.5,4.8,2.241,Restored LM
Restored,Pre21,9/15/2021,Idlewild,Pre21RestoredLM,LM,8,0,37.5,0,0,0,0,2.5,0,0,0,0,0,0,0,0,0,0,40,62.5,0,0,0,2,0,50,41,0,0,0,0,0,0,0,0,0,0,0,89,113.5,133,81,81,99.5,6,8,7.1,4.5,4,5.92,1.727,Restored LM
Restored,Pre21,9/15/2021,Idlewild,Pre21RestoredLM,LM,9,0,62.5,0,0,0,0,0,0,0,0,0,0,0,0,0,0,0,62.5,37.5,0,2.5,0,0,50,65,72,0,0,0,0,0,0,0,0,0,0,0,99,41,32.5,18,63.5,50.8,3.7,2.6,2,2.5,4.2,3,1.075,Restored LM
Restored,Pre21,9/15/2021,Idlewild,Pre21RestoredLM,LM,10,0,37.5,0,0,0,0,0,0,0,0,0,0,0,0,0,0,0,37.5,62.5,0,0.5,8.75,0,120,110,36,0,0,0,0,0,0,0,0,0,0,0,84.5,91.5,71,33.5,20,60.1,3.5,4.4,3,2.3,3,3.24,0.643,Restored LM
Restored,Pre21,9/15/2021,Idlewild,Pre21RestoredLM,LM,11,0,37.5,0,0,0,0,0,0,0,0,0,0,0,0,0,0,0,37.5,62.5,0,2.5,0,0,15,60,63,0,0,0,0,0,0,0,0,0,0,0,60.5,66,56,56,75,62.7,3.5,3.5,2.9,3,4,3.38,1.466,Restored LM
Restored,Pre21,9/15/2021,Idlewild,Pre21RestoredLM,LM,12,0,87.5,0.5,0,0,0,0,0,0,0,0,0,0,0,0,0,0,88,8.75,0,0,0,3,0,50,64,0,0,0,0,0,0,0,0,0,0,0,21,30.5,25.5,22.5,30,25.9,4.2,4,5,3.5,5.6,4.46,2.33,Restored LM
Restored,Pre21,9/15/2021,Idlewild,Pre21RestoredLM,LM,13,0,37.5,0,0,0,0,0,0,0,0,0,0,0,0,0,0,0,37.5,62.5,0,8.75,0,0,5,120,36,0,0,0,0,0,0,0,0,0,0,0,48.5,39.5,103.5,69.5,101.5,72.5,9.1,6.8,7.4,7.2,7.6,7.62,1.683,Restored LM
Restored,Pre21,9/15/2021,Idlewild,Pre21RestoredLM,LM,14,0,62.5,0,0,0,0,0,0,0,0,0,0,0,0,0,0,0,62.5,37.5,0,0,0,2,0,100,50,0,0,0,0,0,0,0,0,0,0,0,89,22,30,31,62,46.8,5.5,5.3,5.5,8.2,5.8,6.06,2.099,Restored LM
Restored,Pre21,9/15/2021,Idlewild,Pre21RestoredLM,LM,15,0,37.5,0,0,0,0,0,0,0,0,0,0,0,0,0,0,0,37.5,37.5,18.75,18.75,2.5,1,1,6,18,0,0,0,0,0,0,0,0,0,0,0,21,41,38,33.5,20.5,30.8,4,4,5,3.7,3.2,3.98,2.296,Restored LM
Reference,Pre21,9/8/2021,Idlewild,Pre21ReferenceHM,HM,1,18.75,0.5,62.5,37.5,0,0,0,0,0,0,0,0,0,0,0,0.5,0,119.75,2.5,0,0.5,0,0,0,0,0,0,300,0,100,0,0,0,4,0,0,0,0,0,0,0,0,0,0,0,0,0,0,0,2.886,Reference HM
Reference,Pre21,9/8/2021,Idlewild,Pre21ReferenceHM,HM,2,0,2.5,87.5,18.75,0,0,0,0,0,0,0,0,0,0,0,0,0,108.75,0,0,0,0,0,0,0,1,0,400,0,20,0,0,0,0,0,0,0,4,0,0,0,0,0.8,6,0,0,0,0,1.2,3.045,Reference HM
Reference,Pre21,9/8/2021,Idlewild,Pre21ReferenceHM,HM,3,0,8.75,62.5,37.5,0,0,0,0,0,0.5,0,0,0,0,0,2.5,0,111.45,2.5,0,2.5,0,0,0,0,0,0,0,0,0,0,0,0,0,0,0,0,0,0,0,0,0,0,0,0,0,0,0,0,2.952,Reference HM
Reference,Pre21,9/8/2021,Idlewild,Pre21ReferenceHM,HM,4,0,0.5,62.5,37.5,0,0,0,0,0,0,0,0,0,0,0,0,0,100.5,0,0,0,0,0,0,0,0,0,0,0,0,0,0,0,0,0,0,0,0,0,0,0,0,0,0,0,0,0,0,0,3.066,Reference HM
Reference,Pre21,9/8/2021,Idlewild,Pre21ReferenceHM,HM,5,0,18.75,62.5,37.5,0,0,0,0,0,0,0,0,0,0,0,2.5,0,118.75,2.5,0,0,0,0,0,0,7,0,0,0,0,0,0,0,0,0,0,0,11,20.5,4,12.5,10.5,11.7,3.9,6.3,4.2,2.8,4.2,4.28,3.041,Reference HM
Reference,Pre21,9/8/2021,Idlewild,Pre21ReferenceHM,HM,6,0,0.5,62.5,37.5,0,0,0,0,0,0,0,0,0,0,0,0,0,100.5,0,0,0,0,0,0,0,0,0,800,0,200,0,0,0,0,0,0,0,0,0,0,0,0,0,0,0,0,0,0,0,3.151,Reference HM
Reference,Pre21,9/8/2021,Idlewild,Pre21ReferenceHM,HM,7,0,0,62.5,37.5,0,0,0,0,0,0,0,0,0,0,0,0,0,100,0,0,0,0,0,0,0,0,0,0,0,0,0,0,0,0,0,0,0,0,0,0,0,0,0,0,0,0,0,0,0,3.142,Reference HM
Reference,Pre21,9/8/2021,Idlewild,Pre21ReferenceHM,HM,8,0.5,0,62.5,37.5,0,0,0,0,0,0,0,0,0,0,0,0.5,0,100.5,0,0,0,0,0,0,0,0,0,0,0,0,0,0,0,0,0,0,0,0,0,0,0,0,0,0,0,0,0,0,0,3.077,Reference HM
Reference,Pre21,9/8/2021,Idlewild,Pre21ReferenceHM,HM,9,0.5,0,62.5,37.5,0,0,0,0,0.5,0,0,0,0,0,0,0.5,0,101.5,0,0,0,0,0,0,0,0,0,850,0,150,0,0,0,0,0,0,0,0,0,0,0,0,0,0,0,0,0,0,0,3.106,Reference HM
Reference,Pre21,9/8/2021,Idlewild,Pre21ReferenceHM,HM,10,0,0,62.5,37.5,0,0,0,0,0,0,0,0,0,0,0,0,0,100,0,0,0.5,0,0,0,0,0,0,850,0,150,0,0,0,0,0,0,0,0,0,0,0,0,0,0,0,0,0,0,0,3.088,Reference HM
Reference,Pre21,9/8/2021,Idlewild,Pre21ReferenceHM,HM,11,0.5,0,62.5,37.5,0,0,0,0,0,0,0,0,0,0,0,0,0,100,0,0,0,0,0,0,0,0,0,850,0,150,0,0,0,0,0,0,0,0,0,0,0,0,0,0,0,0,0,0,0,3.086,Reference HM
Reference,Pre21,9/8/2021,Idlewild,Pre21ReferenceHM,HM,12,0,0,62.5,37.5,0,0,0,0,0,0,0,0,0,0,0,0,0,100,0,0,0.5,0,0,0,0,0,0,850,0,150,0,0,0,0,0,0,0,0,0,0,0,0,0,0,0,0,0,0,0,3.196,Reference HM
Reference,Pre21,9/8/2021,Idlewild,Pre21ReferenceHM,HM,13,0,0,62.5,37.5,0,0,0,0,0,0,0,0,0,0,0,0,0,100,0,0,0,0,0,0,0,0,0,850,0,150,0,0,0,0,0,0,0,0,0,0,0,0,0,0,0,0,0,0,0,3.294,Reference HM
Reference,Pre21,9/8/2021,Idlewild,Pre21ReferenceHM,HM,14,0,0,62.5,37.5,0,0,0,0,0,0,0,0,0,0,0,0,0,100,0.5,0,0,0,0,0,0,0,0,850,0,150,0,0,0,0,0,0,0,0,0,0,0,0,0,0,0,0,0,0,0,3.19,Reference HM
Reference,Pre21,9/8/2021,Idlewild,Pre21ReferenceHM,HM,15,0,0,62.5,37.5,0,0,0,0,0,0,0,0,0,0,0,0,0,100,0,0,0,0,0,0,0,0,0,850,0,150,0,0,0,0,0,0,0,0,0,0,0,0,0,0,0,0,0,0,0,3.247,Reference HM
Reference,Pre21,9/8/2021,Idlewild,Pre21ReferenceLM,LM,1,0,62.5,0,0,0,0,0,0,0,0,0,0,0,0,0,0,0,62.5,37.5,0,0.5,0,1,0,3,40,0,0,0,0,0,0,0,0,0,0,0,27,101,26.5,25.5,42.5,44.5,5.9,6.4,4.2,3.5,2.9,4.58,2.161,Reference LM
Reference,Pre21,9/8/2021,Idlewild,Pre21ReferenceLM,LM,2,0,37.5,0,0,0,0,0,0,0,0,0,0,0,0,0,0,0,37.5,0,62.5,2.5,0,0,0,2,7,0,0,0,0,0,0,0,0,0,0,0,18,10,32,37,9.5,21.3,6.4,6,5.8,6.8,5.5,6.1,2.34,Reference LM
Reference,Pre21,9/8/2021,Idlewild,Pre21ReferenceLM,LM,3,0,62.5,0,0,0,0,0,0,0,0,0,0,0,0,0,0,0,62.5,18.75,8.75,2.5,0,0,0,2,24,0,0,0,0,0,0,0,0,0,0,0,23.5,19,23.5,25,19,22,5.6,4.1,1.9,2.4,5.5,3.9,2.363,Reference LM
Reference,Pre21,9/8/2021,Idlewild,Pre21ReferenceLM,LM,4,0,62.5,0,0,0,0,0,0,0,0,0,0,0,0,0,0,0,62.5,18.75,0,0,0,0,0,3,56,0,0,0,0,0,0,0,0,0,0,0,32.5,19,33,36,20.5,28.2,6.5,4.3,3.1,5.2,4.9,4.8,2.1,Reference LM
Reference,Pre21,9/8/2021,Idlewild,Pre21ReferenceLM,LM,5,0,37.5,0,0,0,0,0,0,0,0,0,0,0,0,0,0,0,37.5,62.5,0,18.75,0,0,0,1,23,0,0,0,0,0,0,0,0,0,0,0,42,23,74,80,50.5,53.9,7.3,5.6,8.1,8.1,7.3,7.28,2.127,Reference LM
Reference,Pre21,9/8/2021,Idlewild,Pre21ReferenceLM,LM,6,0,37.5,0,0,0,0,0,0,0,0,0,0,0,0,0,0,0,37.5,62.5,0,0,0,0,90,65,45,0,0,0,0,0,0,0,0,0,0,0,66.5,58,42,52,35.5,50.8,6.7,10.5,5,7.2,3,6.48,0.562,Reference LM
Reference,Pre21,9/8/2021,Idlewild,Pre21ReferenceLM,LM,7,0,37.5,0,0,0,0,0,0,0,0,0,0,0,0,0,0,0,37.5,62.5,0.5,0,0,5,0,20,21,0,0,0,0,0,0,0,0,0,0,0,91,46.5,45.5,35.5,27,49.1,7,6.5,4.9,4.6,5.9,5.78,1.817,Reference LM
Reference,Pre21,9/8/2021,Idlewild,Pre21ReferenceLM,LM,8,2.5,62.5,0,2.5,0,0,0,0,0,0,0,0,0,0,0,0,0,67.5,37.5,0,0.5,0,2,0,5,27,0,0,0,0,0,0,0,3,0,0,0,94.5,13.5,23,19.5,43,38.7,5.8,4.2,4.5,5.8,5.2,5.1,2.133,Reference LM
Reference,Pre21,9/8/2021,Idlewild,Pre21ReferenceLM,LM,9,0,62.5,0,0,0,0,0,0,0,0,0,0,0,0,0,0,0,62.5,37.5,0,0,0,5,2,20,48,0,0,0,0,0,0,0,0,0,0,0,149.5,48,131.5,111,45.5,97.1,7.3,4.4,6,4.1,5.5,5.46,1.25,Reference LM
Reference,Pre21,9/8/2021,Idlewild,Pre21ReferenceLM,LM,10,0,62.5,0,0,0,0,0,0,0,0,0,0,0,0,0,0,0,62.5,37.5,2.5,0,0,6,2,10,58,0,0,0,0,0,0,0,0,0,0,0,72,48.5,71,49.5,44,57,8.5,4.6,6.6,8,5.1,6.56,1.35,Reference LM
Reference,Pre21,9/8/2021,Idlewild,Pre21ReferenceLM,LM,11,0,62.5,0,0,0,0,0,0,0,0,0,0,0,0,0,0,0,62.5,37.5,0,0,0,8,0,0,38,0,0,0,0,0,0,0,0,0,0,0,78.5,48.5,27,27,21.5,40.5,6.4,8,7,3,6.4,6.16,2.112,Reference LM
Reference,Pre21,9/8/2021,Idlewild,Pre21ReferenceLM,LM,12,0,62.5,0,2.5,0,0,0,0,0,0,0,0,0,0,0,0,0,65,37.5,0,0,0,0,3,0,53,0,0,0,0,0,0,0,0,0,0,0,17,25,14.5,12.5,20,17.8,7.5,5.2,3.9,2.4,4.6,4.72,2.729,Reference LM
Reference,Pre21,9/8/2021,Idlewild,Pre21ReferenceLM,LM,13,0,62.5,0,0,0,0,0,0,0,0,0,0,0,0,0,0,0,62.5,37.5,0,0,0,3,0,3,62,0,0,0,0,0,0,0,0,0,0,0,88.5,103,41.5,42.5,75,70.1,4.3,6.1,6.6,7,4.5,5.7,2.418,Reference LM
Reference,Pre21,9/8/2021,Idlewild,Pre21ReferenceLM,LM,14,0,62.5,0,0,0,0,0,0,0,0,0,0,0,0,0,0,0,62.5,37.5,0,0,0,0,0,5,63,0,0,0,0,0,0,0,0,0,0,0,31.5,32.5,32.5,19,22.5,27.6,3.2,2.8,4.8,2.8,4.4,3.6,2.585,Reference LM
Reference,Pre21,9/8/2021,Idlewild,Pre21ReferenceLM,LM,15,0,37.5,37.5,8,0,0,0.5,0,0,0,0,0,0,0,0,0,0,83.5,18.75,0,0,0,0,0,0,31,0,0,0,0,0,0,0,0,0,0,0,33,34,15.5,12,36,26.1,5.7,8.7,6.1,6.4,11,7.58,2.597,Reference LM
Restored,Pre22,9/7/2022,Idlewild,Pre22RestoredHM,HM,1,0,87.5,0,0,0,0,0,0,0,0,0,0,0,0,0,0,0,87.5,8.75,0,2.5,18.75,0,5,0,102,0,0,0,0,0,0,0,0,0,0,0,51.5,55,75.5,38,23,48.6,6,5.1,6.9,3.9,6.5,5.68,2.284,Restored HM
Restored,Pre22,9/7/2022,Idlewild,Pre22RestoredHM,HM,2,0,18.75,0,0,0,0,0,0,0,0,0,0,0,0,0,0,0,18.75,2.5,87.5,8.75,0,3,0,3,10,0,0,0,0,0,0,0,0,0,0,0,14,18,14,11,5,12.4,2.5,3.5,2.8,4.5,4.1,3.48,2.059,Restored HM
Restored,Pre22,9/7/2022,Idlewild,Pre22RestoredHM,HM,3,0,87.5,0,0,0,0,0.5,0,0,0,0,0,0,0,0,0,0,88,18.75,0,0.5,0,1,0,2,115,0,0,0,0,0,0,0,0,0,0,0,72,16,54,27,26.5,39.1,7,4,5.4,6.1,6.7,5.84,2.275,Restored HM
Restored,Pre22,9/7/2022,Idlewild,Pre22RestoredHM,HM,4,0,62.5,0,0,0,0,2.5,0,0,0,0,0,0,0,0,0,0,65,37.5,0,8.75,0,0,0,0,57,0,0,0,0,0,0,0,0,0,0,0,15,15,48,9,14,20.2,4.9,3.6,4.5,3,6.8,4.56,2.423,Restored HM
Restored,Pre22,9/7/2022,Idlewild,Pre22RestoredHM,HM,5,0,62.5,0,0,0,0,0,0,0,0,0,0,0,0,0,0,0,62.5,18.75,18.75,0.5,0,6,0,31,54,0,0,0,0,0,0,0,0,0,0,0,25.5,28,25,32,21,26.3,2.2,3.2,2.7,2.6,3.3,2.8,2.177,Restored HM
Restored,Pre22,9/7/2022,Idlewild,Pre22RestoredHM,HM,6,0,62.5,0,0,0,0,0,0,0,0,0,0,0,0,0,0,0,62.5,37.5,0,2.5,8.75,3,0,18,45,0,0,0,0,0,0,0,0,0,0,0,26,38,23,41,86.5,42.9,6.2,5.4,6.3,10,6.9,6.96,2.079,Restored HM
Restored,Pre22,9/7/2022,Idlewild,Pre22RestoredHM,HM,7,0,62.5,0,0,0,0,2.5,0,0,0,0,0,0,0,0,0,0,65,37.5,0,0.5,0,0,1,56,36,0,0,0,0,0,0,0,0,0,0,0,30,27,33,25,32,29.4,9.5,6,5.1,7.5,6.4,6.9,2.338,Restored HM
Restored,Pre22,9/7/2022,Idlewild,Pre22RestoredHM,HM,8,0,62.5,0,0,0,0,0,0,0,0,0,0,0,0,0,0,0,62.5,37.5,0,0.5,0,0,3,30,0,0,0,0,0,0,0,0,0,0,0,0,0,0,0,0,0,0,0,0,0,0,0,0,1.341,Restored HM
Restored,Pre22,9/7/2022,Idlewild,Pre22RestoredHM,HM,9,0,62.5,0,0,0,0,0,0,0,0,0,0,0,0,0,0,0,62.5,37.5,0,8.75,0,0,0,61,29,0,0,0,0,0,0,0,0,0,0,0,102.5,105.5,92,30,92.5,84.5,7,6.1,6.1,5.7,3.6,5.7,1.927,Restored HM
Restored,Pre22,9/7/2022,Idlewild,Pre22RestoredHM,HM,10,0,62.5,0,2.5,0,0,0,0,0,0,0,0,0,0,0,0,0,65,37.5,0,0,0,5,0,21,49,0,0,0,0,0,0,0,0,0,0,0,9,19,20,10,21,15.8,3.5,5.5,5.8,4,5.5,4.86,2.316,Restored HM
Restored,Pre22,9/7/2022,Idlewild,Pre22RestoredHM,HM,11,0,62.5,2.5,2.5,0,0,2.5,0,0,0,0,0,0,0,0,0,0,70,18.75,0,0,18.75,0,2,4,51,0,0,0,0,0,0,0,0,0,0,0,45,10,75,19,58.5,41.5,4.6,4,6.2,5.6,6.9,5.46,2.428,Restored HM
Restored,Pre22,9/7/2022,Idlewild,Pre22RestoredHM,HM,12,0,62.5,0,37.5,0,0,2.5,0,0,0,0,0,0,0,0,0,0,102.5,8.75,0,0,2.5,0,1,20,38,0,0,0,0,0,0,0,0,0,0,0,5,61,65,20,11,32.4,2.9,5.6,6,4.7,2.8,4.4,2.522,Restored HM
Restored,Pre22,9/7/2022,Idlewild,Pre22RestoredHM,HM,13,0,87.5,0,0,0,0,0.5,0,0,0,0,0,0,0,0,0,0,88,2.5,0,0,8.75,1,0,16,66,0,0,0,0,0,0,0,0,0,0,0,49.5,44,26,67.5,24.5,42.3,5.7,5.2,4.4,7.7,4.6,5.52,2.397,Restored HM
Restored,Pre22,9/7/2022,Idlewild,Pre22RestoredHM,HM,14,0,62.5,0,0,0,0,8.75,0,0,0,0,0,0,0,0,8.75,0,80,2.5,0,2.5,18.75,0,2,16,49,0,0,0,0,0,0,0,0,0,0,0,23,1,10,10,33,15.4,3.9,4,5,3.5,5.1,4.3,2.592,Restored HM
Restored,Pre22,9/7/2022,Idlewild,Pre22RestoredHM,HM,15,0,37.5,0,37.5,0,0,0,0,0,0,0,0,0,0,0,0,0,75,8.75,0,0,18.75,0,0,0,28,0,0,0,0,0,0,0,0,0,0,0,24,14,58,19,20,27,6.5,4.5,9.9,7,5.5,6.68,2.563,Restored HM
Restored,Pre22,9/7/2022,Idlewild,Pre22RestoredLM,LM,1,0,18.75,0,0,0,0,0,0,0,0,0,0,0,0,0,0,0,18.75,8.75,62.5,8.75,0,0,1,4,33,0,0,0,0,0,0,0,0,0,0,0,23,17,18,44,6,21.6,4.7,5,3.4,4.5,2.5,4.02,1.861,Restored LM
Restored,Pre22,9/7/2022,Idlewild,Pre22RestoredLM,LM,2,0,62.5,0,0,0,0,0,0,0,0,0,0,0,0,0,0,0,62.5,18.75,0,0.5,8.75,0,3,40,47,0,0,0,0,0,0,0,0,0,0,0,56,55,34,53,30,45.6,6.2,7.6,8.1,4.8,4.6,6.26,2.29,Restored LM
Restored,Pre22,9/7/2022,Idlewild,Pre22RestoredLM,LM,3,0,0,0,0,0,0,0,0,0,0,0,0,0,0,0,0,0,0,87.5,0,8.75,0,0,182,1,0,0,0,0,0,0,0,0,0,0,0,0,0,0,0,0,0,0,0,0,0,0,0,0,0.572,Restored LM
Restored,Pre22,9/7/2022,Idlewild,Pre22RestoredLM,LM,4,0,0,0,0,0,0,0,0,0,0,0,0,0,0,0,0,0,0,87.5,0,0.5,0,0,701,3,0,0,0,0,0,0,0,0,0,0,0,0,0,0,0,0,0,0,0,0,0,0,0,0,-0.578,Restored LM
Restored,Pre22,9/7/2022,Idlewild,Pre22RestoredLM,LM,5,0,62.5,0,0,0,0,0,0,0,0,0,0,0,0,0,0,0,62.5,18.75,8.75,2.5,2.5,0,2,32,33,0,0,0,0,0,0,0,0,0,0,0,63,23.5,14,13,18,26.3,6.4,4.8,8.5,4.6,6.4,6.14,2.387,Restored LM
Restored,Pre22,9/7/2022,Idlewild,Pre22RestoredLM,LM,6,0,62.5,0,0,0,0,0,0,0,0,0,0,0,0,0,0,0,62.5,37.5,0,8.75,0.5,0,3,33,53,0,0,0,0,0,0,0,0,0,0,0,101,37,90,27,36,58.2,7.7,5.4,6,4.9,4.5,5.7,0.917,Restored LM
Restored,Pre22,9/7/2022,Idlewild,Pre22RestoredLM,LM,7,0,18.75,0,0,0,0,0,0,0,0,0,0,0,0,0,0,0,18.75,2.5,87.5,8.75,0,0,0,2,0,0,0,0,0,0,0,0,0,0,0,0,0,0,0,0,0,0,0,0,0,0,0,0,2.38,Restored LM
Restored,Pre22,9/7/2022,Idlewild,Pre22RestoredLM,LM,8,0,37.5,0,0,0,0,0,0,0,0,0,0,0,0,0,0,0,37.5,62.5,0,0.5,2.5,0,0,48,53,0,0,0,0,0,0,0,0,0,0,0,141,40,66,14,83,68.8,7,6.9,4,1.8,5.2,4.98,1.847,Restored LM
Restored,Pre22,9/7/2022,Idlewild,Pre22RestoredLM,LM,9,0,18.75,0,0,0,0,0,0,0,0,0,0,0,0,0,0,0,18.75,62.5,0,0.5,0,0,13,40,33,0,0,0,0,0,0,0,0,0,0,0,60.5,71.5,86,34,18.5,54.1,3,4.4,4.3,4.1,1.6,3.48,1.107,Restored LM
Restored,Pre22,9/7/2022,Idlewild,Pre22RestoredLM,LM,10,0,37.5,0,0,0,0,0,0,0,0,0,0,0,0,0,0,0,37.5,62.5,0,2.5,0,0,14,50,25,0,0,0,0,0,0,0,0,0,0,0,34,56,55,18,24,37.4,3.3,3.2,3.5,3.3,5.3,3.72,0.687,Restored LM
Restored,Pre22,9/7/2022,Idlewild,Pre22RestoredLM,LM,11,0,37.5,0,0,0,0,0,0,0,0,0,0,0,0,0,0,0,37.5,62.5,0,0,0,2,10,21,14,0,0,0,0,0,0,0,0,0,0,0,11.5,72.5,70,32,88,54.8,7,4.3,4.7,3.2,5.8,5,1.412,Restored LM
Restored,Pre22,9/7/2022,Idlewild,Pre22RestoredLM,LM,12,0,62.5,2.5,0,0,0,0,0,0,0,0,0,0,0,0,0,0,65,18.75,0,2.5,8.75,4,0,10,43,0,0,0,0,0,0,0,0,0,0,0,10,10,18.5,20,20.5,15.8,6,4.6,3.5,4.6,4,4.54,2.51,Restored LM
Restored,Pre22,9/7/2022,Idlewild,Pre22RestoredLM,LM,13,0,37.5,0,0,0,0,0,0,0,0,0,0,0,0,0,0,0,37.5,62.5,8.75,8.75,0,0,0,60,13,0,0,0,0,0,0,0,0,0,0,0,97,110,114,92,99,102.4,8.4,9,9.5,10,7.9,8.96,1.717,Restored LM
Restored,Pre22,9/7/2022,Idlewild,Pre22RestoredLM,LM,14,0,62.5,0,0,0,0,0,0,0,0,0,0,0,0,0,0,0,62.5,37.5,0,2.5,0,1,0,94,49,0,0,0,0,0,0,0,0,0,0,0,98.5,23,45,28.5,71,53.2,8,6.8,6.9,5.3,6.7,6.74,2.114,Restored LM
Restored,Pre22,9/7/2022,Idlewild,Pre22RestoredLM,LM,15,0,62.5,0,0,0,0,0,0,0,0,0,0,0,0,0,0,0,62.5,18.75,8.75,8.75,2.5,2,0,46,56,0,0,0,0,0,0,0,0,0,0,0,23,62.5,18,29,29.5,32.4,4.8,7.7,8.1,6.2,6.5,6.66,2.24,Restored LM
Reference,Pre22,8/8/2022,Idlewild,Pre22ReferenceHM,HM,1,18.75,8.75,37.5,62.5,0,0,0.5,0,0,0,0,0,0,0,0,0.5,0,128.5,0.5,0,0,0,0,0,0,1,0,0,0,0,0,0,0,0,0,0,0,28,0,0,0,0,5.6,4.8,0,0,0,0,0.96,2.789,Reference HM
Reference,Pre22,8/8/2022,Idlewild,Pre22ReferenceHM,HM,2,0,8.75,62.5,37.5,0,0,2.5,0,0,0,0,0,0,0,0,2.5,0,113.75,0,0,0,0,0,0,0,0,0,0,0,0,0,0,0,0,0,0,0,0,0,0,0,0,0,0,0,0,0,0,0,3.026,Reference HM
Reference,Pre22,8/8/2022,Idlewild,Pre22ReferenceHM,HM,3,2.5,8.75,62.5,37.5,0,0,0.5,0,0,2.5,0,0,0,0,0,8.75,0,123,0.5,0,8.75,0,0,0,0,1,0,0,0,0,0,0,0,0,0,0,0,17,0,0,0,0,3.4,5,0,0,0,0,1,3.047,Reference HM
Reference,Pre22,8/8/2022,Idlewild,Pre22ReferenceHM,HM,4,0,8.75,62.5,37.5,0,0,2.5,0,0,0,0,0,0,0,0,0,0,111.25,0,0,0,0,0,0,0,3,0,0,0,0,0,0,0,0,0,0,0,64,11,47,0,0,24.4,8.7,5.4,7.5,0,0,4.32,3.09,Reference HM
Reference,Pre22,8/8/2022,Idlewild,Pre22ReferenceHM,HM,5,0,18.75,62.5,37.5,0,0,0,0,0,0,0,0,0,0,0,2.5,0,121.25,0.5,0,0,0,0,0,0,11,0,0,0,0,0,0,0,0,0,0,0,18,11,14,11,11,13,6.6,1.8,3,4.3,3.2,3.78,3.169,Reference HM
Reference,Pre22,8/8/2022,Idlewild,Pre22ReferenceHM,HM,6,0,0,37.5,62.5,0,0,0,0,0,0,0,0,0,0,0,0,0,100,0.5,0,0,0,0,0,0,0,0,0,0,0,0,0,0,0,0,0,0,0,0,0,0,0,0,0,0,0,0,0,0,3.096,Reference HM
Reference,Pre22,8/8/2022,Idlewild,Pre22ReferenceHM,HM,7,0,0,37.5,62.5,0,0.5,0.5,0,0,0,0,0,0,0,0,0,0,101,0.5,0,0,0,0,0,0,0,0,0,0,0,0,0,0,0,0,0,0,0,0,0,0,0,0,0,0,0,0,0,0,2.991,Reference HM
Reference,Pre22,8/8/2022,Idlewild,Pre22ReferenceHM,HM,8,0,0,37.5,62.5,0,0,0,0,0,0,0,0,0,0,0,0.5,0,100.5,0,0,0,0,0,0,0,0,0,0,0,0,0,0,0,0,0,0,0,0,0,0,0,0,0,0,0,0,0,0,0,3.233,Reference HM
Reference,Pre22,8/8/2022,Idlewild,Pre22ReferenceHM,HM,9,0,0,62.5,37.5,0,0.5,0,0,0.5,0,0,0,0,0,0,8.75,0,109.75,0.5,0,0,0,0,0,0,0,0,0,0,0,0,0,0,0,0,0,0,0,0,0,0,0,0,0,0,0,0,0,0,3.287,Reference HM
Reference,Pre22,8/8/2022,Idlewild,Pre22ReferenceHM,HM,10,0,0,62.5,37.5,0,0,0,0,0,0,0,0,0,0,0,0,0,100,0,0,0,0,0,0,0,0,0,0,0,0,0,0,0,0,0,0,0,0,0,0,0,0,0,0,0,0,0,0,0,3.116,Reference HM
Reference,Pre22,8/8/2022,Idlewild,Pre22ReferenceHM,HM,11,0.5,0,62.5,37.5,0,0,0.5,0,0,0,0,0,0,0,0,0,0,101,0,0,0,0,0,0,0,0,0,0,0,0,0,0,0,0,0,0,0,0,0,0,0,0,0,0,0,0,0,0,0,3.1,Reference HM
Reference,Pre22,8/8/2022,Idlewild,Pre22ReferenceHM,HM,12,0,0,62.5,37.5,0,0,0,0,0,0,0,0,0,0,0,0,0,100,0,0,0,0,0,0,0,0,0,0,0,0,0,0,0,0,0,0,0,0,0,0,0,0,0,0,0,0,0,0,0,3.214,Reference HM
Reference,Pre22,8/8/2022,Idlewild,Pre22ReferenceHM,HM,13,0,0,87.5,18.75,0,0,0,0,0,0,0,0,0,0,0,0,0,106.25,0,0,0,0,0,0,0,0,0,0,0,0,0,0,0,0,0,0,0,0,0,0,0,0,0,0,0,0,0,0,0,3.157,Reference HM
Reference,Pre22,8/8/2022,Idlewild,Pre22ReferenceHM,HM,14,0,0,87.5,18.75,0,0,0,0,0,0,0,0,0,0,0,0,0,106.25,0,0,0,0,0,0,0,0,0,0,0,0,0,0,0,0,0,0,0,0,0,0,0,0,0,0,0,0,0,0,0,3.138,Reference HM
Reference,Pre22,8/8/2022,Idlewild,Pre22ReferenceHM,HM,15,0,0,87.5,18.75,0,0,0,0,0,0,0,0,0,0,0,0,0,106.25,0,0,0,0,0,0,0,0,0,0,0,0,0,0,0,0,0,0,0,0,0,0,0,0,0,0,0,0,0,0,0,3.3,Reference HM
Reference,Pre22,8/8/2022,Idlewild,Pre22ReferenceLM,LM,1,0,87.5,0,0,0,0,0,0,0,0,0,0,0,0,0,0,0,87.5,2.5,0,0.5,18.75,0,0,0,46,0,0,0,0,0,0,0,0,0,0,0,43,45,40,48,25,40.2,6.1,5.9,5.2,6.5,2.8,5.3,2.166,Reference LM
Reference,Pre22,8/8/2022,Idlewild,Pre22ReferenceLM,LM,2,0,62.5,0,0,0,0,2.5,0,0,0,0,0,0,0,0,0,0,65,18.75,0,0,2.75,0,1,3,28,0,0,0,0,0,0,0,0,0,0,0,70,82,80,49,40,64.2,4.6,6.4,5.9,9.2,6.5,6.52,2.208,Reference LM
Reference,Pre22,8/8/2022,Idlewild,Pre22ReferenceLM,LM,3,0,62.5,0,0,0,0,2.5,0,0,0,0,0,0,0,0,0,0,65,18.75,0.5,0,0.5,1,0,3,39,0,0,0,0,0,0,0,0,0,0,0,15,33,25,29,16,23.6,3.3,7,3.9,6.5,4,4.94,2.129,Reference LM
Reference,Pre22,8/8/2022,Idlewild,Pre22ReferenceLM,LM,4,0,62.5,0,0,0,0,0,0,0,0,0,0,0,0,0,0,0,62.5,18.75,0.5,0.5,18.75,0,3,27,54,0,0,0,0,0,0,0,0,0,0,0,32,28,26,25,31,28.4,6,4.4,3.9,4,6,4.86,2.212,Reference LM
Reference,Pre22,8/8/2022,Idlewild,Pre22ReferenceLM,LM,5,0,62.5,0,0,0,0,0,0,0,0,0,0,0,0,0,0,0,62.5,37.5,0,0.5,8.75,0,0,45,47,0,0,0,0,0,0,0,0,0,0,0,40,35,30,20,32,31.4,6.9,4,3.6,4.5,4.9,4.78,2.175,Reference LM
Reference,Pre22,8/8/2022,Idlewild,Pre22ReferenceLM,LM,6,0,37.5,0,0,0,0,0,0,0,0,0,0,0,0,0,0,0,37.5,62.5,2.5,2.5,0,0,17,65,25,0,0,0,0,0,0,0,0,0,0,0,129,72,121,57,31,82,5.9,5.6,5.5,4.6,3.3,4.98,0.584,Reference LM
Reference,Pre22,8/8/2022,Idlewild,Pre22ReferenceLM,LM,7,0,62.5,0,0,0,0,0,0,0,0,0,0,0,0,0,0,0,62.5,18.75,0,8.75,8.75,0,0,47,54,0,0,0,0,0,0,0,0,0,0,0,24,23,40,26,15,25.6,5,6.8,8.1,6.1,4.9,6.18,1.868,Reference LM
Reference,Pre22,8/8/2022,Idlewild,Pre22ReferenceLM,LM,8,8.75,62.5,2.5,2.5,0,0,0,0,0,0,0,0,0,0,0,0,0,76.25,18.75,0,2.5,8.75,1,2,3,52,0,0,0,0,0,0,0,0,0,0,0,15,9,20,30,26,20,5.9,4.6,6.9,6.1,9.9,6.68,2.233,Reference LM
Reference,Pre22,8/8/2022,Idlewild,Pre22ReferenceLM,LM,9,0,62.5,0,0,0,0,0,0,0,0,0,0,0,0,0,0,0,62.5,37.5,0,0,8.75,4,14,15,26,0,0,0,0,0,0,0,0,0,0,0,17,49,84,20,55,45,3.6,6.2,5.1,2.4,7.4,4.94,1.162,Reference LM
Reference,Pre22,8/8/2022,Idlewild,Pre22ReferenceLM,LM,10,0,37.5,0,0,0,0,0,0,0,0,0,0,0,0,0,0,0,37.5,62.5,8.75,2.5,2.5,0,7,0,24,0,0,0,0,0,0,0,0,0,0,0,28,46,41,19,35,33.8,4.9,4.8,4.7,4.3,4.3,4.6,1.468,Reference LM
Reference,Pre22,8/8/2022,Idlewild,Pre22ReferenceLM,LM,11,0,62.5,0,0,0,0,0,0,0,0,0,0,0,0,0,0,0,62.5,18.75,0,0.5,8.75,1,2,5,35,0,0,0,0,0,0,0,0,0,0,0,33,49,25,35,8,30,8,8.4,6.9,6.4,3.5,6.64,2.181,Reference LM
Reference,Pre22,8/8/2022,Idlewild,Pre22ReferenceLM,LM,12,0,62.5,0,18.75,0,0,0,0,0,0,0,0,0,0,0,0,0,81.25,18.75,0,0,8.75,0,7,1,49,0,0,0,0,0,0,0,0,0,0,0,29,15,12,31,11,19.6,5.8,4.2,3.5,6.7,3.5,4.74,2.533,Reference LM
Reference,Pre22,8/8/2022,Idlewild,Pre22ReferenceLM,LM,13,0,87.5,2.5,0,0,0,0,0,0,0,0,0,0,0,0,0,0,90,8.75,0,2.5,2.5,2,2,4,30,0,0,0,0,0,0,0,0,0,0,0,44,13,12,18,30,23.4,6.2,4.5,4,3.5,6.9,5.02,2.477,Reference LM
Reference,Pre22,8/8/2022,Idlewild,Pre22ReferenceLM,LM,14,0,62.5,0,0,0,0,8.75,0,0,0,0,0,0,0,0,0,0,71.25,18.75,0,0,2.5,0,0,3,53,0,0,0,0,0,0,0,0,0,0,0,12,24,22,35,10,20.6,2.2,3.6,5.6,5.5,1.8,3.74,2.442,Reference LM
Reference,Pre22,8/8/2022,Idlewild,Pre22ReferenceLM,LM,15,0,37.5,8.75,8.75,0,0,8.75,0,0,0,0,0,0,0,0,0,0,63.75,8.75,0,0,2.5,0,0,2,30,0,0,0,0,0,0,0,0,0,0,0,10,10,11,26,12,13.8,9.3,7.9,3.7,6.7,3.4,6.2,2.453,Reference LM
Restored,Post (1),9/14/2023,Idlewild,Post (1)RestoredHM,HM,1,0,0,0,18.75,0,0,0,0,0,0,0,0,0,0,0,0,0,18.75,87.5,0,0,0,9,0,0,0,0,0,0,0,0,0,0,0,0,0,0,0,0,0,0,0,0,0,0,0,0,0,0,2.866,Restored HM
Restored,Post (1),9/14/2023,Idlewild,Post (1)RestoredHM,HM,2,0,37.5,0,0,0,0,0,0,0,0,0,0,0,0,0,0,0,37.5,62.5,0,0,0,1,0,0,45,0,0,0,0,0,0,0,0,0,0,0,25.5,47.5,11.5,22,9,23.1,3.5,5,3.5,3.6,2.4,3.6,2.221,Restored HM
Restored,Post (1),9/14/2023,Idlewild,Post (1)RestoredHM,HM,3,0,0,0,8.75,0,0,0,0,0,0,0,0,0,0,0,0,0,8.75,87.5,0.5,0.5,0.5,7,0,0,0,0,0,0,0,0,0,0,0,0,0,0,0,0,0,0,0,0,0,0,0,0,0,0,2.818,Restored HM
Restored,Post (1),9/14/2023,Idlewild,Post (1)RestoredHM,HM,4,0,2.5,8.75,0,0,0,0,0,0,0,0,0,0,0,0,0,0,11.25,87.5,2.5,0.5,0,0,0,0,0,0,0,0,0,0,0,0,0,0,0,0,0,0,0,0,0,0,0,0,0,0,0,0,3.569,Restored HM
Restored,Post (1),9/14/2023,Idlewild,Post (1)RestoredHM,HM,5,0,18.75,0,0,0,0,0,0,0,0,0,0,0,0,0,0,0,18.75,87.5,0,0,0,17,0,0,42,0,0,0,0,0,0,0,0,0,0,0,19,3,24,3,29,15.6,3.7,2.8,3.6,5,2.9,3.6,2.364,Restored HM
Restored,Post (1),9/14/2023,Idlewild,Post (1)RestoredHM,HM,6,0,0,0,37.5,0,0,0,0,0,0,0,0,0,0,0,0,0,37.5,62.5,0.5,0.5,0,8,0,0,0,0,0,0,0,0,0,0,0,0,0,0,0,0,0,0,0,0,0,0,0,0,0,0,2.528,Restored HM
Restored,Post (1),9/14/2023,Idlewild,Post (1)RestoredHM,HM,7,0,0,0,2.5,0,0,0,0,0,0,0,0,0,0,0,0,0,2.5,87.5,0.5,0.5,0,0,0,0,0,0,0,0,0,0,0,0,0,0,0,0,0,0,0,0,0,0,0,0,0,0,0,0,3.632,Restored HM
Restored,Post (1),9/14/2023,Idlewild,Post (1)RestoredHM,HM,8,0,0.5,2.5,8.75,0,0,0,0,0,0,0,0,0,0,0,0,0,11.75,87.5,0,0.5,0,15,0,0,0,0,0,0,0,0,0,0,0,0,0,0,0,0,0,0,0,0,0,0,0,0,0,0,2.581,Restored HM
Restored,Post (1),9/14/2023,Idlewild,Post (1)RestoredHM,HM,9,0,87.5,0,0,0,0,0,0,0,0,0,0,0,0,0,0,0,87.5,2.5,2.5,0,0,0,0,0,80,0,0,0,0,0,0,0,0,0,0,0,93,135,68,153,127,115.2,5.4,8,5.8,8.5,5.6,6.66,2.324,Restored HM
Restored,Post (1),9/14/2023,Idlewild,Post (1)RestoredHM,HM,10,0,18.75,0,8.75,0,0,0,0,0,0,0,0,0,0,0,0,0,27.5,87.5,0.5,0.5,0,0,0,0,13,0,0,0,0,0,0,0,0,0,0,0,16,92,64,67.5,10,49.9,2,3.4,1,3.4,1.3,2.22,3.224,Restored HM
Restored,Post (1),9/14/2023,Idlewild,Post (1)RestoredHM,HM,11,0,2.5,2.5,8.75,0,0,0,0,0,0,0,0,0,0,0,0,0,13.75,87.5,0,0,0,0,0,0,0,0,0,0,0,0,0,0,0,0,0,0,0,0,0,0,0,0,0,0,0,0,0,0,3.205,Restored HM
Restored,Post (1),9/14/2023,Idlewild,Post (1)RestoredHM,HM,12,0,0.5,0,8.75,0,0,0,0,0,0,0,0,0,0,0,0,0,9.25,87.5,0,0,0,0,0,0,0,0,0,0,0,0,0,0,0,0,0,0,0,0,0,0,0,0,0,0,0,0,0,0,3.011,Restored HM
Restored,Post (1),9/14/2023,Idlewild,Post (1)RestoredHM,HM,13,0,2.5,0,8.75,0,0,0,0,0,0,0,0,0,0,0,0,0,11.25,87.5,0,0,0,0,0,0,0,0,0,0,0,0,0,0,0,0,0,0,0,0,0,0,0,0,0,0,0,0,0,0,2.911,Restored HM
Restored,Post (1),9/14/2023,Idlewild,Post (1)RestoredHM,HM,14,0,0,8.75,2.5,0,0,0,0,0,0,0,0,0,0,0,0,0,11.25,87.5,0.5,0.5,0,0,0,0,0,0,0,0,0,0,0,0,0,0,0,0,0,0,0,0,0,0,0,0,0,0,0,0,3.782,Restored HM
Restored,Post (1),9/14/2023,Idlewild,Post (1)RestoredHM,HM,15,0,0,8.75,2.5,0,0,0,0,0,0,0,0,0,0,0,0,0,11.25,87.5,0.5,0.5,0,0,0,0,0,0,0,0,0,0,0,0,0,0,0,0,0,0,0,0,0,0,0,0,0,0,0,0,3.595,Restored HM
Restored,Post (1),9/14/2023,Idlewild,Post (1)RestoredLM,LM,1,0,8.75,0,0,0,0,0,0,0,0,0,0,0,0,0,0,0,8.75,87.5,8.75,2.5,0,30,0,0,28,0,0,0,0,0,0,0,0,0,0,0,23,10.5,2,21,27,16.7,3.8,3.4,3.5,2.9,2.5,3.22,2.37,Restored LM
Restored,Post (1),9/14/2023,Idlewild,Post (1)RestoredLM,LM,2,0,2.5,2.5,2.5,0,0,0,0,0,0,0,0,0,0,0,0,0,7.5,87.5,0,0.5,0,0,0,0,11,0,0,0,0,0,0,0,0,0,0,0,25.5,18,2,3,6,10.9,5.6,6,2.8,2.9,3.9,4.24,3.054,Restored LM
Restored,Post (1),9/14/2023,Idlewild,Post (1)RestoredLM,LM,3,0,0.5,0,0,0,0,0,0,0,0,0,0,0,0,0,0,0,0.5,87.5,0.5,0,0,0,206,10,0,0,0,0,0,0,0,0,0,0,0,0,0,0,0,0,0,0,0,0,0,0,0,0,0.447,Restored LM
Restored,Post (1),9/14/2023,Idlewild,Post (1)RestoredLM,LM,4,0,0,0,0,0,0,0,0,0,0,0,0,0,0,0,0,0,0,87.5,0,0,0,0,612,1,0,0,0,0,0,0,0,0,0,0,0,0,0,0,0,0,0,0,0,0,0,0,0,0,-0.393,Restored LM
Restored,Post (1),9/14/2023,Idlewild,Post (1)RestoredLM,LM,5,0,2.5,0,8.75,0,0,0,0,0,0,0,0,0,0,0,0,0,11.25,87.5,0,0.5,0,0,0,0,0,0,0,0,0,0,0,0,0,0,0,0,0,0,0,0,0,0,0,0,0,0,0,0,3.006,Restored LM
Restored,Post (1),9/14/2023,Idlewild,Post (1)RestoredLM,LM,6,0,37.5,0,0,0,0,0,0,0,0,0,0,0,0,0,0,0,37.5,62.5,2.5,2.5,0,3,13,73,45,0,0,0,0,0,0,0,0,0,0,0,74,36,96.5,43,27,55.3,4,5,6.5,3.9,1.1,4.1,0.769,Restored LM
Restored,Post (1),9/14/2023,Idlewild,Post (1)RestoredLM,LM,7,0,0,0,2.5,0,0,0,0,0,0,0,0,0,0,0,0,0,2.5,87.5,0.5,0,0,0,0,0,0,0,0,0,0,0,0,0,0,0,0,0,0,0,0,0,0,0,0,0,0,0,0,0,3.492,Restored LM
Restored,Post (1),9/14/2023,Idlewild,Post (1)RestoredLM,LM,8,0,62.5,0,0,0,0,0,0,0,0,0,0,0,0,0,0,0,62.5,37.5,0.5,0.5,0,5,1,70,58,0,0,0,0,0,0,0,0,0,0,0,19.5,58.5,20,69,67.5,46.9,3.1,4.9,5.5,3.8,3.5,4.16,2.023,Restored LM
Restored,Post (1),9/14/2023,Idlewild,Post (1)RestoredLM,LM,9,0,37.5,0,0,0,0,0,0,0,0,0,0,0,0,0,0,0,37.5,62.5,2.5,2.5,0,1,10,13,64,0,0,0,0,0,0,0,0,0,0,0,43,42.5,18.5,38,11.5,30.7,2.5,1.9,2.4,1.5,1.4,1.94,0.944,Restored LM
Restored,Post (1),9/14/2023,Idlewild,Post (1)RestoredLM,LM,10,0,37.5,0,0,0,0,0,0,0,0,0,0,0,0,0,0,0,37.5,62.5,0,0,0,0,0,40,132,0,0,0,0,0,0,0,0,0,0,0,35,52,50.5,46,42,45.1,3,4,0.8,0.5,2.2,2.1,0.717,Restored LM
Restored,Post (1),9/14/2023,Idlewild,Post (1)RestoredLM,LM,11,0,62.5,0,0,0,0,0,0,0,0,0,0,0,0,0,0,0,62.5,18.75,0,2.5,0,0,0,19,26,0,0,0,0,0,0,0,0,0,0,0,88,86.5,42,37,71.5,65,3.1,2.8,1.8,3,5.4,3.22,1.459,Restored LM
Restored,Post (1),9/14/2023,Idlewild,Post (1)RestoredLM,LM,12,0,2.5,2.5,0,0,0,0,0,0,0,0,0,0,0,0,0,0,5,87.5,0,0,0,0,0,0,0,0,0,0,0,0,0,0,0,0,0,0,0,0,0,0,0,0,0,0,0,0,0,0,3.013,Restored LM
Restored,Post (1),9/14/2023,Idlewild,Post (1)RestoredLM,LM,13,0,8.75,0,0,0,0,0,0,0,0,0,0,0,0,0,0,0,8.75,87.5,2.5,0.5,0,0,0,0,8,0,0,0,0,0,0,0,0,0,0,0,33,8,5,4,4.5,10.9,6.4,7.6,5,3,3.2,5.04,2.501,Restored LM
Restored,Post (1),9/14/2023,Idlewild,Post (1)RestoredLM,LM,14,0,62.5,0,0,0,0,0,0,0,0,0,0,0,0,0,0,0,62.5,18.75,2.5,0,0,0,0,69,59,0,0,0,0,0,0,0,0,0,0,0,48,43,75,37,61,52.8,2.8,1.5,6.5,5,6.1,4.38,2.227,Restored LM
Restored,Post (1),9/14/2023,Idlewild,Post (1)RestoredLM,LM,15,0,62.5,0,0,0,0,0,0,0,0,0,0,0,0,0,0,0,62.5,18.75,0,0,0,9,0,22,62,0,0,0,0,0,0,0,0,0,0,0,10,27,10,10,10,13.4,6.1,6.5,3.5,3.4,5,4.9,2.522,Restored LM
Reference,Post (1),8/28/2023,Idlewild,Post (1)ReferenceHM,HM,1,18.75,2.5,18.75,62.5,0,0,2.5,2.5,0,2.5,0,0,0,0,0,0,0,110,0,0.5,0,0,0,0,0,0,0,0,0,0,0,0,0,0,0,0,0,0,0,0,0,0,0,0,0,0,0,0,0,3.031,Reference HM
Reference,Post (1),8/28/2023,Idlewild,Post (1)ReferenceHM,HM,2,0,8.75,37.5,37.5,0,0.5,0,0,0,0,0,0,0,0,0,18.75,0,103,0,0,0,0,0,0,0,6,0,0,0,0,0,0,0,0,0,0,0,6,5,6,6,9,6.4,7.2,7.5,7.2,7.7,7.6,7.44,3.192,Reference HM
Reference,Post (1),8/28/2023,Idlewild,Post (1)ReferenceHM,HM,3,0.5,8.75,37.5,62.5,0,0,0.5,0,0,0,0,0,0,0,0,8.75,0,118.5,2.5,0.5,0,0,0,0,0,4,0,0,0,0,0,0,0,0,0,0,0,45,52.5,78,19,0,38.9,6.8,4.6,7.7,6.4,0,5.1,3.184,Reference HM
Reference,Post (1),8/28/2023,Idlewild,Post (1)ReferenceHM,HM,4,0,8.75,62.5,37.5,0,0,0,0,0,0,0,0,0,0,0,0,0,108.75,2.5,0,0,0,0,0,0,4,0,0,0,0,0,0,0,0,0,0,0,38,99,23,41,0,40.2,8.8,10.1,6.4,7.2,0,6.5,3.298,Reference HM
Reference,Post (1),8/28/2023,Idlewild,Post (1)ReferenceHM,HM,5,0,18.75,37.5,37.5,0,0,0,0,0,0,0,0,0,0,0,2.5,0,96.25,2.5,0,0,0,0,0,0,0,0,0,0,0,0,0,0,0,0,0,0,7,13,16,34,9.5,15.9,4.7,3.8,7,5.3,3.3,4.82,3.073,Reference HM
Reference,Post (1),8/28/2023,Idlewild,Post (1)ReferenceHM,HM,6,0,2.5,37.5,62.5,0,0,0,0,0,0,0,0,0,0,0,,0,102.5,0,0,0,0,0,0,0,0,0,0,0,0,0,0,0,0,0,0,0,0,0,0,0,0,0,0,0,0,0,0,0,3.225,Reference HM
Reference,Post (1),8/28/2023,Idlewild,Post (1)ReferenceHM,HM,7,0,0,37.5,62.5,0,0,0,0,0,0,0,0,0,0,0,0.5,0,100.5,0,0,0,0,0,0,0,0,0,0,0,0,0,0,0,0,0,0,0,0,0,0,0,0,0,0,0,0,0,0,0,3.008,Reference HM
Reference,Post (1),8/28/2023,Idlewild,Post (1)ReferenceHM,HM,8,0,0,37.5,62.5,0,0,0,0,0,0,0,0,0,0,0,0,0,100,0.5,0,0,0,0,0,0,0,0,0,0,0,0,0,0,0,0,0,0,0,0,0,0,0,0,0,0,0,0,0,0,3.213,Reference HM
Reference,Post (1),8/28/2023,Idlewild,Post (1)ReferenceHM,HM,9,0,0,37.5,62.5,0,0,0,0,0.5,0,0,0,0,0,0,8.75,0,109.25,0,0,0,0,0,0,0,0,0,0,0,0,0,0,0,0,0,0,0,0,0,0,0,0,0,0,0,0,0,0,0,3.309,Reference HM
Reference,Post (1),8/28/2023,Idlewild,Post (1)ReferenceHM,HM,10,0,0,62.5,37.5,0,0,0,0,0,0,0,0,0,0,0,0,0,100,0.5,0.5,0,0,0,0,0,0,0,0,0,0,0,0,0,0,0,0,0,0,0,0,0,0,0,0,0,0,0,0,0,3.211,Reference HM
Reference,Post (1),8/28/2023,Idlewild,Post (1)ReferenceHM,HM,11,0.5,0,37.5,62.5,0,0,0.5,0,0,0,0,0,0,0,0,0,0,101,0,0,0,0,0,0,0,0,0,0,0,0,0,0,0,0,0,0,0,0,0,0,0,0,0,0,0,0,0,0,0,3.086,Reference HM
Reference,Post (1),8/28/2023,Idlewild,Post (1)ReferenceHM,HM,12,0,0,37.5,62.5,0,0,0,0,0.5,0,0,0,0,0,0,0,0,100.5,0,0,0,0,0,0,0,0,0,0,0,0,0,0,0,0,0,0,0,0,0,0,0,0,0,0,0,0,0,0,0,3.223,Reference HM
Reference,Post (1),8/28/2023,Idlewild,Post (1)ReferenceHM,HM,13,0,0,18.75,37.5,0,0,0,0,0,0,0,0,0,0,0,0,0,56.25,0,37.5,2.5,0,0,0,0,0,0,0,0,0,0,0,0,0,0,0,0,0,0,0,0,0,0,0,0,0,0,0,0,3.12,Reference HM
Reference,Post (1),8/28/2023,Idlewild,Post (1)ReferenceHM,HM,14,0,0,62.5,37.5,0,0,0,0,0,0,0,0,0,0,0,0,0,100,0,0,2.5,0,0,0,0,0,0,0,0,0,0,0,0,0,0,0,0,0,0,0,0,0,0,0,0,0,0,0,0,3.156,Reference HM
Reference,Post (1),8/28/2023,Idlewild,Post (1)ReferenceHM,HM,15,0,0,37.5,62.5,0,0,0,0,0,0,0,0,0,0,0,0,0,100,0,8.75,2.5,0,0,0,0,0,0,0,0,0,0,0,0,0,0,0,0,0,0,0,0,0,0,0,0,0,0,0,0,3.195,Reference HM
Reference,Post (1),8/28/2023,Idlewild,Post (1)ReferenceLM,LM,1,0,2.5,0,0,0,0,0,0,0,0,0,0,0,0,0,0,0,2.5,0,87.5,18.75,0,0,0,0,1,0,0,0,0,0,0,0,0,0,0,0,6,0,0,0,0,1.2,5.4,0,0,0,0,1.08,2.18,Reference LM
Reference,Post (1),8/28/2023,Idlewild,Post (1)ReferenceLM,LM,2,0,87.5,0,0,0,0,0,0,0,0,0,0,0,0,0,0,0,87.5,0,2.5,8.75,0,0,0,0,63,0,0,0,0,0,0,0,0,0,0,0,67,46,76,30,20,47.8,7.6,7.6,9.1,9.4,3.5,7.44,2.164,Reference LM
Reference,Post (1),8/28/2023,Idlewild,Post (1)ReferenceLM,LM,3,0,87.5,0,0,0,0,0,0,0,0,0,0,0,0,0,0,0,87.5,0,0,0.5,2.5,0,0,5,61,0,0,0,0,0,0,0,0,0,0,0,29.5,35,17.5,22,32,27.2,3.8,8.6,6,3.6,3.8,5.16,2.252,Reference LM
Reference,Post (1),8/28/2023,Idlewild,Post (1)ReferenceLM,LM,4,0,87.5,0,0,0,0,0,0,0,0,0,0,0,0,0,0,0,87.5,18.75,0,2.5,0,0,0,0,58,0,0,0,0,0,0,0,0,0,0,0,24,17,27,23,32,24.6,5.3,5.1,7,4.3,6.3,5.6,2.369,Reference LM
Reference,Post (1),8/28/2023,Idlewild,Post (1)ReferenceLM,LM,5,0,87.5,0,0,0,0,2.5,0,0,0,0,0,0,0,0,0,0,90,0,0,0,0,0,0,21,56,0,0,0,0,0,0,0,0,0,0,0,38,37,57.5,62,41,47.1,5,4,6,5.9,7.2,5.62,2.203,Reference LM
Reference,Post (1),8/28/2023,Idlewild,Post (1)ReferenceLM,LM,6,0,37.5,0,0,0,0,0,0,0,0,0,0,0,0,0,0,0,37.5,62.5,0,0,0,0,7,83,45,0,0,0,0,0,0,0,0,0,0,0,54,51,49,55,38,49.4,5.7,4,5.3,5.9,4.2,5.02,0.28,Reference LM
Reference,Post (1),8/28/2023,Idlewild,Post (1)ReferenceLM,LM,7,0,62.5,0,0,0,0,0,0,0,0,0,0,0,0,0,0,0,62.5,37.5,0.5,0,0,4,0,31,55,0,0,0,0,0,0,0,0,0,0,0,20,32,26,38,25,28.2,6.8,4.4,5.5,11,6.6,6.86,1.927,Reference LM
Reference,Post (1),8/28/2023,Idlewild,Post (1)ReferenceLM,LM,8,2.5,37.5,2.5,8.75,0,0,0.5,0,0,0,0,0,0,0,0,0,0,51.75,18.75,0,0,8.75,1,1,4,34,0,0,0,0,0,0,0,0,0,0,0,19,18,13,6,10,13.2,4.7,5,6.1,4.4,6.8,5.4,2.336,Reference LM
Reference,Post (1),8/28/2023,Idlewild,Post (1)ReferenceLM,LM,9,0,62.5,0,0,0,0,0,0,0,0,0,0,0,0,0,0,0,62.5,37.5,0,0,2.5,1,0,1,38,0,0,0,0,0,0,0,0,0,0,0,53,33,37,49,38,42,6.4,5,4.5,6,5.8,5.54,1.463,Reference LM
Reference,Post (1),8/28/2023,Idlewild,Post (1)ReferenceLM,LM,10,0,62.5,0,0,0,0,0,0,0,0,0,0,0,0,0,0,0,62.5,37.5,0,0,0,0,0,5,62,0,0,0,0,0,0,0,0,0,0,0,46,47,75,36,49,50.6,6.4,4.3,5.1,6.9,5.1,5.56,1.518,Reference LM
Reference,Post (1),8/28/2023,Idlewild,Post (1)ReferenceLM,LM,11,0,87.5,0,0,0,0,0,0,0,0,0,0,0,0,0,0,0,87.5,18.75,0,0,0,1,0,2,38,0,0,0,0,0,0,0,0,0,0,0,50,27,23,42,27,33.8,6,5.9,4.3,4.4,5,5.12,2.181,Reference LM
Reference,Post (1),8/28/2023,Idlewild,Post (1)ReferenceLM,LM,12,0,62.5,0,8.75,0,0,2.5,0,0,0,0,0,0,0,0,0,0,73.75,18.75,0,0.5,0,0,0,2,57,0,0,0,0,0,0,0,0,0,0,0,5.5,11.5,19,13,18,13.4,1.2,2.9,5.6,4.5,4.4,3.72,2.62,Reference LM
Reference,Post (1),8/28/2023,Idlewild,Post (1)ReferenceLM,LM,13,0,62.5,0,2.5,0,0,0,0,0,0,0,0,0,0,0,0,0,65,37.5,0,0,8.75,2,2,3,41,0,0,0,0,0,0,0,0,0,0,0,18,17,55,46,49.5,37.1,6.9,7.1,4.7,3.8,5.4,5.58,2.58,Reference LM
Reference,Post (1),8/28/2023,Idlewild,Post (1)ReferenceLM,LM,14,0,87.5,0,0,0,0,2.5,0,0,0,0,0,0,0,0,0,0,90,8.75,0,0,0,2,2,13,83,0,0,0,0,0,0,0,0,0,0,0,22,15,17,14,55.5,24.7,7,3.7,4,3.4,4.6,4.54,2.549,Reference LM
Reference,Post (1),8/28/2023,Idlewild,Post (1)ReferenceLM,LM,15,0,62.5,8.75,8.75,0,0,8.75,0,0,0.5,0,0,0,0,0,0,0,89.25,18.75,0,0.5,0,0,2,0,18,0,0,0,0,0,0,0,0,0,0,0,3,9.5,8,19,14,10.7,5.8,5.2,4.8,6.4,10.8,6.6,2.692,Reference LM
Restored,Post (2),9/17/2024,Idlewild,Post (2)RestoredHM,HM,1,0,0,0,62.5,0,0.5,37.5,0,0,0.5,0,0,0,0,0,0,0,101,18.75,0,N,Y,0,0,0,0,0,0,0,0,0,0,0,0,0,0,0,0,0,0,0,0,0,0,0,0,0,0,0,2.834,Restored HM
Restored,Post (2),9/17/2024,Idlewild,Post (2)RestoredHM,HM,2,0,2.5,18.75,18.75,0,0,0,0,0,0,0,8.75,0,0,0,0,0,48.75,37.5,0,Y,Y,0,0,0,0,0,0,0,0,0,0,0,0,0,0,0,0,0,0,0,0,0,0,0,0,0,0,0,3.358,Restored HM
Restored,Post (2),9/17/2024,Idlewild,Post (2)RestoredHM,HM,3,0,0,0,62.5,0,0,0,0,0,0,0,0,0,0,0,0,0,62.5,37.5,0,N,Y,0,0,0,0,0,0,0,0,0,0,0,0,0,0,0,0,0,0,0,0,0,0,0,0,0,0,0,3.182,Restored HM
Restored,Post (2),9/17/2024,Idlewild,Post (2)RestoredHM,HM,4,0,2.5,0,62.5,0,0.5,2.5,0,0.5,0,0,0.5,0.5,0,0,0,0,69.5,8.75,0,Y,Y,0,0,0,0,0,0,0,0,0,0,0,0,0,0,0,0,0,0,0,0,0,0,0,0,0,0,0,3.339,Restored HM
Restored,Post (2),9/17/2024,Idlewild,Post (2)RestoredHM,HM,5,0,0,18.75,18.75,0,0,0.5,0,0,0,0,0.5,0,0,0,0,0,38.5,37.5,0,Y,Y,0,0,0,0,0,0,0,0,0,0,0,0,0,0,0,0,0,0,0,0,0,0,0,0,0,0,0,3.761,Restored HM
Restored,Post (2),9/17/2024,Idlewild,Post (2)RestoredHM,HM,6,0,0,18.75,0.5,0,0,0,0,0,0,0,0,0,0,0,0,0,19.25,87.5,0,N,Y,0,0,0,0,0,0,0,0,0,0,0,0,0,0,0,0,0,0,0,0,0,0,0,0,0,0,0,3.981,Restored HM
Restored,Post (2),9/17/2024,Idlewild,Post (2)RestoredHM,HM,7,0,0,18.75,0.5,0,0,0.5,0,0,0,0,0.5,0.5,0,0,0,0,20.75,87.5,0,N,Y,0,0,0,0,0,0,0,0,0,0,0,0,0,0,0,0,0,0,0,0,0,0,0,0,0,0,0,3.869,Restored HM
Restored,Post (2),9/17/2024,Idlewild,Post (2)RestoredHM,HM,8,0,0,18.75,2.5,0,0,0,0,0,0,0,0,0,0,0,0,0,21.25,62.5,8.75,Y,Y,0,0,0,0,0,0,0,0,0,0,0,0,0,0,0,0,0,0,0,0,0,0,0,0,0,0,0,3.919,Restored HM
Restored,Post (2),9/17/2024,Idlewild,Post (2)RestoredHM,HM,9,0,37.5,0.5,8.75,0,0,2.5,0,0,0,0,2.5,0,0,0,0,0,51.75,37.5,0,Y,Y,0,0,1,0,0,0,0,0,0,0,0,0,0,0,0,0,0,0,0,0,0,0,0,0,0,0,0,3.174,Restored HM
Restored,Post (2),9/17/2024,Idlewild,Post (2)RestoredHM,HM,10,0,8.75,0,18.75,0,0,2.5,0,0,0,0,0,0,0,0,0,0,30,62.5,0,Y,Y,0,0,0,0,0,0,0,0,0,0,0,0,0,0,0,0,0,0,0,0,0,0,0,0,0,0,0,3.064,Restored HM
Restored,Post (2),9/17/2024,Idlewild,Post (2)RestoredHM,HM,11,0,0,0,37.5,0,0,2.5,0,0,0.5,0,0,0,0,0,0,0,40.5,62.5,0,N,Y,0,0,0,0,0,0,0,0,0,0,0,0,0,0,0,0,0,0,0,0,0,0,0,0,0,0,0,3.201,Restored HM
Restored,Post (2),9/17/2024,Idlewild,Post (2)RestoredHM,HM,12,0,62.5,0,8.75,0,0,0.5,0,0.5,0,0,0,0,0,0,0,0,72.25,8.75,0,N,Y,0,0,0,0,0,0,0,0,0,0,0,0,0,0,0,0,0,0,0,0,0,0,0,0,0,0,0,3.4,Restored HM
Restored,Post (2),9/17/2024,Idlewild,Post (2)RestoredHM,HM,13,0,0,8.75,8.75,0,0,0,0,0,0,0,0,0.5,0,0,0,0,18,87.5,0,N,Y,0,0,0,0,0,0,0,0,0,0,0,0,0,0,0,0,0,0,0,0,0,0,0,0,0,0,0,3.602,Restored HM
Restored,Post (2),9/17/2024,Idlewild,Post (2)RestoredHM,HM,14,0,0,18.75,0,0,0,2.5,0,0,0.5,0,0,0.5,0,0,0,0,22.25,62.5,0,N,Y,0,0,0,0,0,0,0,0,0,0,0,0,0,0,0,0,0,0,0,0,0,0,0,0,0,0,0,3.346,Restored HM
Restored,Post (2),9/17/2024,Idlewild,Post (2)RestoredHM,HM,15,0,0,0.5,37.5,0,0,0.5,0,0,0,0,0,2.5,0,0,0,0,41,62.5,0,N,Y,0,0,0,0,0,0,0,0,0,0,0,0,0,0,0,0,0,0,0,0,0,0,0,0,0,0,0,3.698,Restored HM
Restored,Post (2),9/17/2024,Idlewild,Post (2)RestoredLM,LM,1,0,62.5,0,0,0,0,18.75,0,0,0,0,0,0,0,0,0,0,81.25,18.75,0.5,N,Y,0,0,0,37,0,0,0,0,0,0,0,0,0,0,0,50,38,37,25,89,47.8,5.9,3.8,5.8,4,5.9,5.08,2.581,Restored LM
Restored,Post (2),9/17/2024,Idlewild,Post (2)RestoredLM,LM,2,0,37.5,0,0,0,0,2.5,0,0,0,0,0,0,0,0,0,0,40,37.5,0,Y,Y,0,0,0,49,0,0,0,0,0,0,0,0,0,0,0,44,24,17,79,39,40.6,4.5,3.8,2.9,6.2,3.3,4.14,2.558,Restored LM
Restored,Post (2),9/17/2024,Idlewild,Post (2)RestoredLM,LM,3,0,37.5,0,0,0,0,2.5,0,0,0,0,0,0,0,0,0,0,40,62.5,0,Y,Y,1,0,0,42,0,0,0,0,0,0,0,0,0,0,0,35,50,74,28,11,39.6,3,4.1,4.3,4.9,5.1,4.28,2.542,Restored LM
Restored,Post (2),9/17/2024,Idlewild,Post (2)RestoredLM,LM,4,0,62.5,0,0,0,0,2.5,0,0,0,0,0,0,0,0,0,0,65,37.5,0.5,N,Y,0,0,0,58,0,0,0,0,0,0,0,0,0,0,0,30,80,114,71,37,66.4,5.4,4.8,5.8,5,4.5,5.1,2.391,Restored LM
Restored,Post (2),9/17/2024,Idlewild,Post (2)RestoredLM,LM,5,0,62.5,0,0,0,0,0,0,0,0,0,0,0,0,0,0,0,62.5,37.5,0,N,Y,0,0,0,41,0,0,0,0,0,0,0,0,0,0,0,43,81,22,67,52,53,4.9,5.2,3.4,4,3.8,4.26,2.184,Restored LM
Restored,Post (2),9/17/2024,Idlewild,Post (2)RestoredLM,LM,6,0,87.5,0,0,0,0,0.5,0,2.5,0,0,0,0,0,0,0,0,90.5,2.5,0,N,Y,0,0,0,22,0,0,0,0,0,0,0,0,0,0,0,23,28,17,19,27,22.8,9.1,8.3,8.1,8.9,6.5,8.18,3.182,Restored LM
Restored,Post (2),9/17/2024,Idlewild,Post (2)RestoredLM,LM,7,0,62.5,0,0,0,0,37.5,0,0,0,0,0,0,0,0,0,0,100,8.75,2.5,Y,Y,0,0,0,25,0,0,0,0,0,0,0,0,0,0,0,21,11,30,28,42,26.4,5.1,6,5.1,4.1,6.9,5.44,2.265,Restored LM
Restored,Post (2),9/17/2024,Idlewild,Post (2)RestoredLM,LM,8,0,18.75,0,0,0,0,0,0,0,0,0,0,0,0,0,0,0,18.75,37.5,37.5,Y,Y,1,0,0,6,0,0,0,0,0,0,0,0,0,0,0,2,8,45,8,8,14.2,3.5,5.6,6.1,8,7.2,6.08,2.836,Restored LM
Restored,Post (2),9/17/2024,Idlewild,Post (2)RestoredLM,LM,9,0,18.75,0,0,0,0,62.5,0,0,0,0,0,0,0,0,0,0,81.25,18.75,0,N,Y,0,0,0,10,0,0,0,0,0,0,0,0,0,0,0,37,55,57,22,8,35.8,4.3,5.7,6.3,5.7,3,5,2.787,Restored LM
Restored,Post (2),9/17/2024,Idlewild,Post (2)RestoredLM,LM,10,0,62.5,0,0,0,0,37.5,0,0,0,0,0,0,0,0,0,0,100,8.75,0,N,Y,0,0,0,47,0,0,0,0,0,0,0,0,0,0,0,8,88,34,26,9,33,5,5.5,6,4,5.6,5.22,2.673,Restored LM
Restored,Post (2),9/17/2024,Idlewild,Post (2)RestoredLM,LM,11,0,37.5,0,0,0,0,0,0,0,0,0,0,0,0,0,0,0,37.5,62.5,0,Y,Y,0,0,0,48,0,0,0,0,0,0,0,0,0,0,0,67,102,41,45,65,64,5,5.2,4.5,4.4,5,4.82,2.303,Restored LM
Restored,Post (2),9/17/2024,Idlewild,Post (2)RestoredLM,LM,12,0,37.5,0,18.75,0,0,2.5,0,0,0,0,2.5,0,0,0,0,0,61.25,18.75,2.5,Y,Y,0,0,0,14,0,0,0,0,0,0,0,0,0,0,0,79,75,22,90,27,58.6,7,6.9,4.5,5,5.5,5.78,2.975,Restored LM
Restored,Post (2),9/17/2024,Idlewild,Post (2)RestoredLM,LM,13,0,18.75,0,0,0,0.5,0,0,2.5,0,0,0,0,0,0,0,0,21.75,37.5,37.5,Y,Y,0,0,0,7,0,0,0,0,0,0,0,0,0,0,0,35,25,14,12,34,24,9.3,7.5,6.9,3.9,7.9,7.1,2.68,Restored LM
Restored,Post (2),9/17/2024,Idlewild,Post (2)RestoredLM,LM,14,0,18.75,0,0,0,0,8.75,0,0,0,0,0,0,0,0,0,0,27.5,62.5,0,N,Y,0,0,0,79,0,0,0,0,0,0,0,0,0,0,0,14,39,9,9,11,16.4,3.2,3.2,3.5,3,2.5,3.08,2.791,Restored LM
Restored,Post (2),9/17/2024,Idlewild,Post (2)RestoredLM,LM,15,0,37.5,0,0,0,0,37.5,0,0,0,0,0,0,0,0,0,0,75,18.75,0,N,Y,0,0,0,55,0,0,0,0,0,0,0,0,0,0,0,40,37,6,9,27,23.8,4.3,4.8,4,2.7,5.4,4.24,2.76,Restored LM
Reference,Post (2),9/16/2024,Idlewild,Post (2)ReferenceHM,HM,1,18.75,0.5,37.5,37.5,0,0,0.5,0,0,0,0,0,0,2.5,0,0,0,97.25,0,0,Y,Y,0,0,0,0,0,0,0,0,0,0,0,0,0,0,0,0,0,0,0,0,0,0,0,0,0,0,0,2.966,Reference HM
Reference,Post (2),9/16/2024,Idlewild,Post (2)ReferenceHM,HM,2,0.5,2.5,62.5,18.75,0,0,0.5,0,0,0,0,0,0,8.75,0,0,0,93.5,0,0,Y,Y,0,0,0,0,0,0,0,0,0,0,0,0,0,0,0,0,0,0,0,0,0,0,0,0,0,0,0,2.942,Reference HM
Reference,Post (2),9/16/2024,Idlewild,Post (2)ReferenceHM,HM,3,0,8.75,37.5,37.5,0,0,0.5,0,0,0,0,0,0,18.75,0,0,0,103,2.5,0,N,Y,0,0,0,0,0,0,0,0,0,0,0,0,0,0,0,0,0,0,0,0,0,0,0,0,0,0,0,3.13,Reference HM
Reference,Post (2),9/16/2024,Idlewild,Post (2)ReferenceHM,HM,4,0,18.75,62.5,18.75,0,0,0.5,0,0,0,0,0,0,0,0,0,0,100.5,0,0,N,Y,0,0,0,0,0,0,0,0,0,0,0,0,0,0,0,0,0,0,0,0,0,0,0,0,0,0,0,3.138,Reference HM
Reference,Post (2),9/16/2024,Idlewild,Post (2)ReferenceHM,HM,5,0,8.75,37.5,37.5,0,0,2.5,0,0,0,0,0,0,2.5,0,0,0,88.75,0,0,Y,Y,0,0,0,0,0,0,0,0,0,0,0,0,0,0,0,0,0,0,0,0,0,0,0,0,0,0,0,3.034,Reference HM
Reference,Post (2),9/16/2024,Idlewild,Post (2)ReferenceHM,HM,6,0.5,0.5,37.5,37.5,0,0,0,0,0,0,0,0,0,0.5,0,0,0,76.5,0,0,N,Y,0,0,0,0,0,0,0,0,0,0,0,0,0,0,0,0,0,0,0,0,0,0,0,0,0,0,0,3.116,Reference HM
Reference,Post (2),9/16/2024,Idlewild,Post (2)ReferenceHM,HM,7,0.5,0,37.5,62.5,0,0,0,0,0,0,0,0,0,0.5,0,0,0,101,0,0,N,Y,0,0,0,0,0,0,0,0,0,0,0,0,0,0,0,0,0,0,0,0,0,0,0,0,0,0,0,3.068,Reference HM
Reference,Post (2),9/16/2024,Idlewild,Post (2)ReferenceHM,HM,8,0.5,0,37.5,62.5,0,0,0.5,0,0,0,0,0,0,0,0,0,0,101,0,0,Y,Y,0,0,0,0,0,0,0,0,0,0,0,0,0,0,0,0,0,0,0,0,0,0,0,0,0,0,0,3.091,Reference HM
Reference,Post (2),9/16/2024,Idlewild,Post (2)ReferenceHM,HM,9,0,0,37.5,37.5,0,0,0.5,0,0,0,0,0,0,18.75,0,0,0,94.25,0,0,Y,Y,0,0,0,0,0,0,0,0,0,0,0,0,0,0,0,0,0,0,0,0,0,0,0,0,0,0,0,3.166,Reference HM
Reference,Post (2),9/16/2024,Idlewild,Post (2)ReferenceHM,HM,10,0,0,37.5,62.5,0,0,0.5,0,2.5,0,0,0,0,2.5,0,0,0,105.5,0,0,Y,Y,0,0,0,0,0,0,0,0,0,0,0,0,0,0,0,0,0,0,0,0,0,0,0,0,0,0,0,3.133,Reference HM
Reference,Post (2),9/16/2024,Idlewild,Post (2)ReferenceHM,HM,11,0,2.5,37.5,37.5,0,0,8.75,0,0,0,0,0,0,0,0,0,0,86.25,0,0,N,Y,0,0,0,0,0,0,0,0,0,0,0,0,0,0,0,0,0,0,0,0,0,0,0,0,0,0,0,3.159,Reference HM
Reference,Post (2),9/16/2024,Idlewild,Post (2)ReferenceHM,HM,12,0,0,62.5,37.5,0,0,0,0,2.5,0,0,0,0,0,0,0,0,102.5,0,0,Y,Y,0,0,0,0,0,0,0,0,0,0,0,0,0,0,0,0,0,0,0,0,0,0,0,0,0,0,0,3.197,Reference HM
Reference,Post (2),9/16/2024,Idlewild,Post (2)ReferenceHM,HM,13,0,0,37.5,37.5,0,0,2.5,0,0,0,0,0,0,0,0,0,0,77.5,0,0,Y,Y,0,0,0,0,0,0,0,0,0,0,0,0,0,0,0,0,0,0,0,0,0,0,0,0,0,0,0,3.147,Reference HM
Reference,Post (2),9/16/2024,Idlewild,Post (2)ReferenceHM,HM,14,0,0,62.5,37.5,0,0,0,0,2.5,0,0,0,0,0,0,0,0,102.5,0,0,Y,Y,0,0,0,0,0,0,0,0,0,0,0,0,0,0,0,0,0,0,0,0,0,0,0,0,0,0,0,3.07,Reference HM
Reference,Post (2),9/16/2024,Idlewild,Post (2)ReferenceHM,HM,15,0,0,62.5,37.5,0,0,0.5,0,2.5,0,0,0,0,0,0,0,0,103,0,0,N,Y,0,0,0,0,0,0,0,0,0,0,0,0,0,0,0,0,0,0,0,0,0,0,0,0,0,0,0,3.33,Reference HM
Reference,Post (2),9/16/2024,Idlewild,Post (2)ReferenceLM,LM,1,0,2.5,0,0,0,0,0,0,0,0,0,0,0,0,0,0,0,2.5,0,87.5,Y,N,0,0,0,0,0,0,0,0,0,0,0,0,0,0,0,0,0,0,0,0,0,0,0,0,0,0,0,2.374,Reference LM
Reference,Post (2),9/16/2024,Idlewild,Post (2)ReferenceLM,LM,2,0,0.5,0.5,2.5,0,0,0,0,0,0,0,0,0,0,0,0,0,3.5,0,87.5,Y,N,0,0,0,2,0,0,0,0,0,0,0,0,0,0,0,4,3,0,0,0,1.4,2.8,2,0,0,0,0.96,2.329,Reference LM
Reference,Post (2),9/16/2024,Idlewild,Post (2)ReferenceLM,LM,3,0,8.75,0,0,0,0,0,0,0,0,0,0,0,0,0,0,0,8.75,0,87.5,Y,N,0,0,0,0,0,0,0,0,0,0,0,0,0,0,0,0,0,0,0,0,0,0,0,0,0,0,0,2.396,Reference LM
Reference,Post (2),9/16/2024,Idlewild,Post (2)ReferenceLM,LM,4,0,0.5,0,0.5,0,0,0,0,0,0,0,0,0,0,0,0,0,1,0,87.5,Y,N,0,1,0,0,0,0,0,0,0,0,0,0,0,0,0,0,0,0,0,0,0,0,0,0,0,0,0,2.261,Reference LM
Reference,Post (2),9/16/2024,Idlewild,Post (2)ReferenceLM,LM,5,0,18.75,0,0,0,0,0,0,0,0,0,0,0,0,0,0,0,18.75,18.75,62.5,Y,Y,0,1,0,1,0,0,0,0,0,0,0,0,0,0,0,11,0,0,0,0,2.2,4.5,0,0,0,0,0.9,2.279,Reference LM
Reference,Post (2),9/16/2024,Idlewild,Post (2)ReferenceLM,LM,6,0,62.5,0,0,0,0,0,0,0,0,0,0,0,0,0,0,0,62.5,37.5,0.5,N,Y,0,1,1,41,0,0,0,0,0,0,0,0,0,0,0,54,80,21,72,56,56.6,4.6,7.6,5.8,7.3,4.8,6.02,0.734,Reference LM
Reference,Post (2),9/16/2024,Idlewild,Post (2)ReferenceLM,LM,7,0,87.5,0,0,0,0,0,0,0,0,0,0,0,0,0,0,0,87.5,18.75,0,Y,Y,0,1,0,38,0,0,0,0,0,0,0,0,0,0,0,49,43,32,31,32,37.4,3.9,5.9,5.1,6.2,4.1,5.04,2.139,Reference LM
Reference,Post (2),9/16/2024,Idlewild,Post (2)ReferenceLM,LM,8,8.75,37.5,0,8.75,0,0,0,0,0,0,0,0,0,0,0,0,0,55,18.75,0,Y,Y,0,1,0,20,0,0,0,0,0,0,0,0,0,0,0,33,5,22,8,8,15.2,3.8,4.5,10.2,4.6,6.8,5.98,2.337,Reference LM
Reference,Post (2),9/16/2024,Idlewild,Post (2)ReferenceLM,LM,9,0,87.5,0,0,0,0,0,0,0,0,0,0,0,0,0,0,0,87.5,18.75,0,N,Y,0,1,0,54,0,0,0,0,0,0,0,0,0,0,0,56,96,66,39,68,65,7.8,3.6,8.9,3.9,5,5.84,1.489,Reference LM
Reference,Post (2),9/16/2024,Idlewild,Post (2)ReferenceLM,LM,10,0,62.5,0,0,0,0,0,0,0,0,0,0,0,0,0,0,0,62.5,37.5,0,N,Y,0,1,1,29,0,0,0,0,0,0,0,0,0,0,0,70,52,73,54,31,56,4.5,3.3,5.1,4.6,3,4.1,1.64,Reference LM
Reference,Post (2),9/16/2024,Idlewild,Post (2)ReferenceLM,LM,11,0,87.5,0,0,0,0,0,0,0,0,0,0,0,0,0,0,0,87.5,18.75,0,Y,Y,0,1,1,60,0,0,0,0,0,0,0,0,0,0,0,29,34,31,29,61,36.8,5.1,5.6,2.9,4.6,6,4.84,2.351,Reference LM
Reference,Post (2),9/16/2024,Idlewild,Post (2)ReferenceLM,LM,12,0,18.75,0,2.5,0,0,0,0,0,0,0,0,0,0,0,0,0,21.25,0,87.5,Y,N,0,0,0,12,0,0,0,0,0,0,0,0,0,0,0,1,2,3,13,5,4.8,1.6,3.1,0.7,3.9,2.3,2.32,2.719,Reference LM
Reference,Post (2),9/16/2024,Idlewild,Post (2)ReferenceLM,LM,13,0,62.5,0.5,2.5,0,0,0,0,0,0,0,0,0,0,0,0,0,65.5,18.75,0.5,N,Y,0,1,0,28,0,0,0,0,0,0,0,0,0,0,0,86,69,26,42,21,48.8,5.8,5.1,4.2,3.9,3.4,4.48,2.534,Reference LM
Reference,Post (2),9/16/2024,Idlewild,Post (2)ReferenceLM,LM,14,0,62.5,0,0,0,0,0,0,0,0,0,0,0,0,0,0,0,62.5,18.75,0,N,Y,0,1,0,64,0,0,0,0,0,0,0,0,0,0,0,28,9,19,22,24,20.4,5.1,1.9,3.6,4,3.9,3.7,2.499,Reference LM
Reference,Post (2),9/16/2024,Idlewild,Post (2)ReferenceLM,LM,15,0,37.5,37.5,2.5,0,0,0.5,0,0,0.5,0,0,0,0,0,0,0,78.5,18.75,0,N,Y,0,0,0,18,0,0,0,0,0,0,0,0,0,0,0,25,32,23,26,29,27,8.1,9.4,3.9,8.2,6.4,7.2,2.725,Reference LM
Restored,Post(3),8/21/2025,Idlewild,Post(3)RestoredHM,HM,1,0,0,0,87.5,0,0.5,0,0,0,8.75,0,0,0,0,0,0,0,96.75,2.5,0,N,Y,0,0,0,0,0,0,0,0,0,0,0,0,0,0,0,0,0,0,0,0,0,0,0,0,0,0,0,2.746,
Restored,Post(3),8/21/2025,Idlewild,Post(3)RestoredHM,HM,2,0,18.75,37.5,18.75,0,,0,0,0,0,0,0.5,0,0,0,0,0,75.5,8.75,0.5,Y,Y,0,0,0,0,0,0,0,0,0,0,0,0,0,0,0,0,0,0,0,0,0,0,0,0,0,0,0,3.175,
Restored,Post(3),8/21/2025,Idlewild,Post(3)RestoredHM,HM,3,0,0,8.75,62.5,0,0.5,0,0,0,0,0,8.75,0,0,0,0,0,80.5,18.75,0.5,N,Y,0,0,0,0,0,0,0,0,0,0,0,0,0,0,0,0,0,0,0,0,0,0,0,0,0,0,0,2.811,
Restored,Post(3),8/21/2025,Idlewild,Post(3)RestoredHM,HM,4,0.5,2.5,0,87.5,0,2.5,0,0,0,2.5,0,0,0,0,0,0,0,95.5,2.5,0.5,Y,Y,0,0,0,0,0,0,0,0,0,0,0,0,0,0,0,0,0,0,0,0,0,0,0,0,0,0,0,3.014,
Restored,Post(3),8/21/2025,Idlewild,Post(3)RestoredHM,HM,5,0,0,18.75,62.5,0,0,0,0,0,0,0,0,0,0,0,0,0,81.25,8.75,0.5,Y,Y,0,0,0,0,0,0,0,0,0,0,0,0,0,0,0,0,0,0,0,0,0,0,0,0,0,0,0,3.455,
Restored,Post(3),8/21/2025,Idlewild,Post(3)RestoredHM,HM,6,0,0,18.75,2.5,0,0,0.5,0,0,0,0,0.5,0.5,0,0,0,0,22.75,62.5,0.5,Y,Y,0,0,0,0,0,0,0,0,0,0,0,0,0,0,0,0,0,0,0,0,0,0,0,0,0,0,0,3.612,
Restored,Post(3),8/21/2025,Idlewild,Post(3)RestoredHM,HM,7,0,0,18.75,2.5,0,0,0.5,0,0,0,0,2.5,0,0,0,0,0,24.25,62.5,0,N,Y,0,0,0,0,0,0,0,0,0,0,0,0,0,0,0,0,0,0,0,0,0,0,0,0,0,0,0,3.626,
Restored,Post(3),8/21/2025,Idlewild,Post(3)RestoredHM,HM,8,0,0,37.5,18.75,0,0.5,0,0,0,0.5,0,0.5,0,0,0,0,0,57.75,37.5,0,N,Y,0,0,0,0,0,0,0,0,0,0,0,0,0,0,0,0,0,0,0,0,0,0,0,0,0,0,0,3.467,
Restored,Post(3),8/21/2025,Idlewild,Post(3)RestoredHM,HM,9,0,37.5,0,18.75,0,0,0,0,0,2.5,0,0,0,0,0,0,0,58.75,18.75,2.5,Y,Y,0,0,0,0,0,0,0,0,0,0,0,0,0,0,0,0,0,0,0,0,0,0,0,0,0,0,0,2.962,
Restored,Post(3),8/21/2025,Idlewild,Post(3)RestoredHM,HM,10,0,18.75,0,37.5,0,0,8.75,0,0,0,0,0,0,0,0,0,0,65,37.5,0,N,Y,0,0,0,0,0,0,0,0,0,0,0,0,0,0,0,0,0,0,0,0,0,0,0,0,0,0,0,2.828,
Restored,Post(3),8/21/2025,Idlewild,Post(3)RestoredHM,HM,11,0,0.5,0,62.5,0,0,0.5,0,0,8.75,0,0,0,0,0,0,0,72.25,18.75,0,N,Y,0,0,0,0,0,0,0,0,0,0,0,0,0,0,0,0,0,0,0,0,0,0,0,0,0,0,0,3.024,
Restored,Post(3),8/21/2025,Idlewild,Post(3)RestoredHM,HM,12,0,8.75,18.75,62.5,0,0,0,0,0,0,0,0,0,0,0,0,0,90,2.5,0,Y,Y,0,0,0,0,0,0,0,0,0,0,0,0,0,0,0,0,0,0,0,0,0,0,0,0,0,0,0,3.079,
Restored,Post(3),8/21/2025,Idlewild,Post(3)RestoredHM,HM,13,0,0,37.5,18.75,0,0,0,0,0,0,0,0.5,0.5,0,0,0,0,57.25,37.5,0,N,Y,0,0,0,0,0,0,0,0,0,0,0,0,0,0,0,0,0,0,0,0,0,0,0,0,0,0,0,3.281,
Restored,Post(3),8/21/2025,Idlewild,Post(3)RestoredHM,HM,14,0,2.5,37.5,2.5,0,0,0,0,0,2.5,0,0.5,8.75,0,0,0,0,54.25,37.5,0.5,Y,Y,0,0,0,0,0,0,0,0,0,0,0,0,0,0,0,0,0,0,0,0,0,0,0,0,0,0,0,3.224,
Restored,Post(3),8/21/2025,Idlewild,Post(3)RestoredHM,HM,15,0,0,37.5,18.75,0,0,0.5,0,0,0,0,8.75,8.75,0,0,0,0,74.25,18.75,0,N,Y,0,0,0,0,0,0,0,0,0,0,0,0,0,0,0,0,0,0,0,0,0,0,0,0,0,0,0,3.433,
Restored,Post(3),8/21/2025,Idlewild,Post(3)RestoredLM,LM,1,0,37.5,0,0,0,0,0.5,0,0,0,0,0,0,0,0,0,0,38,18.75,37.5,Y,Y,1,0,0,31,0,0,0,0,0,0,0,0,0,0,0,12,16,22,15,11,15.2,7,6.8,7.5,6.7,2.2,6.04,2.126,
Restored,Post(3),8/21/2025,Idlewild,Post(3)RestoredLM,LM,2,0,62.5,0,0,0,0,2.5,0,0,0,0,0,0,0,0,0,0,65,37.5,0,N,Y,0,0,0,76,0,0,0,0,0,0,0,0,0,0,0,17,18,14,19,14,16.4,6.5,4.1,2.8,7.1,3.4,4.78,2.207,
Restored,Post(3),8/21/2025,Idlewild,Post(3)RestoredLM,LM,3,0,37.5,0,0,0,0,37.5,0,0,0,0,18.75,0,0,0,0,0,93.75,18.75,0,N,Y,0,0,0,28,0,0,0,0,0,0,0,0,0,0,0,20,15,7,14,31,17.4,5.8,5.1,3,4.6,9.5,5.6,2.389,
Restored,Post(3),8/21/2025,Idlewild,Post(3)RestoredLM,LM,4,0,62.5,0,0,0,0,0.5,0,0,0,0,0,0,0,0,0,0,63,37.5,0,Y,Y,0,0,0,37,0,0,0,0,0,0,0,0,0,0,0,37,32,72,19,31,38.2,6.5,8,6,5.8,5.2,6.3,1.92,
Restored,Post(3),8/21/2025,Idlewild,Post(3)RestoredLM,LM,5,0,37.5,0,0,0,0,0,0,0,0,0,0,0,0,0,0,0,37.5,62.5,2.5,N,Y,0,1,0,25,0,0,0,0,0,0,0,0,0,0,0,31,22,23,23,27,25.2,6.1,5.1,6.6,6.3,9.5,6.72,1.628,
Restored,Post(3),8/21/2025,Idlewild,Post(3)RestoredLM,LM,6,0,37.5,0,0,0,0,0,0,0.5,0,0,0,0,0,0,0,0,38,8.75,37.5,Y,Y,0,0,0,18,0,0,0,0,0,0,0,0,0,0,0,8,26,8,13,7,12.4,4.7,9.1,5,4.5,5.9,5.84,2.881,
Restored,Post(3),8/21/2025,Idlewild,Post(3)RestoredLM,LM,7,0,62.5,0,0,0,0,0.5,0,0,0,0,0,0,0,0,0,0,63,37.5,0.5,Y,Y,0,0,0,52,0,0,0,0,0,0,0,0,0,0,0,41,37,39,31,10,31.6,8.1,7,6,2.5,5.5,5.82,1.842,
Restored,Post(3),8/21/2025,Idlewild,Post(3)RestoredLM,LM,8,0,37.5,0,0,0,0,0.5,0,0,0,0,18.75,0,0,0,0,0,56.75,62.5,8.75,Y,N,0,0,0,36,0,0,0,0,0,0,0,0,0,0,0,11,55,49,10,24,29.8,7.5,5.7,5.8,5,5.4,5.88,2.425,
Restored,Post(3),8/21/2025,Idlewild,Post(3)RestoredLM,LM,9,0,62.5,0,0,0,0,0.5,0,0,2.5,0,0,0,0,0,0,0,65.5,37.5,0.5,Y,Y,0,0,0,40,0,0,0,0,0,0,0,0,0,0,0,16,20,27,13,7,16.6,4.8,5.9,6,5.9,6.5,5.82,2.629,
Restored,Post(3),8/21/2025,Idlewild,Post(3)RestoredLM,LM,10,0,37.5,0,0,0,0,18.75,0,0,0,0,0,0,0,0,0,0,56.25,37.5,0,Y,Y,0,0,0,67,0,0,0,0,0,0,0,0,0,0,0,43,59,17,24,11,30.8,7.5,6.7,5.1,5.5,4.5,5.86,2.483,
Restored,Post(3),8/21/2025,Idlewild,Post(3)RestoredLM,LM,11,0,62.5,0,0,0,0,0,0,0,0,0,0,0,0,0,0,0,62.5,37.5,0.5,Y,Y,0,0,0,68,0,0,0,0,0,0,0,0,0,0,0,106,55,46,58,107,74.4,6.7,4.8,6.5,7,6.5,6.3,1.842,
Restored,Post(3),8/21/2025,Idlewild,Post(3)RestoredLM,LM,12,0,37.5,8.75,37.5,0,0,0,0,0,0,0,0,0,0,0,0,0,83.75,8.75,0,N,Y,0,1,0,26,0,0,0,0,0,0,0,0,0,0,0,11,7,13,35,22,17.6,5.2,5.2,6.5,6,4.8,5.54,2.772,
Restored,Post(3),8/21/2025,Idlewild,Post(3)RestoredLM,LM,13,0,37.5,0,0,0,0,0,0,0,0,0,0,0,0,0,0,0,37.5,62.5,2.5,Y,Y,0,0,0,10,0,0,0,0,0,0,0,0,0,0,0,9,15,20,57,10,22.2,6,11.3,11,10.4,3.5,8.44,2.137,
Restored,Post(3),8/21/2025,Idlewild,Post(3)RestoredLM,LM,14,0,18.75,0,0,0,0,37.5,0,0,0,0,0,0,0,0,0,0,56.25,37.5,0,Y,Y,0,0,0,47,0,0,0,0,0,0,0,0,0,0,0,22,38,25,13,6,20.8,6,6.2,7.8,6.8,3.4,6.04,2.711,
Restored,Post(3),8/21/2025,Idlewild,Post(3)RestoredLM,LM,15,0,18.75,0,0,0,0,37.5,0,0,0,0,0,0,0,0,0,0,56.25,18.75,0,Y,Y,0,0,0,26,0,0,0,0,0,0,0,0,0,0,0,91,10,10,27,5,28.6,8.4,5.8,5.5,6.5,4.5,6.14,2.61,
Reference,Post(3),8/21/2025,Idlewild,Post(3)ReferenceHM,HM,1,18.75,0,18.75,62.5,0,0,0,0,0,0.5,0,0,0,0,0,0,0,100.5,2.5,0,Y,Y,0,0,0,0,0,0,0,0,0,0,0,0,0,0,0,0,0,0,0,0,0,0,0,0,0,0,0,2.992,
Reference,Post(3),8/21/2025,Idlewild,Post(3)ReferenceHM,HM,2,0,8.75,37.5,62.5,0,0,0,0,0,0,0,0,0,0,0,0,0,108.75,2.5,0,N,Y,0,0,0,0,0,0,0,0,0,0,0,0,0,0,0,0,0,0,0,0,0,0,0,0,0,0,0,3.045,
Reference,Post(3),8/21/2025,Idlewild,Post(3)ReferenceHM,HM,3,0.5,8.75,37.5,37.5,0,0,0,0,0.5,0,0,0,0,0,0,2.5,0,87.25,0.5,0,N,Y,0,0,0,0,0,0,0,0,0,0,0,0,0,0,0,0,0,0,0,0,0,0,0,0,0,0,0,3.054,
Reference,Post(3),8/21/2025,Idlewild,Post(3)ReferenceHM,HM,4,0,18.75,37.5,62.5,0,0,0,0,0,0,0,0,0,0,0,0,0,118.75,2.5,0,Y,Y,0,0,0,0,0,0,0,0,0,0,0,0,0,0,0,0,0,0,0,0,0,0,0,0,0,0,0,3.217,
Reference,Post(3),8/21/2025,Idlewild,Post(3)ReferenceHM,HM,5,0,8.75,37.5,62.5,0,0,0,0,0.5,0,0,0,0,0,0,0.5,0,109.75,0,0,N,Y,0,0,0,0,0,0,0,0,0,0,0,0,0,0,0,0,0,0,0,0,0,0,0,0,0,0,0,3.026,
Reference,Post(3),8/21/2025,Idlewild,Post(3)ReferenceHM,HM,6,0,2.5,8.75,87.5,0,0,0,0,0,0,0,0,0,0,0,0,0,98.75,2.5,0,N,Y,0,0,0,0,0,0,0,0,0,0,0,0,0,0,0,0,0,0,0,0,0,0,0,0,0,0,0,3.229,
Reference,Post(3),8/21/2025,Idlewild,Post(3)ReferenceHM,HM,7,8.75,0,8.75,87.5,0,0,0,0,0.5,0,0,0,0,0,0,0,0,105.5,0.5,0,Y,Y,0,0,0,0,0,0,0,0,0,0,0,0,0,0,0,0,0,0,0,0,0,0,0,0,0,0,0,3.112,
Reference,Post(3),8/21/2025,Idlewild,Post(3)ReferenceHM,HM,8,0.5,0,37.5,62.5,0,0,0,0,0,0,0,0,0,0,0,0,0,100.5,2.5,0,N,Y,0,0,0,0,0,0,0,0,0,0,0,0,0,0,0,0,0,0,0,0,0,0,0,0,0,0,0,3.15,
Reference,Post(3),8/21/2025,Idlewild,Post(3)ReferenceHM,HM,9,0.5,0,37.5,37.5,0,0,0,0,0.5,0,0,0,0,0,0,2.5,0,78.5,0,0,N,Y,0,0,0,0,0,0,0,0,0,0,0,0,0,0,0,0,0,0,0,0,0,0,0,0,0,0,0,3.052,
Reference,Post(3),8/21/2025,Idlewild,Post(3)ReferenceHM,HM,10,0,0,37.5,37.5,0,0,0,0,0.5,2.5,0,0,0,0,0,0,0,78,0,0,N,Y,0,0,0,0,0,0,0,0,0,0,0,0,0,0,0,0,0,0,0,0,0,0,0,0,0,0,0,3.112,
Reference,Post(3),8/21/2025,Idlewild,Post(3)ReferenceHM,HM,11,0,0,37.5,62.5,0,0,0,0,0,0,0,0,0,0,0,0,0,100,0,0,N,Y,0,0,0,0,0,0,0,0,0,0,0,0,0,0,0,0,0,0,0,0,0,0,0,0,0,0,0,2.939,
Reference,Post(3),8/21/2025,Idlewild,Post(3)ReferenceHM,HM,12,0,0,62.5,37.5,0,0,0,0,2.5,0,0,0,0,0,0,0,0,102.5,0,0,Y,Y,0,0,0,0,0,0,0,0,0,0,0,0,0,0,0,0,0,0,0,0,0,0,0,0,0,0,0,3.238,
Reference,Post(3),8/21/2025,Idlewild,Post(3)ReferenceHM,HM,13,0,0,37.5,62.5,0,0,0,0,0,0,0,0,0,0,0,0,0,100,0,0,N,Y,0,0,0,0,0,0,0,0,0,0,0,0,0,0,0,0,0,0,0,0,0,0,0,0,0,0,0,3.149,
Reference,Post(3),8/21/2025,Idlewild,Post(3)ReferenceHM,HM,14,0,0,37.5,37.5,0,0,0,0,2.5,0,0,0,0,0,0,0,0,77.5,0.5,0,N,Y,0,0,0,0,0,0,0,0,0,0,0,0,0,0,0,0,0,0,0,0,0,0,0,0,0,0,0,3.067,
Reference,Post(3),8/21/2025,Idlewild,Post(3)ReferenceHM,HM,15,0,0,37.5,62.5,0,0,0,0,0.5,0,0,0,0,0,0,0,0,100.5,0,0,N,Y,0,0,0,0,0,0,0,0,0,0,0,0,0,0,0,0,0,0,0,0,0,0,0,0,0,0,0,3.125,
Reference,Post(3),8/21/2025,Idlewild,Post(3)ReferenceLM,LM,1,0,18.75,0,0,0,0,0,0,0,0,0,0,0,0,0,0,0,18.75,62.5,0,Y,N,0,0,0,21,0,0,0,0,0,0,0,0,0,0,0,17,9,19,7,11,12.6,2.6,2.1,3.2,2.2,4,2.82,2.16,
Reference,Post(3),8/21/2025,Idlewild,Post(3)ReferenceLM,LM,2,0,37.5,0,0,0,0,18.75,0,0,0,0,0,0,0,0,0,0,56.25,62.5,0,Y,N,0,0,0,28,0,0,0,0,0,0,0,0,0,0,0,11,10,12,32,4,13.8,4.7,2.3,1.8,3.8,1.2,2.76,1.973,
Reference,Post(3),8/21/2025,Idlewild,Post(3)ReferenceLM,LM,3,0,18.75,0,0,0,0,2.5,0,0,0,0,0,0,0,0,0,0,21.25,87.5,0,Y,N,0,0,0,38,0,0,0,0,0,0,0,0,0,0,0,21,7,17,3,0,9.6,2.7,3.7,3.8,2.2,0,2.48,2.427,
Reference,Post(3),8/21/2025,Idlewild,Post(3)ReferenceLM,LM,4,0,18.75,0,0,0,0,18.75,0,0,0,0,0,0,0,0,0,0,37.5,62.5,0,N,N,0,0,0,1,0,0,0,0,0,0,0,0,0,0,0,2,0,0,0,0,0.4,5.5,0,0,0,0,1.1,2.213,
Reference,Post(3),8/21/2025,Idlewild,Post(3)ReferenceLM,LM,5,0,62.5,0,0,0,0,18.75,0,0,0,0,0,0,0,0,0,0,81.25,18.75,8.75,Y,N,0,0,0,52,0,0,0,0,0,0,0,0,0,0,0,113,20,14,17,9,34.6,8.1,8.2,6.6,6.7,2.3,6.38,2.224,
Reference,Post(3),8/21/2025,Idlewild,Post(3)ReferenceLM,LM,6,0,37.5,0,0,0,0,0,0,0,0,0,0,0,0,0,0,0,37.5,62.5,0,N,Y,0,1,1,35,0,0,0,0,0,0,0,0,0,0,0,41,38,36,6,37,31.6,5,4.5,3.4,5.7,3.9,4.5,0.425,
Reference,Post(3),8/21/2025,Idlewild,Post(3)ReferenceLM,LM,7,0,62.5,0,0,0,0,0,0,0,0,0,0,0,0,0,0,0,62.5,18.75,0,Y,Y,0,0,1,25,0,0,0,0,0,0,0,0,0,0,0,37,18,31,39,6,26.2,8.1,8.6,10.4,8.3,5.2,8.12,2.069,
Reference,Post(3),8/21/2025,Idlewild,Post(3)ReferenceLM,LM,8,8.75,37.5,18.75,0,0,0,0,0,0,0,0,0,0,0,0,0,0,65,18.75,0,Y,Y,0,0,0,43,0,0,0,0,0,0,0,0,0,0,0,26,26,30,17,20,23.8,5.6,3.8,4.6,3.7,3.4,4.22,2.232,
Reference,Post(3),8/21/2025,Idlewild,Post(3)ReferenceLM,LM,9,0,62.5,0,0,0,0,0,0,0,0,0,0,0,0,0,0,0,62.5,18.75,0,N,Y,0,0,1,36,0,0,0,0,0,0,0,0,0,0,0,28,17,22,33,34,26.8,5.4,2.4,3.4,3.8,6.1,4.22,1.39,
Reference,Post(3),8/21/2025,Idlewild,Post(3)ReferenceLM,LM,10,0,87.5,0,0,0,0,0,0,0,0,0,0,0,0,0,0,0,87.5,18.75,0,N,Y,1,1,1,34,0,0,0,0,0,0,0,0,0,0,0,36,45,33,26,25,33,7.2,5.5,5.9,5.8,5.4,5.96,1.532,
Reference,Post(3),8/21/2025,Idlewild,Post(3)ReferenceLM,LM,11,0,87.5,0,0,0,0,0,0,0,0,0,0,0,0,0,0,0,87.5,18.75,0,N,Y,1,1,0,47,0,0,0,0,0,0,0,0,0,0,0,16,22,29,17,25,21.8,2,2.3,4.6,3.4,7.2,3.9,1.899,
Reference,Post(3),8/21/2025,Idlewild,Post(3)ReferenceLM,LM,12,0,37.5,0,2.5,0,0,37.5,0,0,0,0,0,0,0,0,0,0,77.5,37.5,0,N,N,0,0,0,16,0,0,0,0,0,0,0,0,0,0,0,16,10,11,21,5,12.6,6.2,6.8,5.5,5.8,5,5.86,2.561,
Reference,Post(3),8/21/2025,Idlewild,Post(3)ReferenceLM,LM,13,0,87.5,0,2.5,0,0,2.5,0,0,0,0,0,0,0,0,0,0,92.5,18.75,0,N,Y,0,1,1,21,0,0,0,0,0,0,0,0,0,0,0,26,15,13,15,39,21.6,7.2,5.9,4.4,3.2,7.3,5.6,2.386,
Reference,Post(3),8/21/2025,Idlewild,Post(3)ReferenceLM,LM,14,0,62.5,0,0,0,0,2.5,0,0,0,0,0,0,0,0,0,0,65,18.75,0,N,Y,0,1,1,53,0,0,0,0,0,0,0,0,0,0,0,14,19,19,8,12,14.4,5,5.4,4.6,7.3,2.7,5,2.394,
Reference,Post(3),8/21/2025,Idlewild,Post(3)ReferenceLM,LM,15,0,18.75,18.75,18.75,0,0,0,0,0,2.5,0,0,0,0,0,0,0,58.75,18.75,0,N,Y,0,0,0,13,0,0,0,0,0,0,0,0,0,0,0,12,15,18,17,5,13.4,3.4,6.4,7,9,4.2,6,2.679,
