Rest/Ref,Age (yr),Date,Site Name,AreaName,Area,Plot,PHAU,SPAL,SPPA,DISP,SOSE,IVFR,SADE,JUGE,ATPA,LICA,BAHA,SUMA,SPMA,SYSU,SYTE,ALGAE,CEOR,Total Cover,Unveg,WRK,GRB,Lit,Mussel_Count,CrabBur,Snail_COUNT ,SPAL Stem Count,Flower Cover,SPPA Stem Count,Flower Cover,DISP Stem Count,Flower Cover,JUGE Stem Count,Flower Cover,PHAU Stem Count,Flower Cover,LICA Stem Count,Flower Cover,SPAL_H1 (cm),SPAL_H2 (cm),SPAL_H3 (cm),SPAL_H4 (cm),SPAL_H5 (cm),SPAL_H_Avg,SPAL_D1(cm),SPAL_D2(cm),SPAL_D3(cm),SPAL_D4(cm),SPAL_D5 (cm),SPAL_D_Avg,Elevation ft,GIS Plot ID,check
Restored,Pre,8/12/2019,Idlewild,,C,C01,0,87.5,2.5,0,0,0,0,0,0,0,0,,,,,0,0,90,18.75,0,0.5,0,0,0,0,34,0,0,0,0,0,0,0,0,0,0,0,32,44.5,60.7,67.4,40,48.92,0.61,0.63,0.67,0.69,0.51,0.622,2.159,0,EV
Restored,Pre,8/12/2019,Idlewild,,C,C02,0,87.5,0,8.75,0,0,0,0,0,0,0,,,,,0,0,96.25,2.5,18.75,0.5,0,0,0,0,39,0,0,0,0,0,0,0,0,0,0,0,58.5,24.3,15,32.2,35.9,33.18,0.84,0.81,0.54,0.6,0.8,0.718,2.352,0,EV
Restored,Pre,8/12/2019,Idlewild,,C,C03,0,87.5,0,0,0,0,0,0,0,0,0,,,,,0,0,87.5,8.75,0,0,0,7,4,0,52,0,0,0,0,0,0,0,0,0,0,0,70.3,35,40,40.9,27.6,42.76,0.8,0.66,0.6,0.71,0.72,0.698,2.022,0,EV
Restored,Pre,8/12/2019,Idlewild,,C,C04,0,87.5,0,0,0,0,0,0,0,0,0,,,,,0,0,87.5,8.75,0,0,0,9,35,2,69,0,0,0,0,0,0,0,0,0,0,0,22,18.5,32.8,15.5,30.5,23.86,0.38,0.34,0.38,0.52,0.53,0.43,1.961,0,EV
Restored,Pre,8/12/2019,Idlewild,,C,C05,0,87.5,0,0,0,0,0,0,0,0,0,,,,,0,0,87.5,8.75,0,0,2.5,2,11,1,63,0,0,0,0,0,0,0,0,0,0,0,64,41,36.5,45,24.6,42.22,0.86,0.71,0.65,0.8,0.8,0.764,2.404,0,EV
Restored,Pre,8/12/2019,Idlewild,,C,C06,0,8.75,62.5,18.75,0,0,0,0,0,0,0,,,,,0,0,90,0,0,0,0,0,0,0,0,0,3000,18.75,0,2.5,0,0,0,0,0,0,0,0,0,0,0,0,0,0,0,0,0,0,2.185,0,EV
Restored,Pre,8/12/2019,Idlewild,,C,C07,0,37.5,37.5,0,0,0,0.5,0,0,0,0,,,,,0,0,75.5,8.75,0,0,0,0,0,0,28,0,75,18.75,0,0,0,0,0,0,0,0,57,43.5,45.3,31.3,27.8,40.98,0.92,0.55,0.69,0.72,0.6,0.696,2.299,0,EV
Restored,Pre,8/12/2019,Idlewild,,C,C08,0,2.5,62.5,8.75,0,0,2.5,0,0,0,0,,,,,0,0,76.25,18.75,0,0,0,0,0,0,0,0,1500,37.5,0,8.75,0,0,0,0,0,0,0,0,0,0,0,0,0,0,0,0,0,0,2.591,0,EV
Restored,Pre,8/12/2019,Idlewild,,C,C09,0,62.5,0,2.5,0,0,2.5,0,0,0,0,,,,,0,0,67.5,8.75,0,0,0,1,0,1,65,0,0,0,0,0,0,0,0,0,0,0,13.2,19,12.1,15.5,9,13.76,0.54,0.7,0.46,0.4,0.24,0.468,2.444,0,EV
Restored,Pre,8/12/2019,Idlewild,,C,C10,0,62.5,0,0,0,0,0,0,0,0,0,,,,,0,0,62.5,18.75,0,0,0,1,6,1,68,0,0,0,0,0,0,0,0,0,0,0,57,39.5,32,32,38.5,39.8,0.62,0.55,0.75,0.73,0.55,0.64,1.944,0,EV
Restored,Pre,8/12/2019,Idlewild,,C,C11,0,2.5,62.5,8.75,0,0,2.5,0,0,0,0,,,,,0,0,76.25,8.75,0,0,0,0,0,0,0,0,150,37.5,0,2.5,0,0,0,0,0,0,0,0,0,0,0,0,0,0,0,0,0,0,2.118,0,EV
Restored,Pre,8/12/2019,Idlewild,,C,C12,0,37.5,8.75,8.75,0,0,0,0,0,0,0,,,,,0,0,55,2.5,18.75,0.5,0,0,0,0,43,0,0,2.5,0,0.5,0,0,0,0,0,0,27,16.2,23.5,21.3,11,19.8,0.4,0.61,0.77,0.34,0.88,0.6,2.266,0,EV
Restored,Pre,8/12/2019,Idlewild,,C,C13,0,62.5,0,18.75,0,0,8.75,0,0,0,0,,,,,0,0,90,2.5,0,0,0,2,0,2,43,0,0,0,0,0,0,0,0,0,0,0,22.4,6.8,7.7,24.8,15.5,15.44,0.36,0.24,0.29,0.47,0.39,0.35,2.141,0,EV
Restored,Pre,8/12/2019,Idlewild,,C,C14,0,37.5,0,0,0,0,0,0,0,0,0,,,,,0,0,37.5,62.5,0,0,0,120,0,0,42,0,0,0,0,0,0,0,0,0,0,0,24.8,53,33.6,30.4,24.7,33.3,0.4,0.8,0.5,0.74,0.65,0.618,1.324,0,EV
Restored,Pre,8/12/2019,Idlewild,,C,C15,0,37.5,8.75,8.75,0,0,0,0,0,0,0,,,,,0,0,55,37.5,0,0,0,4,5,0,57,0,0,2.5,0,0,0,0,0,0,0,0,56.9,34.5,25.2,40,31.8,37.68,0.69,0.62,0.48,0.82,0.63,0.648,2.029,0,EV
Restored,Pre,8/13/2019,Idlewild,,B,B01,0,62.5,0,0,0,0,0,0,0,0,0,,,,,0,0,62.5,18.75,0,0,0,2,0,5,48,0,0,0,0,0,0,0,0,0,0,0,16,24.3,19.5,19,26.6,21.08,0.55,0.76,0.54,0.71,0.71,0.654,2.324,0,EV
Restored,Pre,8/13/2019,Idlewild,,B,B02,0,87.5,0,2.5,0,0,0,0,0,0,0,,,,,0,0,90,8.75,2.5,0,0,4,0,1,75,0,0,0,0,0,0,0,0,0,0,0,18.5,21.8,17.1,21.7,29.7,21.76,0.6,0.53,0.35,0.65,0.4,0.506,2.575,0,EV
Restored,Pre,8/13/2019,Idlewild,,B,B03,0,0.5,37.5,37.5,0,0,0,0,0,0,0,,,,,0,0,75.5,0,0,0,0,0,0,0,0,0,150,2.5,150,18.75,0,0,0,0,0,0,0,0,0,0,0,0,0,0,0,0,0,0,2.908,0,EV
Restored,Pre,8/13/2019,Idlewild,,B,B04,0,62.5,2.5,2.5,0,0,0,0,0,0,0,,,,,0,0,67.5,8.75,8.75,0,0,57,0,1,67,0,0,0,0,0,0,0,0,0,0,0,17.9,40.7,24.7,26,34.3,28.72,0.7,0.8,0.56,0.56,0.47,0.618,2.45,0,EV
Restored,Pre,8/13/2019,Idlewild,,B,B05,0,62.5,2.5,0.5,0,0,0.5,0,0,0,0,,,,,0,0,66,18.75,2.5,0,0,70,3,3,57,0,0,0,0,0,0,0,0,0,0,0,53.4,42.2,31.1,29,33.6,37.86,0.65,0.61,0.81,0.55,0.35,0.594,2.572,0,EV
Restored,Pre,8/13/2019,Idlewild,,B,B06,0,0,0,0,0,0,0,0,0,0,0,,,,,0,0,0,87.5,0,2.5,2.5,0,0,0,0,0,0,0,0,0,0,0,0,0,0,0,0,0,0,0,0,0,0,0,0,0,0,0,1.273,0,EV
Restored,Pre,8/13/2019,Idlewild,,B,B07,0,87.5,0,0,0,0,0,0,0,0,0,,,,,0,0,87.5,8.75,0,0,0,33,3,3,71,0,0,0,0,0,0,0,0,0,0,0,64,43.2,55.4,46.9,64,54.7,0.8,0.6,0.64,0.68,0.75,0.694,2.155,0,EV
Restored,Pre,8/13/2019,Idlewild,,B,B08,0,87.5,0,0,0,0,0,0,0,0,0,,,,,0,0,87.5,0,0,0,0,5,0,8,247,0.5,0,0,0,0,0,0,0,0,0,0,22.2,27.8,19.3,17.7,31.5,23.7,0.29,0.28,0.31,0.26,0.37,0.302,2.43,0,EV
Restored,Pre,8/13/2019,Idlewild,,B,B09,0,0,0,0,0,0,0,0,0,0,0,,,,,0.5,0,0.5,87.5,0.5,0,0,0,0,200,0,0,0,0,0,0,0,0,0,0,0,0,0,0,0,0,0,0,0,0,0,0,0,0,0.026,0,EV
Restored,Pre,8/13/2019,Idlewild,,B,B10,0,87.5,0,0,0,0,0,0,0,0,0,,,,,0,0,87.5,8.75,2.5,0,0,36,3,5,81,0,0,0,0,0,0,0,0,0,0,0,19.6,21.7,29,22.4,39.2,26.38,0.48,0.39,0.52,0.5,0.66,0.51,2.383,0,EV
Restored,Pre,8/13/2019,Idlewild,,B,B11,0,62.5,0,0,0,0,0,0,0,0,0,,,,,0,0,62.5,18.75,8.75,2.5,0,102,5,5,37,0,0,0,0,0,0,0,0,0,0,0,68.9,42.8,45.8,57.4,50.7,53.12,0.84,0.62,0.51,0.78,0.8,0.71,2.12,0,EV
Restored,Pre,8/13/2019,Idlewild,,B,B12,0,62.5,0,0,0,0,0,0,0,0,0,,,,,0,0,62.5,18.75,0,0,0,36,0,23,103,0,0,0,0,0,0,0,0,0,0,0,57.2,25.6,23.9,33.6,18,31.66,0.51,0.45,0.5,0.76,0.39,0.522,2.159,0,EV
Restored,Pre,8/13/2019,Idlewild,,B,B13,0,18.75,0,0,0,0,0,0,0,0,0,,,,,0,0,18.75,67.5,0.5,0,0,94,0,0,46,0.5,0,0,0,0,0,0,0,0,0,0,68.2,65.8,57,35.4,66.5,58.58,0.72,0.61,0.71,0.52,0.74,0.66,2.06,0,EV
Restored,Pre,8/13/2019,Idlewild,,B,B14,0,37.5,0,0,0,0,0,0,0,18.75,0,,,,,0,0,56.25,37.5,0,0,0.5,12,18,1,10,0,0,0,0,0,0,0,0,0,0,18.75,8.2,23.6,19.8,15.9,14.3,16.36,0.4,0.62,0.61,0.47,0.66,0.552,2.326,0,EV
Restored,Pre,8/13/2019,Idlewild,,B,B15,0,0,0,0,0,0,0,0,0,0,0,,,,,0,0,0,87.5,0,0,0,115,32,50,0,0,0,0,0,0,0,0,0,0,0,0,0,0,0,0,0,0,0,0,0,0,0,0,0.554,0,EV
Restored,Pre,8/14/2019,Idlewild,,A,A01,0,37.5,0,0,0,0,0.5,0,0,0,0,,,,,0,0,38,62.5,0,0,0,17,0,0,24,0.5,0,0,0,0,0,0,0,0,0,0,43.7,33.8,40,28.7,93.6,47.96,0.78,0.47,0.52,0.5,0.8,0.614,2.597,0,EV
Restored,Pre,8/14/2019,Idlewild,,A,A02,0,37.5,0,8.75,0,0,0,0,0,0,0,,,,,0,0,46.25,62.5,2.5,2.5,0,44,9,0,19,0,0,0,0,2.5,0,0,0,0,0,0,49.3,52.5,60.3,28.5,27.9,43.7,0.42,0.5,0.71,0.69,0.61,0.586,2.411,0,EV
Restored,Pre,8/14/2019,Idlewild,,A,A03,0,67.5,0,0,0,0,0.5,0,0,0,0,,,,,0,0,68,37.5,0,0,0,41,6,160,31,0,0,0,0,0,0,0,0,0,0,0,67.7,21,41.2,45.5,28.9,40.86,0.81,0.7,0.79,0.72,0.54,0.712,1.865,0,EV
Restored,Pre,8/14/2019,Idlewild,,A,A04,0,87.5,0,0,0,0,0,0,0,0,0,,,,,0,0,87.5,8.75,0,0,0,44,8,19,44,0,0,0,0,0,0,0,0,0,0,0,41.8,40.4,97.4,39,21.9,48.1,0.51,0.72,0.57,0.6,0.33,0.546,1.868,0,EV
Restored,Pre,8/14/2019,Idlewild,,A,A05,0,37.5,37.5,0,0,0,8.75,0,0,0,0,,,,,0,0,83.75,0,0,0,0,13,0,2,9,0,150,0,0,0,0,0,0,0,0,0,49.5,59.6,58.7,64.9,20.8,50.7,1.09,1.31,0.99,1.04,0.82,1.05,2.066,0,EV
Restored,Pre,8/14/2019,Idlewild,,A,A06,0,62.5,0,0,0,0,0,0,0,0,0,,,,,0,0,62.5,18.75,0,0,0,33,8,7,23,0.5,0,0,0,0,0,0,0,0,0,0,87.4,49.5,54,22.5,33,49.28,1,1.04,0.79,0.56,0.84,0.846,2.092,0,EV
Restored,Pre,8/14/2019,Idlewild,,A,A07,0,18.75,62.5,0,0,0,0.5,0,0,0,0,,,,,0,0,81.75,8.75,0,0,0,0,0,0,0,0,150,0.5,0,0,0,0,0,0,0,0,0,0,0,0,0,0,0,0,0,0,0,0,2.497,0,EV
Restored,Pre,8/14/2019,Idlewild,,A,A08,0,62.5,0,0,0,0,0,0,0,0,0,,,,,0,0,62.5,37.5,0,0,0,6,6,0,40,0.5,0,0,0,0,0,0,0,0,0,0,34.4,26.5,17,23.4,11.5,22.56,0.72,0.64,0.54,0.63,0.33,0.572,2.035,0,EV
Restored,Pre,8/14/2019,Idlewild,,A,A09,0,37.5,0,0,0,0,0,0,0,0,0,,,,,0,0,37.5,62.5,0,0,0,3,4,21,11,0,0,0,0,0,0,0,0,0,0,0,52.5,45,50.5,63.4,64.9,55.26,1.1,1.1,0.86,0.87,0.97,0.98,2.073,0,EV
Restored,Pre,8/14/2019,Idlewild,,A,A10,0,62.5,0,0,0,0,0,0,0,0,0,,,,,0,0,62.5,37.5,0,0,0,111,0,0,24,0,0,0,0,0,0,0,0,0,0,0,66.2,68.8,77.6,96.9,59.9,73.88,0.73,0.68,1.4,0.95,1.04,0.96,2.22,0,EV
Restored,Pre,8/14/2019,Idlewild,,A,A11,0,62.5,0,18.75,0,0,0.5,0,0,0,0,,,,,0,0,81.75,18.75,0,0,0,2,0,2,64,0,0,0,0,2.5,0,0,0,0,0,0,14,9.9,20.9,18,18.4,16.24,0.34,0.64,0.5,0.71,0.69,0.576,2.108,0,EV
Restored,Pre,8/14/2019,Idlewild,,A,A12,0,62.5,0,18.75,0,0,0,0,0,0,0,,,,,0,0,81.25,8.75,2.5,0,2.5,0,0,1,31,0,0,0,0,0,0,0,0,0,0,0,23,14.3,12.9,22.9,22.8,19.18,0.55,0.5,0.25,0.62,0.68,0.52,2.293,0,EV
Restored,Pre,8/14/2019,Idlewild,,A,A13,0,37.5,0,0,0,0,0.5,0,0,0,0,,,,,0,0,38,62.5,0,0,0,23,0,226,0,0,0,0,0,0,0,0,0,0,0,0,0,0,0,0,0,0,0,0,0,0,0,0,2.243,0,EV
Restored,Pre,8/14/2019,Idlewild,,A,A14,0,87.5,0,0,0,0,0,0,0,0,0,,,,,0,0,87.5,8.75,2.5,0,0,3,0,1,85,0,0,0,0,0,0,0,0,0,0,0,28.7,21.8,19.6,43.5,15,25.72,0.47,0.39,0.55,0.86,0.44,0.542,2.026,0,EV
Restored,Pre,8/14/2019,Idlewild,,A,A15,0,62.5,0,0,0,0,2.5,0,0,0,0,,,,,0,0,65,18.75,2.5,0,0,7,0,0,36,0,0,0,0,0,0,0,0,0,0,0,30.7,29.2,19,46.4,41.4,33.34,0.47,0.54,0.52,0.83,0.9,0.652,2.161,0,EV
Restored,Pre21,9/15/2021,Idlewild,Pre21RestoredHM,HM,1,0,37.5,0,0,0,0,8.75,0,0,0,0,,,,0,0,,46.25,37.5,0.5,2.5,0,10,0,0,27,0,0,0,0,0,0,0,0,0,0,0,66,67,53,27,5,43.6,5,4.6,3.4,4.4,3,4.08,2.27,,
Restored,Pre21,9/15/2021,Idlewild,Pre21RestoredHM,HM,2,0,62.5,0,0,0,0,0,0,0,0,0,,,,0,0,0,62.5,18.75,0.5,2.5,0,40,5,0,51,0,0,0,0,0,0,0,0,0,0,0,71,32,72.5,41,57.5,54.8,3.8,5.6,5.7,3.5,4.5,4.62,2.198,,
Restored,Pre21,9/15/2021,Idlewild,Pre21RestoredHM,HM,3,0,62.5,0,0,0,0,0,0,0,0,0,,,,0,0,0,62.5,37.5,0,0,0,5,0,0,43,0,0,0,0,0,0,0,0,0,0,0,28,41,16.5,18,89.5,38.6,3,6.3,4.2,3.7,5.1,4.46,2.322,,
Restored,Pre21,9/15/2021,Idlewild,Pre21RestoredHM,HM,4,0,37.5,0,0,0,0,2.5,0,0,0,0,,,,0,0,0,40,37.5,0,18.75,0,0,0,0,26,0,0,0,0,0,0,0,0,0,0,0,25,11,40.05,16,10.5,20.51,5,4.1,3,3.9,2,3.6,2.408,,
Restored,Pre21,9/15/2021,Idlewild,Pre21RestoredHM,HM,5,0,62.5,0,0,0,0,0,0,0,0,0,,,,0,0,0,62.5,18.75,0,0,0,5,0,2,77,0,0,0,0,0,0,0,0,0,0,0,57,25,41,30,25,35.6,1.6,3,3.4,1.8,2.5,2.46,2.251,,
Restored,Pre21,9/15/2021,Idlewild,Pre21RestoredHM,HM,6,0,37.5,0,0,0,0,0,0,0,0,0,,,,0,0,0,37.5,37.5,0,2.5,0,30,0,0,57,0,0,0,0,0,0,0,0,0,0,0,60,85.5,81.5,71,28.5,65.3,6.5,8,5.6,4,4,5.62,2.127,,
Restored,Pre21,9/15/2021,Idlewild,Pre21RestoredHM,HM,7,0,37.5,0,0,0,0,0,0,0,0,0,,,,0,0,0,37.5,37.5,2.5,18.75,0,20,5,0,24,0,0,0,0,0,0,0,0,0,0,0,74.5,28.5,24,20.5,39,37.3,7.2,5,4.3,4,5.7,5.24,2.369,,
Restored,Pre21,9/15/2021,Idlewild,Pre21RestoredHM,HM,8,0,37.5,0,0,0,0,0,0,0,0,0,,,,0,0,0,37.5,62.5,0,0,0,45,0,62,0,0,0,0,0,0,0,0,0,0,0,0,0,0,0,0,0,0,0,0,0,0,0,0,1.252,,
Restored,Pre21,9/15/2021,Idlewild,Pre21RestoredHM,HM,9,0,62.5,0,0,0,0,0,0,0,0,0,,,,0,0,0,62.5,37.5,0,18.75,0,70,0,0,34,0,0,0,0,0,0,0,0,0,0,0,55.5,49,40,52,43,47.9,5.3,4.5,3.5,8,4.6,5.18,1.864,,
Restored,Pre21,9/15/2021,Idlewild,Pre21RestoredHM,HM,10,0,62.5,0,0,0,0,0,0,0,0,0,,,,0,0,0,62.5,0,0,37.5,0,20,3,0,48,0,0,0,0,0,0,0,0,0,0,0,19,28,20.5,68,13,29.7,5.7,4,4.6,7.2,2.8,4.86,2.329,,
Restored,Pre21,9/15/2021,Idlewild,Pre21RestoredHM,HM,11,0,62.5,0.5,0.5,0,0,0,0,0,0,0,,,,0,0,0,63.5,37.5,0,0,8.75,5,2,0,28,0,0,0,0,0,0,0,0,0,0,0,16.5,13,51,22.5,31,26.8,6.6,2.49,5.3,4.5,4,4.578,2.481,,
Restored,Pre21,9/15/2021,Idlewild,Pre21RestoredHM,HM,12,0,37.5,0,2.5,0,0,0,0,0,0,0,,,,0,0,0,40,18.75,18.75,0,8.75,15,0,0,23,0,0,0,0,0,0,0,0,0,0,0,26.5,29,29,20.5,14.5,23.9,3.7,3.6,2.9,2.8,2.8,3.16,2.485,,
Restored,Pre21,9/15/2021,Idlewild,Pre21RestoredHM,HM,13,0,62.5,0,0,0,0,0,0,0,0,0,,,,0,0,0,62.5,37.5,0,0,2.5,0,0,0,28,0,0,0,0,0,0,0,0,0,0,0,45.5,21,79.5,28.5,14,37.7,3.5,1.5,4.9,2,2.2,2.82,2.435,,
Restored,Pre21,9/15/2021,Idlewild,Pre21RestoredHM,HM,14,0,62.5,0.5,0,0,0,0,0,0,0,0,,,,0,0,0,63,37.5,0,2.5,8.75,15,0,0,43,0,0,0,0,0,0,0,0,0,0,0,11.5,22.5,14,24,16,17.6,6,3.5,4.5,3.4,3.5,4.18,2.563,,
Restored,Pre21,9/15/2021,Idlewild,Pre21RestoredHM,HM,15,0,62.5,8.75,2.5,0,0,0,0,0,0,0,,,,0,0,0,73.75,18.75,0,0,0,10,0,0,53,0,0,0,0,0,0,0,0,0,0,0,65,20,65,24.5,29,40.7,7.7,3.5,8,5,5.4,5.92,2.45,,
Restored,Pre21,9/15/2021,Idlewild,Pre21RestoredLM,LM,1,0,37.5,0,0,0,0,0,0,0,0,0,,,,0,0,0,37.5,37.5,0,2.5,0,10,0,52,23,0,0,0,0,0,0,0,0,0,0,0,102,23.5,90.5,25,27,53.6,7.6,3.9,7.4,4.6,3,5.3,1.71,,
Restored,Pre21,9/15/2021,Idlewild,Pre21RestoredLM,LM,2,0,62.5,0,0,0,0,0,0,0,0,0,,,,0,0,0,62.5,37.5,0,0,0,35,0,0,42,0,0,0,0,0,0,0,0,0,0,0,12,24.5,28,30.5,80.5,35.1,4.5,3.1,3.5,6.3,5.2,4.52,2.196,,
Restored,Pre21,9/15/2021,Idlewild,Pre21RestoredLM,LM,3,0,0,0,0,0,0,0,0,0,0,0,,,,0,0,0,0,87.5,0,0,0,3,0,333,0,0,0,0,0,0,0,0,0,0,0,0,0,0,0,0,0,0,0,0,0,0,0,0,0.549,,
Restored,Pre21,9/15/2021,Idlewild,Pre21RestoredLM,LM,4,0,0,0,0,0,0,0,0,0,0,0,,,,0,0,0,0,87.5,0,0,0,7,0,150,0,0,0,0,0,0,0,0,0,0,0,0,0,0,0,0,0,0,0,0,0,0,0,0,-0.426,,
Restored,Pre21,9/15/2021,Idlewild,Pre21RestoredLM,LM,5,0,37.5,0,0,0,0,0,0,0,0,0,,,,0,0,0,37.5,62.5,0,0,0,40,3,0,32,0,0,0,0,0,0,0,0,0,0,0,75,9.5,37.5,65,13,40,6,5,4.8,7.4,4.9,5.62,2.17,,
Restored,Pre21,9/15/2021,Idlewild,Pre21RestoredLM,LM,6,0,37.5,0,0,0,0,0,0,0,0,0,,,,0,0,0,37.5,62.5,0,18.75,0,50,3,0,30,0,0,0,0,0,0,0,0,0,0,0,81,51,76,38,79,65,6.2,6.3,6.9,5,4.8,5.84,0.77,,
Restored,Pre21,9/15/2021,Idlewild,Pre21RestoredLM,LM,7,0,62.5,0,0,0,0,0,0,0,0,0,,,,0,0,0,62.5,37.5,0,2.5,0,25,3,0,60,0,0,0,0,0,0,0,0,0,0,0,31,28,27.5,21.5,22.5,26.1,3.8,7,4.4,3.3,5.5,4.8,2.241,,
Restored,Pre21,9/15/2021,Idlewild,Pre21RestoredLM,LM,8,0,37.5,0,0,0,0,2.5,0,0,0,0,,,,0,0,0,40,62.5,0,0,0,50,2,0,41,0,0,0,0,0,0,0,0,0,0,0,89,113.5,133,81,81,99.5,6,8,7.1,4.5,4,5.92,1.727,,
Restored,Pre21,9/15/2021,Idlewild,Pre21RestoredLM,LM,9,0,62.5,0,0,0,0,0,0,0,0,0,,,,0,0,0,62.5,37.5,0,2.5,0,65,0,50,72,0,0,0,0,0,0,0,0,0,0,0,99,41,32.5,18,63.5,50.8,3.7,2.6,2,2.5,4.2,3,1.075,,
Restored,Pre21,9/15/2021,Idlewild,Pre21RestoredLM,LM,10,0,37.5,0,0,0,0,0,0,0,0,0,,,,0,0,0,37.5,62.5,0,0.5,8.75,110,0,120,36,0,0,0,0,0,0,0,0,0,0,0,84.5,91.5,71,33.5,20,60.1,3.5,4.4,3,2.3,3,3.24,0.643,,
Restored,Pre21,9/15/2021,Idlewild,Pre21RestoredLM,LM,11,0,37.5,0,0,0,0,0,0,0,0,0,,,,0,0,0,37.5,62.5,0,2.5,0,60,0,15,63,0,0,0,0,0,0,0,0,0,0,0,60.5,66,56,56,75,62.7,3.5,3.5,2.9,3,4,3.38,1.466,,
Restored,Pre21,9/15/2021,Idlewild,Pre21RestoredLM,LM,12,0,87.5,0.5,0,0,0,0,0,0,0,0,,,,0,0,0,88,8.75,0,0,0,50,3,0,64,0,0,0,0,0,0,0,0,0,0,0,21,30.5,25.5,22.5,30,25.9,4.2,4,5,3.5,5.6,4.46,2.33,,
Restored,Pre21,9/15/2021,Idlewild,Pre21RestoredLM,LM,13,0,37.5,0,0,0,0,0,0,0,0,0,,,,0,0,0,37.5,62.5,0,8.75,0,120,0,5,36,0,0,0,0,0,0,0,0,0,0,0,48.5,39.5,103.5,69.5,101.5,72.5,9.1,6.8,7.4,7.2,7.6,7.62,1.683,,
Restored,Pre21,9/15/2021,Idlewild,Pre21RestoredLM,LM,14,0,62.5,0,0,0,0,0,0,0,0,0,,,,0,0,0,62.5,37.5,0,0,0,100,2,0,50,0,0,0,0,0,0,0,0,0,0,0,89,22,30,31,62,46.8,5.5,5.3,5.5,8.2,5.8,6.06,2.099,,
Restored,Pre21,9/15/2021,Idlewild,Pre21RestoredLM,LM,15,0,37.5,0,0,0,0,0,0,0,0,0,,,,0,0,0,37.5,37.5,18.75,18.75,2.5,6,1,1,18,0,0,0,0,0,0,0,0,0,0,0,21,41,38,33.5,20.5,30.8,4,4,5,3.7,3.2,3.98,2.296,,
Reference,Pre21,9/8/2021,Idlewild,Pre21ReferenceHM,HM,1,18.75,0.5,62.5,37.5,0,0,0,0,0,0,0,,,,0.5,0,0,119.75,2.5,0,0.5,0,0,0,0,0,0,300,0,100,0,0,0,4,0,0,0,0,0,0,0,0,0,0,0,0,0,0,0,2.886,,
Reference,Pre21,9/8/2021,Idlewild,Pre21ReferenceHM,HM,2,0,2.5,87.5,18.75,0,0,0,0,0,0,0,,,,0,0,0,108.75,0,0,0,0,0,0,0,1,0,400,0,20,0,0,0,0,0,0,0,4,0,0,0,0,0.8,6,0,0,0,0,1.2,3.045,,
Reference,Pre21,9/8/2021,Idlewild,Pre21ReferenceHM,HM,3,0,8.75,62.5,37.5,0,0,0,0,0,0.5,0,,,,2.5,0,0,111.45,2.5,0,2.5,0,0,0,0,0,0,0,0,0,0,0,0,0,0,0,0,0,0,0,0,0,0,0,0,0,0,0,0,2.952,,
Reference,Pre21,9/8/2021,Idlewild,Pre21ReferenceHM,HM,4,0,0.5,62.5,37.5,0,0,0,0,0,0,0,,,,0,0,0,100.5,0,0,0,0,0,0,0,0,0,0,0,0,0,0,0,0,0,0,0,0,0,0,0,0,0,0,0,0,0,0,0,3.066,,
Reference,Pre21,9/8/2021,Idlewild,Pre21ReferenceHM,HM,5,0,18.75,62.5,37.5,0,0,0,0,0,0,0,,,,2.5,0,0,118.75,2.5,0,0,0,0,0,0,7,0,0,0,0,0,0,0,0,0,0,0,11,20.5,4,12.5,10.5,11.7,3.9,6.3,4.2,2.8,4.2,4.28,3.041,,
Reference,Pre21,9/8/2021,Idlewild,Pre21ReferenceHM,HM,6,0,0.5,62.5,37.5,0,0,0,0,0,0,0,,,,0,0,0,100.5,0,0,0,0,0,0,0,0,0,800,0,200,0,0,0,0,0,0,0,0,0,0,0,0,0,0,0,0,0,0,0,3.151,,
Reference,Pre21,9/8/2021,Idlewild,Pre21ReferenceHM,HM,7,0,0,62.5,37.5,0,0,0,0,0,0,0,,,,0,0,0,100,0,0,0,0,0,0,0,0,0,0,0,0,0,0,0,0,0,0,0,0,0,0,0,0,0,0,0,0,0,0,0,3.142,,
Reference,Pre21,9/8/2021,Idlewild,Pre21ReferenceHM,HM,8,0.5,0,62.5,37.5,0,0,0,0,0,0,0,,,,0.5,0,0,100.5,0,0,0,0,0,0,0,0,0,0,0,0,0,0,0,0,0,0,0,0,0,0,0,0,0,0,0,0,0,0,0,3.077,,
Reference,Pre21,9/8/2021,Idlewild,Pre21ReferenceHM,HM,9,0.5,0,62.5,37.5,0,0,0,0,0.5,0,0,,,,0.5,0,0,101.5,0,0,0,0,0,0,0,0,0,850,0,150,0,0,0,0,0,0,0,0,0,0,0,0,0,0,0,0,0,0,0,3.106,,
Reference,Pre21,9/8/2021,Idlewild,Pre21ReferenceHM,HM,10,0,0,62.5,37.5,0,0,0,0,0,0,0,,,,0,0,0,100,0,0,0.5,0,0,0,0,0,0,850,0,150,0,0,0,0,0,0,0,0,0,0,0,0,0,0,0,0,0,0,0,3.088,,
Reference,Pre21,9/8/2021,Idlewild,Pre21ReferenceHM,HM,11,0.5,0,62.5,37.5,0,0,0,0,0,0,0,,,,0,0,0,100,0,0,0,0,0,0,0,0,0,850,0,150,0,0,0,0,0,0,0,0,0,0,0,0,0,0,0,0,0,0,0,3.086,,
Reference,Pre21,9/8/2021,Idlewild,Pre21ReferenceHM,HM,12,0,0,62.5,37.5,0,0,0,0,0,0,0,,,,0,0,0,100,0,0,0.5,0,0,0,0,0,0,850,0,150,0,0,0,0,0,0,0,0,0,0,0,0,0,0,0,0,0,0,0,3.196,,
Reference,Pre21,9/8/2021,Idlewild,Pre21ReferenceHM,HM,13,0,0,62.5,37.5,0,0,0,0,0,0,0,,,,0,0,0,100,0,0,0,0,0,0,0,0,0,850,0,150,0,0,0,0,0,0,0,0,0,0,0,0,0,0,0,0,0,0,0,3.294,,
Reference,Pre21,9/8/2021,Idlewild,Pre21ReferenceHM,HM,14,0,0,62.5,37.5,0,0,0,0,0,0,0,,,,0,0,0,100,0.5,0,0,0,0,0,0,0,0,850,0,150,0,0,0,0,0,0,0,0,0,0,0,0,0,0,0,0,0,0,0,3.19,,
Reference,Pre21,9/8/2021,Idlewild,Pre21ReferenceHM,HM,15,0,0,62.5,37.5,0,0,0,0,0,0,0,,,,0,0,0,100,0,0,0,0,0,0,0,0,0,850,0,150,0,0,0,0,0,0,0,0,0,0,0,0,0,0,0,0,0,0,0,3.247,,
Reference,Pre21,9/8/2021,Idlewild,Pre21ReferenceLM,LM,1,0,62.5,0,0,0,0,0,0,0,0,0,,,,0,0,0,62.5,37.5,0,0.5,0,3,1,0,40,0,0,0,0,0,0,0,0,0,0,0,27,101,26.5,25.5,42.5,44.5,5.9,6.4,4.2,3.5,2.9,4.58,2.161,,
Reference,Pre21,9/8/2021,Idlewild,Pre21ReferenceLM,LM,2,0,37.5,0,0,0,0,0,0,0,0,0,,,,0,0,0,37.5,0,62.5,2.5,0,2,0,0,7,0,0,0,0,0,0,0,0,0,0,0,18,10,32,37,9.5,21.3,6.4,6,5.8,6.8,5.5,6.1,2.34,,
Reference,Pre21,9/8/2021,Idlewild,Pre21ReferenceLM,LM,3,0,62.5,0,0,0,0,0,0,0,0,0,,,,0,0,0,62.5,18.75,8.75,2.5,0,2,0,0,24,0,0,0,0,0,0,0,0,0,0,0,23.5,19,23.5,25,19,22,5.6,4.1,1.9,2.4,5.5,3.9,2.363,,
Reference,Pre21,9/8/2021,Idlewild,Pre21ReferenceLM,LM,4,0,62.5,0,0,0,0,0,0,0,0,0,,,,0,0,0,62.5,18.75,0,0,0,3,0,0,56,0,0,0,0,0,0,0,0,0,0,0,32.5,19,33,36,20.5,28.2,6.5,4.3,3.1,5.2,4.9,4.8,2.1,,
Reference,Pre21,9/8/2021,Idlewild,Pre21ReferenceLM,LM,5,0,37.5,0,0,0,0,0,0,0,0,0,,,,0,0,0,37.5,62.5,0,18.75,0,1,0,0,23,0,0,0,0,0,0,0,0,0,0,0,42,23,74,80,50.5,53.9,7.3,5.6,8.1,8.1,7.3,7.28,2.127,,
Reference,Pre21,9/8/2021,Idlewild,Pre21ReferenceLM,LM,6,0,37.5,0,0,0,0,0,0,0,0,0,,,,0,0,0,37.5,62.5,0,0,0,65,0,90,45,0,0,0,0,0,0,0,0,0,0,0,66.5,58,42,52,35.5,50.8,6.7,10.5,5,7.2,3,6.48,0.562,,
Reference,Pre21,9/8/2021,Idlewild,Pre21ReferenceLM,LM,7,0,37.5,0,0,0,0,0,0,0,0,0,,,,0,0,0,37.5,62.5,0.5,0,0,20,5,0,21,0,0,0,0,0,0,0,0,0,0,0,91,46.5,45.5,35.5,27,49.1,7,6.5,4.9,4.6,5.9,5.78,1.817,,
Reference,Pre21,9/8/2021,Idlewild,Pre21ReferenceLM,LM,8,2.5,62.5,0,2.5,0,0,0,0,0,0,0,,,,0,0,0,67.5,37.5,0,0.5,0,5,2,0,27,0,0,0,0,0,0,0,3,0,0,0,94.5,13.5,23,19.5,43,38.7,5.8,4.2,4.5,5.8,5.2,5.1,2.133,,
Reference,Pre21,9/8/2021,Idlewild,Pre21ReferenceLM,LM,9,0,62.5,0,0,0,0,0,0,0,0,0,,,,0,0,0,62.5,37.5,0,0,0,20,5,2,48,0,0,0,0,0,0,0,0,0,0,0,149.5,48,131.5,111,45.5,97.1,7.3,4.4,6,4.1,5.5,5.46,1.25,,
Reference,Pre21,9/8/2021,Idlewild,Pre21ReferenceLM,LM,10,0,62.5,0,0,0,0,0,0,0,0,0,,,,0,0,0,62.5,37.5,2.5,0,0,10,6,2,58,0,0,0,0,0,0,0,0,0,0,0,72,48.5,71,49.5,44,57,8.5,4.6,6.6,8,5.1,6.56,1.35,,
Reference,Pre21,9/8/2021,Idlewild,Pre21ReferenceLM,LM,11,0,62.5,0,0,0,0,0,0,0,0,0,,,,0,0,0,62.5,37.5,0,0,0,0,8,0,38,0,0,0,0,0,0,0,0,0,0,0,78.5,48.5,27,27,21.5,40.5,6.4,8,7,3,6.4,6.16,2.112,,
Reference,Pre21,9/8/2021,Idlewild,Pre21ReferenceLM,LM,12,0,62.5,0,2.5,0,0,0,0,0,0,0,,,,0,0,0,65,37.5,0,0,0,0,0,3,53,0,0,0,0,0,0,0,0,0,0,0,17,25,14.5,12.5,20,17.8,7.5,5.2,3.9,2.4,4.6,4.72,2.729,,
Reference,Pre21,9/8/2021,Idlewild,Pre21ReferenceLM,LM,13,0,62.5,0,0,0,0,0,0,0,0,0,,,,0,0,0,62.5,37.5,0,0,0,3,3,0,62,0,0,0,0,0,0,0,0,0,0,0,88.5,103,41.5,42.5,75,70.1,4.3,6.1,6.6,7,4.5,5.7,2.418,,
Reference,Pre21,9/8/2021,Idlewild,Pre21ReferenceLM,LM,14,0,62.5,0,0,0,0,0,0,0,0,0,,,,0,0,0,62.5,37.5,0,0,0,5,0,0,63,0,0,0,0,0,0,0,0,0,0,0,31.5,32.5,32.5,19,22.5,27.6,3.2,2.8,4.8,2.8,4.4,3.6,2.585,,
Reference,Pre21,9/8/2021,Idlewild,Pre21ReferenceLM,LM,15,0,37.5,37.5,8,0,0,0.5,0,0,0,0,,,,0,0,0,83.5,18.75,0,0,0,0,0,0,31,0,0,0,0,0,0,0,0,0,0,0,33,34,15.5,12,36,26.1,5.7,8.7,6.1,6.4,11,7.58,2.597,,
Restored,Pre22,9/7/2022,Idlewild,Pre22RestoredHM,HM,1,0,87.5,0,0,0,0,0,0,0,0,0,,,,0,0,0,87.5,8.75,0,2.5,18.75,0,0,5,102,0,0,0,0,0,0,0,0,0,0,0,51.5,55,75.5,38,23,48.6,6,5.1,6.9,3.9,6.5,5.68,2.284,,
Restored,Pre22,9/7/2022,Idlewild,Pre22RestoredHM,HM,2,0,18.75,0,0,0,0,0,0,0,0,0,,,,0,0,0,18.75,2.5,87.5,8.75,0,3,3,0,10,0,0,0,0,0,0,0,0,0,0,0,14,18,14,11,5,12.4,2.5,3.5,2.8,4.5,4.1,3.48,2.059,,
Restored,Pre22,9/7/2022,Idlewild,Pre22RestoredHM,HM,3,0,87.5,0,0,0,0,0.5,0,0,0,0,,,,0,0,0,88,18.75,0,0.5,0,2,1,0,115,0,0,0,0,0,0,0,0,0,0,0,72,16,54,27,26.5,39.1,7,4,5.4,6.1,6.7,5.84,2.275,,
Restored,Pre22,9/7/2022,Idlewild,Pre22RestoredHM,HM,4,0,62.5,0,0,0,0,2.5,0,0,0,0,,,,0,0,0,65,37.5,0,8.75,0,0,0,0,57,0,0,0,0,0,0,0,0,0,0,0,15,15,48,9,14,20.2,4.9,3.6,4.5,3,6.8,4.56,2.423,,
Restored,Pre22,9/7/2022,Idlewild,Pre22RestoredHM,HM,5,0,62.5,0,0,0,0,0,0,0,0,0,,,,0,0,0,62.5,18.75,18.75,0.5,0,31,6,0,54,0,0,0,0,0,0,0,0,0,0,0,25.5,28,25,32,21,26.3,2.2,3.2,2.7,2.6,3.3,2.8,2.177,,
Restored,Pre22,9/7/2022,Idlewild,Pre22RestoredHM,HM,6,0,62.5,0,0,0,0,0,0,0,0,0,,,,0,0,0,62.5,37.5,0,2.5,8.75,18,3,0,45,0,0,0,0,0,0,0,0,0,0,0,26,38,23,41,86.5,42.9,6.2,5.4,6.3,10,6.9,6.96,2.079,,
Restored,Pre22,9/7/2022,Idlewild,Pre22RestoredHM,HM,7,0,62.5,0,0,0,0,2.5,0,0,0,0,,,,0,0,0,65,37.5,0,0.5,0,56,0,1,36,0,0,0,0,0,0,0,0,0,0,0,30,27,33,25,32,29.4,9.5,6,5.1,7.5,6.4,6.9,2.338,,
Restored,Pre22,9/7/2022,Idlewild,Pre22RestoredHM,HM,8,0,62.5,0,0,0,0,0,0,0,0,0,,,,0,0,0,62.5,37.5,0,0.5,0,30,0,3,0,0,0,0,0,0,0,0,0,0,0,0,0,0,0,0,0,0,0,0,0,0,0,0,1.341,,
Restored,Pre22,9/7/2022,Idlewild,Pre22RestoredHM,HM,9,0,62.5,0,0,0,0,0,0,0,0,0,,,,0,0,0,62.5,37.5,0,8.75,0,61,0,0,29,0,0,0,0,0,0,0,0,0,0,0,102.5,105.5,92,30,92.5,84.5,7,6.1,6.1,5.7,3.6,5.7,1.927,,
Restored,Pre22,9/7/2022,Idlewild,Pre22RestoredHM,HM,10,0,62.5,0,2.5,0,0,0,0,0,0,0,,,,0,0,0,65,37.5,0,0,0,21,5,0,49,0,0,0,0,0,0,0,0,0,0,0,9,19,20,10,21,15.8,3.5,5.5,5.8,4,5.5,4.86,2.316,,
Restored,Pre22,9/7/2022,Idlewild,Pre22RestoredHM,HM,11,0,62.5,2.5,2.5,0,0,2.5,0,0,0,0,,,,0,0,0,70,18.75,0,0,18.75,4,0,2,51,0,0,0,0,0,0,0,0,0,0,0,45,10,75,19,58.5,41.5,4.6,4,6.2,5.6,6.9,5.46,2.428,,
Restored,Pre22,9/7/2022,Idlewild,Pre22RestoredHM,HM,12,0,62.5,0,37.5,0,0,2.5,0,0,0,0,,,,0,0,0,102.5,8.75,0,0,2.5,20,0,1,38,0,0,0,0,0,0,0,0,0,0,0,5,61,65,20,11,32.4,2.9,5.6,6,4.7,2.8,4.4,2.522,,
Restored,Pre22,9/7/2022,Idlewild,Pre22RestoredHM,HM,13,0,87.5,0,0,0,0,0.5,0,0,0,0,,,,0,0,0,88,2.5,0,0,8.75,16,1,0,66,0,0,0,0,0,0,0,0,0,0,0,49.5,44,26,67.5,24.5,42.3,5.7,5.2,4.4,7.7,4.6,5.52,2.397,,
Restored,Pre22,9/7/2022,Idlewild,Pre22RestoredHM,HM,14,0,62.5,0,0,0,0,8.75,0,0,0,0,,,,8.75,0,0,80,2.5,0,2.5,18.75,16,0,2,49,0,0,0,0,0,0,0,0,0,0,0,23,1,10,10,33,15.4,3.9,4,5,3.5,5.1,4.3,2.592,,
Restored,Pre22,9/7/2022,Idlewild,Pre22RestoredHM,HM,15,0,37.5,0,37.5,0,0,0,0,0,0,0,,,,0,0,0,75,8.75,0,0,18.75,0,0,0,28,0,0,0,0,0,0,0,0,0,0,0,24,14,58,19,20,27,6.5,4.5,9.9,7,5.5,6.68,2.563,,
Restored,Pre22,9/7/2022,Idlewild,Pre22RestoredLM,LM,1,0,18.75,0,0,0,0,0,0,0,0,0,,,,0,0,0,18.75,8.75,62.5,8.75,0,4,0,1,33,0,0,0,0,0,0,0,0,0,0,0,23,17,18,44,6,21.6,4.7,5,3.4,4.5,2.5,4.02,1.861,,
Restored,Pre22,9/7/2022,Idlewild,Pre22RestoredLM,LM,2,0,62.5,0,0,0,0,0,0,0,0,0,,,,0,0,0,62.5,18.75,0,0.5,8.75,40,0,3,47,0,0,0,0,0,0,0,0,0,0,0,56,55,34,53,30,45.6,6.2,7.6,8.1,4.8,4.6,6.26,2.29,,
Restored,Pre22,9/7/2022,Idlewild,Pre22RestoredLM,LM,3,0,0,0,0,0,0,0,0,0,0,0,,,,0,0,0,0,87.5,0,8.75,0,1,0,182,0,0,0,0,0,0,0,0,0,0,0,0,0,0,0,0,0,0,0,0,0,0,0,0,0.572,,
Restored,Pre22,9/7/2022,Idlewild,Pre22RestoredLM,LM,4,0,0,0,0,0,0,0,0,0,0,0,,,,0,0,0,0,87.5,0,0.5,0,3,0,701,0,0,0,0,0,0,0,0,0,0,0,0,0,0,0,0,0,0,0,0,0,0,0,0,-0.578,,
Restored,Pre22,9/7/2022,Idlewild,Pre22RestoredLM,LM,5,0,62.5,0,0,0,0,0,0,0,0,0,,,,0,0,0,62.5,18.75,8.75,2.5,2.5,32,0,2,33,0,0,0,0,0,0,0,0,0,0,0,63,23.5,14,13,18,26.3,6.4,4.8,8.5,4.6,6.4,6.14,2.387,,
Restored,Pre22,9/7/2022,Idlewild,Pre22RestoredLM,LM,6,0,62.5,0,0,0,0,0,0,0,0,0,,,,0,0,0,62.5,37.5,0,8.75,0.5,33,0,3,53,0,0,0,0,0,0,0,0,0,0,0,101,37,90,27,36,58.2,7.7,5.4,6,4.9,4.5,5.7,0.917,,
Restored,Pre22,9/7/2022,Idlewild,Pre22RestoredLM,LM,7,0,18.75,0,0,0,0,0,0,0,0,0,,,,0,0,0,18.75,2.5,87.5,8.75,0,2,0,0,0,0,0,0,0,0,0,0,0,0,0,0,0,0,0,0,0,0,0,0,0,0,0,0,2.38,,
Restored,Pre22,9/7/2022,Idlewild,Pre22RestoredLM,LM,8,0,37.5,0,0,0,0,0,0,0,0,0,,,,0,0,0,37.5,62.5,0,0.5,2.5,48,0,0,53,0,0,0,0,0,0,0,0,0,0,0,141,40,66,14,83,68.8,7,6.9,4,1.8,5.2,4.98,1.847,,
Restored,Pre22,9/7/2022,Idlewild,Pre22RestoredLM,LM,9,0,18.75,0,0,0,0,0,0,0,0,0,,,,0,0,0,18.75,62.5,0,0.5,0,40,0,13,33,0,0,0,0,0,0,0,0,0,0,0,60.5,71.5,86,34,18.5,54.1,3,4.4,4.3,4.1,1.6,3.48,1.107,,
Restored,Pre22,9/7/2022,Idlewild,Pre22RestoredLM,LM,10,0,37.5,0,0,0,0,0,0,0,0,0,,,,0,0,0,37.5,62.5,0,2.5,0,50,0,14,25,0,0,0,0,0,0,0,0,0,0,0,34,56,55,18,24,37.4,3.3,3.2,3.5,3.3,5.3,3.72,0.687,,
Restored,Pre22,9/7/2022,Idlewild,Pre22RestoredLM,LM,11,0,37.5,0,0,0,0,0,0,0,0,0,,,,0,0,0,37.5,62.5,0,0,0,21,2,10,14,0,0,0,0,0,0,0,0,0,0,0,11.5,72.5,70,32,88,54.8,7,4.3,4.7,3.2,5.8,5,1.412,,
Restored,Pre22,9/7/2022,Idlewild,Pre22RestoredLM,LM,12,0,62.5,2.5,0,0,0,0,0,0,0,0,,,,0,0,0,65,18.75,0,2.5,8.75,10,4,0,43,0,0,0,0,0,0,0,0,0,0,0,10,10,18.5,20,20.5,15.8,6,4.6,3.5,4.6,4,4.54,2.51,,
Restored,Pre22,9/7/2022,Idlewild,Pre22RestoredLM,LM,13,0,37.5,0,0,0,0,0,0,0,0,0,,,,0,0,0,37.5,62.5,8.75,8.75,0,60,0,0,13,0,0,0,0,0,0,0,0,0,0,0,97,110,114,92,99,102.4,8.4,9,9.5,10,7.9,8.96,1.717,,
Restored,Pre22,9/7/2022,Idlewild,Pre22RestoredLM,LM,14,0,62.5,0,0,0,0,0,0,0,0,0,,,,0,0,0,62.5,37.5,0,2.5,0,94,1,0,49,0,0,0,0,0,0,0,0,0,0,0,98.5,23,45,28.5,71,53.2,8,6.8,6.9,5.3,6.7,6.74,2.114,,
Restored,Pre22,9/7/2022,Idlewild,Pre22RestoredLM,LM,15,0,62.5,0,0,0,0,0,0,0,0,0,,,,0,0,0,62.5,18.75,8.75,8.75,2.5,46,2,0,56,0,0,0,0,0,0,0,0,0,0,0,23,62.5,18,29,29.5,32.4,4.8,7.7,8.1,6.2,6.5,6.66,2.24,,
Reference,Pre22,8/8/2022,Idlewild,Pre22ReferenceHM,HM,1,18.75,8.75,37.5,62.5,0,0,0.5,0,0,0,0,,,,0.5,0,0,128.5,0.5,0,0,0,0,0,0,1,0,0,0,0,0,0,0,0,0,0,0,28,0,0,0,0,5.6,4.8,0,0,0,0,0.96,2.789,,
Reference,Pre22,8/8/2022,Idlewild,Pre22ReferenceHM,HM,2,0,8.75,62.5,37.5,0,0,2.5,0,0,0,0,,,,2.5,0,0,113.75,0,0,0,0,0,0,0,0,0,0,0,0,0,0,0,0,0,0,0,0,0,0,0,0,0,0,0,0,0,0,0,3.026,,
Reference,Pre22,8/8/2022,Idlewild,Pre22ReferenceHM,HM,3,2.5,8.75,62.5,37.5,0,0,0.5,0,0,2.5,0,,,,8.75,0,0,123,0.5,0,8.75,0,0,0,0,1,0,0,0,0,0,0,0,0,0,0,0,17,0,0,0,0,3.4,5,0,0,0,0,1,3.047,,
Reference,Pre22,8/8/2022,Idlewild,Pre22ReferenceHM,HM,4,0,8.75,62.5,37.5,0,0,2.5,0,0,0,0,,,,0,0,0,111.25,0,0,0,0,0,0,0,3,0,0,0,0,0,0,0,0,0,0,0,64,11,47,0,0,24.4,8.7,5.4,7.5,0,0,4.32,3.09,,
Reference,Pre22,8/8/2022,Idlewild,Pre22ReferenceHM,HM,5,0,18.75,62.5,37.5,0,0,0,0,0,0,0,,,,2.5,0,0,121.25,0.5,0,0,0,0,0,0,11,0,0,0,0,0,0,0,0,0,0,0,18,11,14,11,11,13,6.6,1.8,3,4.3,3.2,3.78,3.169,,
Reference,Pre22,8/8/2022,Idlewild,Pre22ReferenceHM,HM,6,0,0,37.5,62.5,0,0,0,0,0,0,0,,,,0,0,0,100,0.5,0,0,0,0,0,0,0,0,0,0,0,0,0,0,0,0,0,0,0,0,0,0,0,0,0,0,0,0,0,0,3.096,,
Reference,Pre22,8/8/2022,Idlewild,Pre22ReferenceHM,HM,7,0,0,37.5,62.5,0,0.5,0.5,0,0,0,0,,,,0,0,0,101,0.5,0,0,0,0,0,0,0,0,0,0,0,0,0,0,0,0,0,0,0,0,0,0,0,0,0,0,0,0,0,0,2.991,,
Reference,Pre22,8/8/2022,Idlewild,Pre22ReferenceHM,HM,8,0,0,37.5,62.5,0,0,0,0,0,0,0,,,,0.5,0,0,100.5,0,0,0,0,0,0,0,0,0,0,0,0,0,0,0,0,0,0,0,0,0,0,0,0,0,0,0,0,0,0,0,3.233,,
Reference,Pre22,8/8/2022,Idlewild,Pre22ReferenceHM,HM,9,0,0,62.5,37.5,0,0.5,0,0,0.5,0,0,,,,8.75,0,0,109.75,0.5,0,0,0,0,0,0,0,0,0,0,0,0,0,0,0,0,0,0,0,0,0,0,0,0,0,0,0,0,0,0,3.287,,
Reference,Pre22,8/8/2022,Idlewild,Pre22ReferenceHM,HM,10,0,0,62.5,37.5,0,0,0,0,0,0,0,,,,0,0,0,100,0,0,0,0,0,0,0,0,0,0,0,0,0,0,0,0,0,0,0,0,0,0,0,0,0,0,0,0,0,0,0,3.116,,
Reference,Pre22,8/8/2022,Idlewild,Pre22ReferenceHM,HM,11,0.5,0,62.5,37.5,0,0,0.5,0,0,0,0,,,,0,0,0,101,0,0,0,0,0,0,0,0,0,0,0,0,0,0,0,0,0,0,0,0,0,0,0,0,0,0,0,0,0,0,0,3.1,,
Reference,Pre22,8/8/2022,Idlewild,Pre22ReferenceHM,HM,12,0,0,62.5,37.5,0,0,0,0,0,0,0,,,,0,0,0,100,0,0,0,0,0,0,0,0,0,0,0,0,0,0,0,0,0,0,0,0,0,0,0,0,0,0,0,0,0,0,0,3.214,,
Reference,Pre22,8/8/2022,Idlewild,Pre22ReferenceHM,HM,13,0,0,87.5,18.75,0,0,0,0,0,0,0,,,,0,0,0,106.25,0,0,0,0,0,0,0,0,0,0,0,0,0,0,0,0,0,0,0,0,0,0,0,0,0,0,0,0,0,0,0,3.157,,
Reference,Pre22,8/8/2022,Idlewild,Pre22ReferenceHM,HM,14,0,0,87.5,18.75,0,0,0,0,0,0,0,,,,0,0,0,106.25,0,0,0,0,0,0,0,0,0,0,0,0,0,0,0,0,0,0,0,0,0,0,0,0,0,0,0,0,0,0,0,3.138,,
Reference,Pre22,8/8/2022,Idlewild,Pre22ReferenceHM,HM,15,0,0,87.5,18.75,0,0,0,0,0,0,0,,,,0,0,0,106.25,0,0,0,0,0,0,0,0,0,0,0,0,0,0,0,0,0,0,0,0,0,0,0,0,0,0,0,0,0,0,0,3.3,,
Reference,Pre22,8/8/2022,Idlewild,Pre22ReferenceLM,LM,1,0,87.5,0,0,0,0,0,0,0,0,0,,,,0,0,0,87.5,2.5,0,0.5,18.75,0,0,0,46,0,0,0,0,0,0,0,0,0,0,0,43,45,40,48,25,40.2,6.1,5.9,5.2,6.5,2.8,5.3,2.166,,
Reference,Pre22,8/8/2022,Idlewild,Pre22ReferenceLM,LM,2,0,62.5,0,0,0,0,2.5,0,0,0,0,,,,0,0,0,65,18.75,0,0,2.75,3,0,1,28,0,0,0,0,0,0,0,0,0,0,0,70,82,80,49,40,64.2,4.6,6.4,5.9,9.2,6.5,6.52,2.208,,
Reference,Pre22,8/8/2022,Idlewild,Pre22ReferenceLM,LM,3,0,62.5,0,0,0,0,2.5,0,0,0,0,,,,0,0,0,65,18.75,0.5,0,0.5,3,1,0,39,0,0,0,0,0,0,0,0,0,0,0,15,33,25,29,16,23.6,3.3,7,3.9,6.5,4,4.94,2.129,,
Reference,Pre22,8/8/2022,Idlewild,Pre22ReferenceLM,LM,4,0,62.5,0,0,0,0,0,0,0,0,0,,,,0,0,0,62.5,18.75,0.5,0.5,18.75,27,0,3,54,0,0,0,0,0,0,0,0,0,0,0,32,28,26,25,31,28.4,6,4.4,3.9,4,6,4.86,2.212,,
Reference,Pre22,8/8/2022,Idlewild,Pre22ReferenceLM,LM,5,0,62.5,0,0,0,0,0,0,0,0,0,,,,0,0,0,62.5,37.5,0,0.5,8.75,45,0,0,47,0,0,0,0,0,0,0,0,0,0,0,40,35,30,20,32,31.4,6.9,4,3.6,4.5,4.9,4.78,2.175,,
Reference,Pre22,8/8/2022,Idlewild,Pre22ReferenceLM,LM,6,0,37.5,0,0,0,0,0,0,0,0,0,,,,0,0,0,37.5,62.5,2.5,2.5,0,65,0,17,25,0,0,0,0,0,0,0,0,0,0,0,129,72,121,57,31,82,5.9,5.6,5.5,4.6,3.3,4.98,0.584,,
Reference,Pre22,8/8/2022,Idlewild,Pre22ReferenceLM,LM,7,0,62.5,0,0,0,0,0,0,0,0,0,,,,0,0,0,62.5,18.75,0,8.75,8.75,47,0,0,54,0,0,0,0,0,0,0,0,0,0,0,24,23,40,26,15,25.6,5,6.8,8.1,6.1,4.9,6.18,1.868,,
Reference,Pre22,8/8/2022,Idlewild,Pre22ReferenceLM,LM,8,8.75,62.5,2.5,2.5,0,0,0,0,0,0,0,,,,0,0,0,76.25,18.75,0,2.5,8.75,3,1,2,52,0,0,0,0,0,0,0,0,0,0,0,15,9,20,30,26,20,5.9,4.6,6.9,6.1,9.9,6.68,2.233,,
Reference,Pre22,8/8/2022,Idlewild,Pre22ReferenceLM,LM,9,0,62.5,0,0,0,0,0,0,0,0,0,,,,0,0,0,62.5,37.5,0,0,8.75,15,4,14,26,0,0,0,0,0,0,0,0,0,0,0,17,49,84,20,55,45,3.6,6.2,5.1,2.4,7.4,4.94,1.162,,
Reference,Pre22,8/8/2022,Idlewild,Pre22ReferenceLM,LM,10,0,37.5,0,0,0,0,0,0,0,0,0,,,,0,0,0,37.5,62.5,8.75,2.5,2.5,0,0,7,24,0,0,0,0,0,0,0,0,0,0,0,28,46,41,19,35,33.8,4.9,4.8,4.7,4.3,4.3,4.6,1.468,,
Reference,Pre22,8/8/2022,Idlewild,Pre22ReferenceLM,LM,11,0,62.5,0,0,0,0,0,0,0,0,0,,,,0,0,0,62.5,18.75,0,0.5,8.75,5,1,2,35,0,0,0,0,0,0,0,0,0,0,0,33,49,25,35,8,30,8,8.4,6.9,6.4,3.5,6.64,2.181,,
Reference,Pre22,8/8/2022,Idlewild,Pre22ReferenceLM,LM,12,0,62.5,0,18.75,0,0,0,0,0,0,0,,,,0,0,0,81.25,18.75,0,0,8.75,1,0,7,49,0,0,0,0,0,0,0,0,0,0,0,29,15,12,31,11,19.6,5.8,4.2,3.5,6.7,3.5,4.74,2.533,,
Reference,Pre22,8/8/2022,Idlewild,Pre22ReferenceLM,LM,13,0,87.5,2.5,0,0,0,0,0,0,0,0,,,,0,0,0,90,8.75,0,2.5,2.5,4,2,2,30,0,0,0,0,0,0,0,0,0,0,0,44,13,12,18,30,23.4,6.2,4.5,4,3.5,6.9,5.02,2.477,,
Reference,Pre22,8/8/2022,Idlewild,Pre22ReferenceLM,LM,14,0,62.5,0,0,0,0,8.75,0,0,0,0,,,,0,0,0,71.25,18.75,0,0,2.5,3,0,0,53,0,0,0,0,0,0,0,0,0,0,0,12,24,22,35,10,20.6,2.2,3.6,5.6,5.5,1.8,3.74,2.442,,
Reference,Pre22,8/8/2022,Idlewild,Pre22ReferenceLM,LM,15,0,37.5,8.75,8.75,0,0,8.75,0,0,0,0,,,,0,0,0,63.75,8.75,0,0,2.5,2,0,0,30,0,0,0,0,0,0,0,0,0,0,0,10,10,11,26,12,13.8,9.3,7.9,3.7,6.7,3.4,6.2,2.453,,
Restored,Post (1),9/14/2023,Idlewild,Post (1)RestoredHM,HM,1,0,0,0,18.75,0,0,0,0,0,0,0,,,,0,0,0,18.75,87.5,0,0,0,0,9,0,0,0,0,0,0,0,0,0,0,0,0,0,0,0,0,0,0,0,0,0,0,0,0,0,2.866,,
Restored,Post (1),9/14/2023,Idlewild,Post (1)RestoredHM,HM,2,0,37.5,0,0,0,0,0,0,0,0,0,,,,0,0,0,37.5,62.5,0,0,0,0,1,0,45,0,0,0,0,0,0,0,0,0,0,0,25.5,47.5,11.5,22,9,23.1,3.5,5,3.5,3.6,2.4,3.6,2.221,,
Restored,Post (1),9/14/2023,Idlewild,Post (1)RestoredHM,HM,3,0,0,0,8.75,0,0,0,0,0,0,0,,,,0,0,0,8.75,87.5,0.5,0.5,0.5,0,7,0,0,0,0,0,0,0,0,0,0,0,0,0,0,0,0,0,0,0,0,0,0,0,0,0,2.818,,
Restored,Post (1),9/14/2023,Idlewild,Post (1)RestoredHM,HM,4,0,2.5,8.75,0,0,0,0,0,0,0,0,,,,0,0,0,11.25,87.5,2.5,0.5,0,0,0,0,0,0,0,0,0,0,0,0,0,0,0,0,0,0,0,0,0,0,0,0,0,0,0,0,3.569,,
Restored,Post (1),9/14/2023,Idlewild,Post (1)RestoredHM,HM,5,0,18.75,0,0,0,0,0,0,0,0,0,,,,0,0,0,18.75,87.5,0,0,0,0,17,0,42,0,0,0,0,0,0,0,0,0,0,0,19,3,24,3,29,15.6,3.7,2.8,3.6,5,2.9,3.6,2.364,,
Restored,Post (1),9/14/2023,Idlewild,Post (1)RestoredHM,HM,6,0,0,0,37.5,0,0,0,0,0,0,0,,,,0,0,0,37.5,62.5,0.5,0.5,0,0,8,0,0,0,0,0,0,0,0,0,0,0,0,0,0,0,0,0,0,0,0,0,0,0,0,0,2.528,,
Restored,Post (1),9/14/2023,Idlewild,Post (1)RestoredHM,HM,7,0,0,0,2.5,0,0,0,0,0,0,0,,,,0,0,0,2.5,87.5,0.5,0.5,0,0,0,0,0,0,0,0,0,0,0,0,0,0,0,0,0,0,0,0,0,0,0,0,0,0,0,0,3.632,,
Restored,Post (1),9/14/2023,Idlewild,Post (1)RestoredHM,HM,8,0,0.5,2.5,8.75,0,0,0,0,0,0,0,,,,0,0,0,11.75,87.5,0,0.5,0,0,15,0,0,0,0,0,0,0,0,0,0,0,0,0,0,0,0,0,0,0,0,0,0,0,0,0,2.581,,
Restored,Post (1),9/14/2023,Idlewild,Post (1)RestoredHM,HM,9,0,87.5,0,0,0,0,0,0,0,0,0,,,,0,0,0,87.5,2.5,2.5,0,0,0,0,0,80,0,0,0,0,0,0,0,0,0,0,0,93,135,68,153,127,115.2,5.4,8,5.8,8.5,5.6,6.66,2.324,,
Restored,Post (1),9/14/2023,Idlewild,Post (1)RestoredHM,HM,10,0,18.75,0,8.75,0,0,0,0,0,0,0,,,,0,0,0,27.5,87.5,0.5,0.5,0,0,0,0,13,0,0,0,0,0,0,0,0,0,0,0,16,92,64,67.5,10,49.9,2,3.4,1,3.4,1.3,2.22,3.224,,
Restored,Post (1),9/14/2023,Idlewild,Post (1)RestoredHM,HM,11,0,2.5,2.5,8.75,0,0,0,0,0,0,0,,,,0,0,0,13.75,87.5,0,0,0,0,0,0,0,0,0,0,0,0,0,0,0,0,0,0,0,0,0,0,0,0,0,0,0,0,0,0,3.205,,
Restored,Post (1),9/14/2023,Idlewild,Post (1)RestoredHM,HM,12,0,0.5,0,8.75,0,0,0,0,0,0,0,,,,0,0,0,9.25,87.5,0,0,0,0,0,0,0,0,0,0,0,0,0,0,0,0,0,0,0,0,0,0,0,0,0,0,0,0,0,0,3.011,,
Restored,Post (1),9/14/2023,Idlewild,Post (1)RestoredHM,HM,13,0,2.5,0,8.75,0,0,0,0,0,0,0,,,,0,0,0,11.25,87.5,0,0,0,0,0,0,0,0,0,0,0,0,0,0,0,0,0,0,0,0,0,0,0,0,0,0,0,0,0,0,2.911,,
Restored,Post (1),9/14/2023,Idlewild,Post (1)RestoredHM,HM,14,0,0,8.75,2.5,0,0,0,0,0,0,0,,,,0,0,0,11.25,87.5,0.5,0.5,0,0,0,0,0,0,0,0,0,0,0,0,0,0,0,0,0,0,0,0,0,0,0,0,0,0,0,0,3.782,,
Restored,Post (1),9/14/2023,Idlewild,Post (1)RestoredHM,HM,15,0,0,8.75,2.5,0,0,0,0,0,0,0,,,,0,0,0,11.25,87.5,0.5,0.5,0,0,0,0,0,0,0,0,0,0,0,0,0,0,0,0,0,0,0,0,0,0,0,0,0,0,0,0,3.595,,
Restored,Post (1),9/14/2023,Idlewild,Post (1)RestoredLM,LM,1,0,8.75,0,0,0,0,0,0,0,0,0,,,,0,0,0,8.75,87.5,8.75,2.5,0,0,30,0,28,0,0,0,0,0,0,0,0,0,0,0,23,10.5,2,21,27,16.7,3.8,3.4,3.5,2.9,2.5,3.22,2.37,,
Restored,Post (1),9/14/2023,Idlewild,Post (1)RestoredLM,LM,2,0,2.5,2.5,2.5,0,0,0,0,0,0,0,,,,0,0,0,7.5,87.5,0,0.5,0,0,0,0,11,0,0,0,0,0,0,0,0,0,0,0,25.5,18,2,3,6,10.9,5.6,6,2.8,2.9,3.9,4.24,3.054,,
Restored,Post (1),9/14/2023,Idlewild,Post (1)RestoredLM,LM,3,0,0.5,0,0,0,0,0,0,0,0,0,,,,0,0,0,0.5,87.5,0.5,0,0,10,0,206,0,0,0,0,0,0,0,0,0,0,0,0,0,0,0,0,0,0,0,0,0,0,0,0,0.447,,
Restored,Post (1),9/14/2023,Idlewild,Post (1)RestoredLM,LM,4,0,0,0,0,0,0,0,0,0,0,0,,,,0,0,0,0,87.5,0,0,0,1,0,612,0,0,0,0,0,0,0,0,0,0,0,0,0,0,0,0,0,0,0,0,0,0,0,0,-0.393,,
Restored,Post (1),9/14/2023,Idlewild,Post (1)RestoredLM,LM,5,0,2.5,0,8.75,0,0,0,0,0,0,0,,,,0,0,0,11.25,87.5,0,0.5,0,0,0,0,0,0,0,0,0,0,0,0,0,0,0,0,0,0,0,0,0,0,0,0,0,0,0,0,3.006,,
Restored,Post (1),9/14/2023,Idlewild,Post (1)RestoredLM,LM,6,0,37.5,0,0,0,0,0,0,0,0,0,,,,0,0,0,37.5,62.5,2.5,2.5,0,73,3,13,45,0,0,0,0,0,0,0,0,0,0,0,74,36,96.5,43,27,55.3,4,5,6.5,3.9,1.1,4.1,0.769,,
Restored,Post (1),9/14/2023,Idlewild,Post (1)RestoredLM,LM,7,0,0,0,2.5,0,0,0,0,0,0,0,,,,0,0,0,2.5,87.5,0.5,0,0,0,0,0,0,0,0,0,0,0,0,0,0,0,0,0,0,0,0,0,0,0,0,0,0,0,0,0,3.492,,
Restored,Post (1),9/14/2023,Idlewild,Post (1)RestoredLM,LM,8,0,62.5,0,0,0,0,0,0,0,0,0,,,,0,0,0,62.5,37.5,0.5,0.5,0,70,5,1,58,0,0,0,0,0,0,0,0,0,0,0,19.5,58.5,20,69,67.5,46.9,3.1,4.9,5.5,3.8,3.5,4.16,2.023,,
Restored,Post (1),9/14/2023,Idlewild,Post (1)RestoredLM,LM,9,0,37.5,0,0,0,0,0,0,0,0,0,,,,0,0,0,37.5,62.5,2.5,2.5,0,13,1,10,64,0,0,0,0,0,0,0,0,0,0,0,43,42.5,18.5,38,11.5,30.7,2.5,1.9,2.4,1.5,1.4,1.94,0.944,,
Restored,Post (1),9/14/2023,Idlewild,Post (1)RestoredLM,LM,10,0,37.5,0,0,0,0,0,0,0,0,0,,,,0,0,0,37.5,62.5,0,0,0,40,0,0,132,0,0,0,0,0,0,0,0,0,0,0,35,52,50.5,46,42,45.1,3,4,0.8,0.5,2.2,2.1,0.717,,
Restored,Post (1),9/14/2023,Idlewild,Post (1)RestoredLM,LM,11,0,62.5,0,0,0,0,0,0,0,0,0,,,,0,0,0,62.5,18.75,0,2.5,0,19,0,0,26,0,0,0,0,0,0,0,0,0,0,0,88,86.5,42,37,71.5,65,3.1,2.8,1.8,3,5.4,3.22,1.459,,
Restored,Post (1),9/14/2023,Idlewild,Post (1)RestoredLM,LM,12,0,2.5,2.5,0,0,0,0,0,0,0,0,,,,0,0,0,5,87.5,0,0,0,0,0,0,0,0,0,0,0,0,0,0,0,0,0,0,0,0,0,0,0,0,0,0,0,0,0,0,3.013,,
Restored,Post (1),9/14/2023,Idlewild,Post (1)RestoredLM,LM,13,0,8.75,0,0,0,0,0,0,0,0,0,,,,0,0,0,8.75,87.5,2.5,0.5,0,0,0,0,8,0,0,0,0,0,0,0,0,0,0,0,33,8,5,4,4.5,10.9,6.4,7.6,5,3,3.2,5.04,2.501,,
Restored,Post (1),9/14/2023,Idlewild,Post (1)RestoredLM,LM,14,0,62.5,0,0,0,0,0,0,0,0,0,,,,0,0,0,62.5,18.75,2.5,0,0,69,0,0,59,0,0,0,0,0,0,0,0,0,0,0,48,43,75,37,61,52.8,2.8,1.5,6.5,5,6.1,4.38,2.227,,
Restored,Post (1),9/14/2023,Idlewild,Post (1)RestoredLM,LM,15,0,62.5,0,0,0,0,0,0,0,0,0,,,,0,0,0,62.5,18.75,0,0,0,22,9,0,62,0,0,0,0,0,0,0,0,0,0,0,10,27,10,10,10,13.4,6.1,6.5,3.5,3.4,5,4.9,2.522,,
Reference,Post (1),8/28/2023,Idlewild,Post (1)ReferenceHM,HM,1,18.75,2.5,18.75,62.5,0,0,2.5,2.5,0,2.5,0,,,,0,0,0,110,0,0.5,0,0,0,0,0,0,0,0,0,0,0,0,0,0,0,0,0,0,0,0,0,0,0,0,0,0,0,0,0,3.031,,
Reference,Post (1),8/28/2023,Idlewild,Post (1)ReferenceHM,HM,2,0,8.75,37.5,37.5,0,0.5,0,0,0,0,0,,,,18.75,0,0,103,0,0,0,0,0,0,0,6,0,0,0,0,0,0,0,0,0,0,0,6,5,6,6,9,6.4,7.2,7.5,7.2,7.7,7.6,7.44,3.192,,
Reference,Post (1),8/28/2023,Idlewild,Post (1)ReferenceHM,HM,3,0.5,8.75,37.5,62.5,0,0,0.5,0,0,0,0,,,,8.75,0,0,118.5,2.5,0.5,0,0,0,0,0,4,0,0,0,0,0,0,0,0,0,0,0,45,52.5,78,19,0,38.9,6.8,4.6,7.7,6.4,0,5.1,3.184,,
Reference,Post (1),8/28/2023,Idlewild,Post (1)ReferenceHM,HM,4,0,8.75,62.5,37.5,0,0,0,0,0,0,0,,,,0,0,0,108.75,2.5,0,0,0,0,0,0,4,0,0,0,0,0,0,0,0,0,0,0,38,99,23,41,0,40.2,8.8,10.1,6.4,7.2,0,6.5,3.298,,
Reference,Post (1),8/28/2023,Idlewild,Post (1)ReferenceHM,HM,5,0,18.75,37.5,37.5,0,0,0,0,0,0,0,,,,2.5,0,0,96.25,2.5,0,0,0,0,0,0,0,0,0,0,0,0,0,0,0,0,0,0,7,13,16,34,9.5,15.9,4.7,3.8,7,5.3,3.3,4.82,3.073,,
Reference,Post (1),8/28/2023,Idlewild,Post (1)ReferenceHM,HM,6,0,2.5,37.5,62.5,0,0,0,0,0,0,0,,,,,0,0,102.5,0,0,0,0,0,0,0,0,0,0,0,0,0,0,0,0,0,0,0,0,0,0,0,0,0,0,0,0,0,0,0,3.225,,
Reference,Post (1),8/28/2023,Idlewild,Post (1)ReferenceHM,HM,7,0,0,37.5,62.5,0,0,0,0,0,0,0,,,,0.5,0,0,100.5,0,0,0,0,0,0,0,0,0,0,0,0,0,0,0,0,0,0,0,0,0,0,0,0,0,0,0,0,0,0,0,3.008,,
Reference,Post (1),8/28/2023,Idlewild,Post (1)ReferenceHM,HM,8,0,0,37.5,62.5,0,0,0,0,0,0,0,,,,0,0,0,100,0.5,0,0,0,0,0,0,0,0,0,0,0,0,0,0,0,0,0,0,0,0,0,0,0,0,0,0,0,0,0,0,3.213,,
Reference,Post (1),8/28/2023,Idlewild,Post (1)ReferenceHM,HM,9,0,0,37.5,62.5,0,0,0,0,0.5,0,0,,,,8.75,0,0,109.25,0,0,0,0,0,0,0,0,0,0,0,0,0,0,0,0,0,0,0,0,0,0,0,0,0,0,0,0,0,0,0,3.309,,
Reference,Post (1),8/28/2023,Idlewild,Post (1)ReferenceHM,HM,10,0,0,62.5,37.5,0,0,0,0,0,0,0,,,,0,0,0,100,0.5,0.5,0,0,0,0,0,0,0,0,0,0,0,0,0,0,0,0,0,0,0,0,0,0,0,0,0,0,0,0,0,3.211,,
Reference,Post (1),8/28/2023,Idlewild,Post (1)ReferenceHM,HM,11,0.5,0,37.5,62.5,0,0,0.5,0,0,0,0,,,,0,0,0,101,0,0,0,0,0,0,0,0,0,0,0,0,0,0,0,0,0,0,0,0,0,0,0,0,0,0,0,0,0,0,0,3.086,,
Reference,Post (1),8/28/2023,Idlewild,Post (1)ReferenceHM,HM,12,0,0,37.5,62.5,0,0,0,0,0.5,0,0,,,,0,0,0,100.5,0,0,0,0,0,0,0,0,0,0,0,0,0,0,0,0,0,0,0,0,0,0,0,0,0,0,0,0,0,0,0,3.223,,
Reference,Post (1),8/28/2023,Idlewild,Post (1)ReferenceHM,HM,13,0,0,18.75,37.5,0,0,0,0,0,0,0,,,,0,0,0,56.25,0,37.5,2.5,0,0,0,0,0,0,0,0,0,0,0,0,0,0,0,0,0,0,0,0,0,0,0,0,0,0,0,0,3.12,,
Reference,Post (1),8/28/2023,Idlewild,Post (1)ReferenceHM,HM,14,0,0,62.5,37.5,0,0,0,0,0,0,0,,,,0,0,0,100,0,0,2.5,0,0,0,0,0,0,0,0,0,0,0,0,0,0,0,0,0,0,0,0,0,0,0,0,0,0,0,0,3.156,,
Reference,Post (1),8/28/2023,Idlewild,Post (1)ReferenceHM,HM,15,0,0,37.5,62.5,0,0,0,0,0,0,0,,,,0,0,0,100,0,8.75,2.5,0,0,0,0,0,0,0,0,0,0,0,0,0,0,0,0,0,0,0,0,0,0,0,0,0,0,0,0,3.195,,
Reference,Post (1),8/28/2023,Idlewild,Post (1)ReferenceLM,LM,1,0,2.5,0,0,0,0,0,0,0,0,0,,,,0,0,0,2.5,0,87.5,18.75,0,0,0,0,1,0,0,0,0,0,0,0,0,0,0,0,6,0,0,0,0,1.2,5.4,0,0,0,0,1.08,2.18,,
Reference,Post (1),8/28/2023,Idlewild,Post (1)ReferenceLM,LM,2,0,87.5,0,0,0,0,0,0,0,0,0,,,,0,0,0,87.5,0,2.5,8.75,0,0,0,0,63,0,0,0,0,0,0,0,0,0,0,0,67,46,76,30,20,47.8,7.6,7.6,9.1,9.4,3.5,7.44,2.164,,
Reference,Post (1),8/28/2023,Idlewild,Post (1)ReferenceLM,LM,3,0,87.5,0,0,0,0,0,0,0,0,0,,,,0,0,0,87.5,0,0,0.5,2.5,5,0,0,61,0,0,0,0,0,0,0,0,0,0,0,29.5,35,17.5,22,32,27.2,3.8,8.6,6,3.6,3.8,5.16,2.252,,
Reference,Post (1),8/28/2023,Idlewild,Post (1)ReferenceLM,LM,4,0,87.5,0,0,0,0,0,0,0,0,0,,,,0,0,0,87.5,18.75,0,2.5,0,0,0,0,58,0,0,0,0,0,0,0,0,0,0,0,24,17,27,23,32,24.6,5.3,5.1,7,4.3,6.3,5.6,2.369,,
Reference,Post (1),8/28/2023,Idlewild,Post (1)ReferenceLM,LM,5,0,87.5,0,0,0,0,2.5,0,0,0,0,,,,0,0,0,90,0,0,0,0,21,0,0,56,0,0,0,0,0,0,0,0,0,0,0,38,37,57.5,62,41,47.1,5,4,6,5.9,7.2,5.62,2.203,,
Reference,Post (1),8/28/2023,Idlewild,Post (1)ReferenceLM,LM,6,0,37.5,0,0,0,0,0,0,0,0,0,,,,0,0,0,37.5,62.5,0,0,0,83,0,7,45,0,0,0,0,0,0,0,0,0,0,0,54,51,49,55,38,49.4,5.7,4,5.3,5.9,4.2,5.02,0.28,,
Reference,Post (1),8/28/2023,Idlewild,Post (1)ReferenceLM,LM,7,0,62.5,0,0,0,0,0,0,0,0,0,,,,0,0,0,62.5,37.5,0.5,0,0,31,4,0,55,0,0,0,0,0,0,0,0,0,0,0,20,32,26,38,25,28.2,6.8,4.4,5.5,11,6.6,6.86,1.927,,
Reference,Post (1),8/28/2023,Idlewild,Post (1)ReferenceLM,LM,8,2.5,37.5,2.5,8.75,0,0,0.5,0,0,0,0,,,,0,0,0,51.75,18.75,0,0,8.75,4,1,1,34,0,0,0,0,0,0,0,0,0,0,0,19,18,13,6,10,13.2,4.7,5,6.1,4.4,6.8,5.4,2.336,,
Reference,Post (1),8/28/2023,Idlewild,Post (1)ReferenceLM,LM,9,0,62.5,0,0,0,0,0,0,0,0,0,,,,0,0,0,62.5,37.5,0,0,2.5,1,1,0,38,0,0,0,0,0,0,0,0,0,0,0,53,33,37,49,38,42,6.4,5,4.5,6,5.8,5.54,1.463,,
Reference,Post (1),8/28/2023,Idlewild,Post (1)ReferenceLM,LM,10,0,62.5,0,0,0,0,0,0,0,0,0,,,,0,0,0,62.5,37.5,0,0,0,5,0,0,62,0,0,0,0,0,0,0,0,0,0,0,46,47,75,36,49,50.6,6.4,4.3,5.1,6.9,5.1,5.56,1.518,,
Reference,Post (1),8/28/2023,Idlewild,Post (1)ReferenceLM,LM,11,0,87.5,0,0,0,0,0,0,0,0,0,,,,0,0,0,87.5,18.75,0,0,0,2,1,0,38,0,0,0,0,0,0,0,0,0,0,0,50,27,23,42,27,33.8,6,5.9,4.3,4.4,5,5.12,2.181,,
Reference,Post (1),8/28/2023,Idlewild,Post (1)ReferenceLM,LM,12,0,62.5,0,8.75,0,0,2.5,0,0,0,0,,,,0,0,0,73.75,18.75,0,0.5,0,2,0,0,57,0,0,0,0,0,0,0,0,0,0,0,5.5,11.5,19,13,18,13.4,1.2,2.9,5.6,4.5,4.4,3.72,2.62,,
Reference,Post (1),8/28/2023,Idlewild,Post (1)ReferenceLM,LM,13,0,62.5,0,2.5,0,0,0,0,0,0,0,,,,0,0,0,65,37.5,0,0,8.75,3,2,2,41,0,0,0,0,0,0,0,0,0,0,0,18,17,55,46,49.5,37.1,6.9,7.1,4.7,3.8,5.4,5.58,2.58,,
Reference,Post (1),8/28/2023,Idlewild,Post (1)ReferenceLM,LM,14,0,87.5,0,0,0,0,2.5,0,0,0,0,,,,0,0,0,90,8.75,0,0,0,13,2,2,83,0,0,0,0,0,0,0,0,0,0,0,22,15,17,14,55.5,24.7,7,3.7,4,3.4,4.6,4.54,2.549,,
Reference,Post (1),8/28/2023,Idlewild,Post (1)ReferenceLM,LM,15,0,62.5,8.75,8.75,0,0,8.75,0,0,0.5,0,,,,0,0,0,89.25,18.75,0,0.5,0,0,0,2,18,0,0,0,0,0,0,0,0,0,0,0,3,9.5,8,19,14,10.7,5.8,5.2,4.8,6.4,10.8,6.6,2.692,,
Restored,Post (1.5),10/12/2023,Idlewild,Post (1.5)RestoredLM,LM,4,0,18.75,0,0,0,0,0,0,0,0,0,,,,0,87.5,0,106.25,87.5,0,0,0,0,0,0,31,0,0,0,0,0,0,0,0,0,0,0,9,23,55,16,5,21.6,4.3,5,6.4,4.4,5.5,5.12,2.256,,
Restored,Post (1.5),10/12/2023,Idlewild,Post (1.5)RestoredLM,LM,7,0,18.75,0,0,0,0,0,0,0,0,0,,,,0,62.5,0,81.25,87.5,0,0,0,0,0,0,27,0,0,0,0,0,0,0,0,0,0,0,4.5,8,5,3,31,10.3,4.1,6,4.9,3.3,6.7,5,1.95,,
Restored,Post (1.5),10/12/2023,Idlewild,Post (1.5)RestoredLM,LM,9,0,8.75,0,0,0,0,0,0,0,0,0,,,,0,87.5,0,96.25,87.5,0,0,0,0,0,0,28,0,0,0,0,0,0,0,0,0,0,0,34,12,36,4,13,19.8,3.2,3.3,3.5,5,3.9,3.78,2.616,,
Restored,Post (1.5),10/12/2023,Idlewild,Post (1.5)RestoredLM,LM,10,0,37.5,0,0,0,0,0,0,0,0,0,,,,0,62.5,0,100,62.5,0,0,0,0,0,0,47,0,0,0,0,0,0,0,0,0,0,0,48,41,32,8,73,40.4,6.8,3.4,3.9,4,6,4.82,2.458,,
Restored,Post (1.5),10/12/2023,Idlewild,Post (1.5)RestoredLM,LM,11,0,37.5,0,0,0,0,0,0,0,0,0,,,,0,62.5,0,100,62.5,0,0,0,0,0,0,54,0,0,0,0,0,0,0,0,0,0,0,13,9,13,11,20,13.2,3.7,3.3,2.9,3,3.5,3.28,1.943,,
Restored,Post (1.5),10/12/2023,Idlewild,Post (1.5)RestoredLM,LM,14,0,0,0,0,0,0,0,0,0,0,0,,,,0,62.5,0,62.5,87.5,0,0,0,0,0,0,0,0,0,0,0,0,0,0,0,0,0,0,0,0,0,0,0,0,0,0,0,0,0,0,2.622,,
Restored,Post (1.5),10/12/2023,Idlewild,Post (1.5)RestoredLM,LM,15,0,2.5,0,0,0,0,0,0,0,0,0,,,,0,62.5,0,65,87.5,0,0,0,0,0,1,12,0,0,0,0,0,0,0,0,0,0,0,12,2,5,10,4,6.6,2.9,3.3,3.9,2.8,3,3.18,2.567,,
Restored,Post (2),9/17/2024,Idlewild,Post (2)RestoredHM,HM,1,0,0,0,62.5,0,0.5,37.5,0,0,0.5,0,0,0,0,0,0,0,101,18.75,0,N,Y,N,N,N,0,0,0,0,0,0,0,0,0,0,0,0,0,0,0,0,0,0,0,0,0,0,0,0,2.834,,
Restored,Post (2),9/17/2024,Idlewild,Post (2)RestoredHM,HM,2,0,2.5,18.75,18.75,0,0,0,0,0,0,0,8.75,0,0,0,0,0,48.75,37.5,0,Y,Y,N,N,N,0,0,0,0,0,0,0,0,0,0,0,0,0,0,0,0,0,0,0,0,0,0,0,0,3.358,,
Restored,Post (2),9/17/2024,Idlewild,Post (2)RestoredHM,HM,3,0,0,0,62.5,0,0,0,0,0,0,0,0,0,0,0,0,0,62.5,37.5,0,N,Y,N,N,N,0,0,0,0,0,0,0,0,0,0,0,0,0,0,0,0,0,0,0,0,0,0,0,0,3.182,,
Restored,Post (2),9/17/2024,Idlewild,Post (2)RestoredHM,HM,4,0,2.5,0,62.5,0,0.5,2.5,0,0.5,0,0,0.5,0.5,0,0,0,0,69.5,8.75,0,Y,Y,N,N,N,0,0,0,0,0,0,0,0,0,0,0,0,0,0,0,0,0,0,0,0,0,0,0,0,3.339,,
Restored,Post (2),9/17/2024,Idlewild,Post (2)RestoredHM,HM,5,0,0,18.75,18.75,0,0,0.5,0,0,0,0,0.5,0,0,0,0,0,38.5,37.5,0,Y,Y,N,N,N,0,0,0,0,0,0,0,0,0,0,0,0,0,0,0,0,0,0,0,0,0,0,0,0,3.761,,
Restored,Post (2),9/17/2024,Idlewild,Post (2)RestoredHM,HM,6,0,0,18.75,0.5,0,0,0,0,0,0,0,0,0,0,0,0,0,19.25,87.5,0,N,Y,N,N,N,0,0,0,0,0,0,0,0,0,0,0,0,0,0,0,0,0,0,0,0,0,0,0,0,3.981,,
Restored,Post (2),9/17/2024,Idlewild,Post (2)RestoredHM,HM,7,0,0,18.75,0.5,0,0,0.5,0,0,0,0,0.5,0.5,0,0,0,0,20.75,87.5,0,N,Y,N,N,N,0,0,0,0,0,0,0,0,0,0,0,0,0,0,0,0,0,0,0,0,0,0,0,0,3.869,,
Restored,Post (2),9/17/2024,Idlewild,Post (2)RestoredHM,HM,8,0,0,18.75,2.5,0,0,0,0,0,0,0,0,0,0,0,0,0,21.25,62.5,8.75,Y,Y,N,N,N,0,0,0,0,0,0,0,0,0,0,0,0,0,0,0,0,0,0,0,0,0,0,0,0,3.919,,
Restored,Post (2),9/17/2024,Idlewild,Post (2)RestoredHM,HM,9,0,37.5,0.5,8.75,0,0,2.5,0,0,0,0,2.5,0,0,0,0,0,51.75,37.5,0,Y,Y,N,N,Y,0,0,0,0,0,0,0,0,0,0,0,0,0,0,0,0,0,0,0,0,0,0,0,0,3.174,,
Restored,Post (2),9/17/2024,Idlewild,Post (2)RestoredHM,HM,10,0,8.75,0,18.75,0,0,2.5,0,0,0,0,0,0,0,0,0,0,30,62.5,0,Y,Y,N,N,N,0,0,0,0,0,0,0,0,0,0,0,0,0,0,0,0,0,0,0,0,0,0,0,0,3.064,,
Restored,Post (2),9/17/2024,Idlewild,Post (2)RestoredHM,HM,11,0,0,0,37.5,0,0,2.5,0,0,0.5,0,0,0,0,0,0,0,40.5,62.5,0,N,Y,N,N,N,0,0,0,0,0,0,0,0,0,0,0,0,0,0,0,0,0,0,0,0,0,0,0,0,3.201,,
Restored,Post (2),9/17/2024,Idlewild,Post (2)RestoredHM,HM,12,0,62.5,0,8.75,0,0,0.5,0,0.5,0,0,0,0,0,0,0,0,72.25,8.75,0,N,Y,N,N,N,0,0,0,0,0,0,0,0,0,0,0,0,0,0,0,0,0,0,0,0,0,0,0,0,3.4,,
Restored,Post (2),9/17/2024,Idlewild,Post (2)RestoredHM,HM,13,0,0,8.75,8.75,0,0,0,0,0,0,0,0,0.5,0,0,0,0,18,87.5,0,N,Y,N,N,N,0,0,0,0,0,0,0,0,0,0,0,0,0,0,0,0,0,0,0,0,0,0,0,0,3.602,,
Restored,Post (2),9/17/2024,Idlewild,Post (2)RestoredHM,HM,14,0,0,18.75,0,0,0,2.5,0,0,0.5,0,0,0.5,0,0,0,0,22.25,62.5,0,N,Y,N,N,N,0,0,0,0,0,0,0,0,0,0,0,0,0,0,0,0,0,0,0,0,0,0,0,0,3.346,,
Restored,Post (2),9/17/2024,Idlewild,Post (2)RestoredHM,HM,15,0,0,0.5,37.5,0,0,0.5,0,0,0,0,0,2.5,0,0,0,0,41,62.5,0,N,Y,N,N,N,0,0,0,0,0,0,0,0,0,0,0,0,0,0,0,0,0,0,0,0,0,0,0,0,3.698,,
Restored,Post (2),9/17/2024,Idlewild,Post (2)RestoredLM,LM,1,0,62.5,0,0,0,0,18.75,0,0,0,0,0,0,0,0,0,0,81.25,18.75,0.5,N,Y,N,N,N,37,0,0,0,0,0,0,0,0,0,0,0,50,38,37,25,89,47.8,5.9,3.8,5.8,4,5.9,5.08,2.581,,
Restored,Post (2),9/17/2024,Idlewild,Post (2)RestoredLM,LM,2,0,37.5,0,0,0,0,2.5,0,0,0,0,0,0,0,0,0,0,40,37.5,0,Y,Y,N,N,N,49,0,0,0,0,0,0,0,0,0,0,0,44,24,17,79,39,40.6,4.5,3.8,2.9,6.2,3.3,4.14,2.558,,
Restored,Post (2),9/17/2024,Idlewild,Post (2)RestoredLM,LM,3,0,37.5,0,0,0,0,2.5,0,0,0,0,0,0,0,0,0,0,40,62.5,0,Y,Y,N,Y,N,42,0,0,0,0,0,0,0,0,0,0,0,35,50,74,28,11,39.6,3,4.1,4.3,4.9,5.1,4.28,2.542,,
Restored,Post (2),9/17/2024,Idlewild,Post (2)RestoredLM,LM,4,0,62.5,0,0,0,0,2.5,0,0,0,0,0,0,0,0,0,0,65,37.5,0.5,N,Y,N,N,N,58,0,0,0,0,0,0,0,0,0,0,0,30,80,114,71,37,66.4,5.4,4.8,5.8,5,4.5,5.1,2.391,,
Restored,Post (2),9/17/2024,Idlewild,Post (2)RestoredLM,LM,5,0,62.5,0,0,0,0,0,0,0,0,0,0,0,0,0,0,0,62.5,37.5,0,N,Y,N,N,N,41,0,0,0,0,0,0,0,0,0,0,0,43,81,22,67,52,53,4.9,5.2,3.4,4,3.8,4.26,2.184,,
Restored,Post (2),9/17/2024,Idlewild,Post (2)RestoredLM,LM,6,0,87.5,0,0,0,0,0.5,0,2.5,0,0,0,0,0,0,0,0,90.5,2.5,0,N,Y,N,N,N,22,0,0,0,0,0,0,0,0,0,0,0,23,28,17,19,27,22.8,9.1,8.3,8.1,8.9,6.5,8.18,3.182,,
Restored,Post (2),9/17/2024,Idlewild,Post (2)RestoredLM,LM,7,0,62.5,0,0,0,0,37.5,0,0,0,0,0,0,0,0,0,0,100,8.75,2.5,Y,Y,N,N,N,25,0,0,0,0,0,0,0,0,0,0,0,21,11,30,28,42,26.4,5.1,6,5.1,4.1,6.9,5.44,2.265,,
Restored,Post (2),9/17/2024,Idlewild,Post (2)RestoredLM,LM,8,0,18.75,0,0,0,0,0,0,0,0,0,0,0,0,0,0,0,18.75,37.5,37.5,Y,Y,N,Y,N,6,0,0,0,0,0,0,0,0,0,0,0,2,8,45,8,8,14.2,3.5,5.6,6.1,8,7.2,6.08,2.836,,
Restored,Post (2),9/17/2024,Idlewild,Post (2)RestoredLM,LM,9,0,18.75,0,0,0,0,62.5,0,0,0,0,0,0,0,0,0,0,81.25,18.75,0,N,Y,N,N,N,10,0,0,0,0,0,0,0,0,0,0,0,37,55,57,22,8,35.8,4.3,5.7,6.3,5.7,3,5,2.787,,
Restored,Post (2),9/17/2024,Idlewild,Post (2)RestoredLM,LM,10,0,62.5,0,0,0,0,37.5,0,0,0,0,0,0,0,0,0,0,100,8.75,0,N,Y,N,N,N,47,0,0,0,0,0,0,0,0,0,0,0,8,88,34,26,9,33,5,5.5,6,4,5.6,5.22,2.673,,
Restored,Post (2),9/17/2024,Idlewild,Post (2)RestoredLM,LM,11,0,37.5,0,0,0,0,0,0,0,0,0,0,0,0,0,0,0,37.5,62.5,0,Y,Y,N,N,N,48,0,0,0,0,0,0,0,0,0,0,0,67,102,41,45,65,64,5,5.2,4.5,4.4,5,4.82,2.303,,
Restored,Post (2),9/17/2024,Idlewild,Post (2)RestoredLM,LM,12,0,37.5,0,18.75,0,0,2.5,0,0,0,0,2.5,0,0,0,0,0,61.25,18.75,2.5,Y,Y,N,N,N,14,0,0,0,0,0,0,0,0,0,0,0,79,75,22,90,27,58.6,7,6.9,4.5,5,5.5,5.78,2.975,,
Restored,Post (2),9/17/2024,Idlewild,Post (2)RestoredLM,LM,13,0,18.75,0,0,0,0.5,0,0,2.5,0,0,0,0,0,0,0,0,21.75,37.5,37.5,Y,Y,N,N,N,7,0,0,0,0,0,0,0,0,0,0,0,35,25,14,12,34,24,9.3,7.5,6.9,3.9,7.9,7.1,2.68,,
Restored,Post (2),9/17/2024,Idlewild,Post (2)RestoredLM,LM,14,0,18.75,0,0,0,0,8.75,0,0,0,0,0,0,0,0,0,0,27.5,62.5,0,N,Y,N,N,N,79,0,0,0,0,0,0,0,0,0,0,0,14,39,9,9,11,16.4,3.2,3.2,3.5,3,2.5,3.08,2.791,,
Restored,Post (2),9/17/2024,Idlewild,Post (2)RestoredLM,LM,15,0,37.5,0,0,0,0,37.5,0,0,0,0,0,0,0,0,0,0,75,18.75,0,N,Y,N,N,N,55,0,0,0,0,0,0,0,0,0,0,0,40,37,6,9,27,23.8,4.3,4.8,4,2.7,5.4,4.24,2.76,,
Reference,Post (2),9/16/2024,Idlewild,Post (2)ReferenceHM,HM,1,18.75,0.5,37.5,37.5,0,0,0.5,0,0,0,0,0,0,2.5,0,0,0,97.25,0,0,Y,Y,N,N,N,0,0,0,0,0,0,0,0,0,0,0,0,0,0,0,0,0,0,0,0,0,0,0,0,2.966,,
Reference,Post (2),9/16/2024,Idlewild,Post (2)ReferenceHM,HM,2,0.5,2.5,62.5,18.75,0,0,0.5,0,0,0,0,0,0,8.75,0,0,0,93.5,0,0,Y,Y,N,N,N,0,0,0,0,0,0,0,0,0,0,0,0,0,0,0,0,0,0,0,0,0,0,0,0,2.942,,
Reference,Post (2),9/16/2024,Idlewild,Post (2)ReferenceHM,HM,3,0,8.75,37.5,37.5,0,0,0.5,0,0,0,0,0,0,18.75,0,0,0,103,2.5,0,N,Y,N,N,N,0,0,0,0,0,0,0,0,0,0,0,0,0,0,0,0,0,0,0,0,0,0,0,0,3.13,,
Reference,Post (2),9/16/2024,Idlewild,Post (2)ReferenceHM,HM,4,0,18.75,62.5,18.75,0,0,0.5,0,0,0,0,0,0,0,0,0,0,100.5,0,0,N,Y,N,N,N,0,0,0,0,0,0,0,0,0,0,0,0,0,0,0,0,0,0,0,0,0,0,0,0,3.138,,
Reference,Post (2),9/16/2024,Idlewild,Post (2)ReferenceHM,HM,5,0,8.75,37.5,37.5,0,0,2.5,0,0,0,0,0,0,2.5,0,0,0,88.75,0,0,Y,Y,N,N,N,0,0,0,0,0,0,0,0,0,0,0,0,0,0,0,0,0,0,0,0,0,0,0,0,3.034,,
Reference,Post (2),9/16/2024,Idlewild,Post (2)ReferenceHM,HM,6,0.5,0.5,37.5,37.5,0,0,0,0,0,0,0,0,0,0.5,0,0,0,76.5,0,0,N,Y,N,N,N,0,0,0,0,0,0,0,0,0,0,0,0,0,0,0,0,0,0,0,0,0,0,0,0,3.116,,
Reference,Post (2),9/16/2024,Idlewild,Post (2)ReferenceHM,HM,7,0.5,0,37.5,62.5,0,0,0,0,0,0,0,0,0,0.5,0,0,0,101,0,0,N,Y,N,N,N,0,0,0,0,0,0,0,0,0,0,0,0,0,0,0,0,0,0,0,0,0,0,0,0,3.068,,
Reference,Post (2),9/16/2024,Idlewild,Post (2)ReferenceHM,HM,8,0.5,0,37.5,62.5,0,0,0.5,0,0,0,0,0,0,0,0,0,0,101,0,0,Y,Y,N,N,N,0,0,0,0,0,0,0,0,0,0,0,0,0,0,0,0,0,0,0,0,0,0,0,0,3.091,,
Reference,Post (2),9/16/2024,Idlewild,Post (2)ReferenceHM,HM,9,0,0,37.5,37.5,0,0,0.5,0,0,0,0,0,0,18.75,0,0,0,94.25,0,0,Y,Y,N,N,N,0,0,0,0,0,0,0,0,0,0,0,0,0,0,0,0,0,0,0,0,0,0,0,0,3.166,,
Reference,Post (2),9/16/2024,Idlewild,Post (2)ReferenceHM,HM,10,0,0,37.5,62.5,0,0,0.5,0,2.5,0,0,0,0,2.5,0,0,0,105.5,0,0,Y,Y,N,N,N,0,0,0,0,0,0,0,0,0,0,0,0,0,0,0,0,0,0,0,0,0,0,0,0,3.133,,
Reference,Post (2),9/16/2024,Idlewild,Post (2)ReferenceHM,HM,11,0,2.5,37.5,37.5,0,0,8.75,0,0,0,0,0,0,0,0,0,0,86.25,0,0,N,Y,N,N,N,0,0,0,0,0,0,0,0,0,0,0,0,0,0,0,0,0,0,0,0,0,0,0,0,3.159,,
Reference,Post (2),9/16/2024,Idlewild,Post (2)ReferenceHM,HM,12,0,0,62.5,37.5,0,0,0,0,2.5,0,0,0,0,0,0,0,0,102.5,0,0,Y,Y,N,N,N,0,0,0,0,0,0,0,0,0,0,0,0,0,0,0,0,0,0,0,0,0,0,0,0,3.197,,
Reference,Post (2),9/16/2024,Idlewild,Post (2)ReferenceHM,HM,13,0,0,37.5,37.5,0,0,2.5,0,0,0,0,0,0,0,0,0,0,77.5,0,0,Y,Y,N,N,N,0,0,0,0,0,0,0,0,0,0,0,0,0,0,0,0,0,0,0,0,0,0,0,0,3.147,,
Reference,Post (2),9/16/2024,Idlewild,Post (2)ReferenceHM,HM,14,0,0,62.5,37.5,0,0,0,0,2.5,0,0,0,0,0,0,0,0,102.5,0,0,Y,Y,N,N,N,0,0,0,0,0,0,0,0,0,0,0,0,0,0,0,0,0,0,0,0,0,0,0,0,3.07,,
Reference,Post (2),9/16/2024,Idlewild,Post (2)ReferenceHM,HM,15,0,0,62.5,37.5,0,0,0.5,0,2.5,0,0,0,0,0,0,0,0,103,0,0,N,Y,N,N,N,0,0,0,0,0,0,0,0,0,0,0,0,0,0,0,0,0,0,0,0,0,0,0,0,3.33,,
Reference,Post (2),9/16/2024,Idlewild,Post (2)ReferenceLM,LM,1,0,2.5,0,0,0,0,0,0,0,0,0,0,0,0,0,0,0,2.5,0,87.5,Y,N,N,N,N,0,0,0,0,0,0,0,0,0,0,0,0,0,0,0,0,0,0,0,0,0,0,0,0,2.374,,
Reference,Post (2),9/16/2024,Idlewild,Post (2)ReferenceLM,LM,2,0,0.5,0.5,2.5,0,0,0,0,0,0,0,0,0,0,0,0,0,3.5,0,87.5,Y,N,N,N,N,2,0,0,0,0,0,0,0,0,0,0,0,4,3,0,0,0,1.4,2.8,2,0,0,0,0.96,2.329,,
Reference,Post (2),9/16/2024,Idlewild,Post (2)ReferenceLM,LM,3,0,8.75,0,0,0,0,0,0,0,0,0,0,0,0,0,0,0,8.75,0,87.5,Y,N,N,N,N,0,0,0,0,0,0,0,0,0,0,0,0,0,0,0,0,0,0,0,0,0,0,0,0,2.396,,
Reference,Post (2),9/16/2024,Idlewild,Post (2)ReferenceLM,LM,4,0,0.5,0,0.5,0,0,0,0,0,0,0,0,0,0,0,0,0,1,0,87.5,Y,N,Y,N,N,0,0,0,0,0,0,0,0,0,0,0,0,0,0,0,0,0,0,0,0,0,0,0,0,2.261,,
Reference,Post (2),9/16/2024,Idlewild,Post (2)ReferenceLM,LM,5,0,18.75,0,0,0,0,0,0,0,0,0,0,0,0,0,0,0,18.75,18.75,62.5,Y,Y,Y,N,N,1,0,0,0,0,0,0,0,0,0,0,0,11,0,0,0,0,2.2,4.5,0,0,0,0,0.9,2.279,,
Reference,Post (2),9/16/2024,Idlewild,Post (2)ReferenceLM,LM,6,0,62.5,0,0,0,0,0,0,0,0,0,0,0,0,0,0,0,62.5,37.5,0.5,N,Y,Y,N,Y,41,0,0,0,0,0,0,0,0,0,0,0,54,80,21,72,56,56.6,4.6,7.6,5.8,7.3,4.8,6.02,0.734,,
Reference,Post (2),9/16/2024,Idlewild,Post (2)ReferenceLM,LM,7,0,87.5,0,0,0,0,0,0,0,0,0,0,0,0,0,0,0,87.5,18.75,0,Y,Y,Y,N,N,38,0,0,0,0,0,0,0,0,0,0,0,49,43,32,31,32,37.4,3.9,5.9,5.1,6.2,4.1,5.04,2.139,,
Reference,Post (2),9/16/2024,Idlewild,Post (2)ReferenceLM,LM,8,8.75,37.5,0,8.75,0,0,0,0,0,0,0,0,0,0,0,0,0,55,18.75,0,Y,Y,Y,N,N,20,0,0,0,0,0,0,0,0,0,0,0,33,5,22,8,8,15.2,3.8,4.5,10.2,4.6,6.8,5.98,2.337,,
Reference,Post (2),9/16/2024,Idlewild,Post (2)ReferenceLM,LM,9,0,87.5,0,0,0,0,0,0,0,0,0,0,0,0,0,0,0,87.5,18.75,0,N,Y,Y,N,N,54,0,0,0,0,0,0,0,0,0,0,0,56,96,66,39,68,65,7.8,3.6,8.9,3.9,5,5.84,1.489,,
Reference,Post (2),9/16/2024,Idlewild,Post (2)ReferenceLM,LM,10,0,62.5,0,0,0,0,0,0,0,0,0,0,0,0,0,0,0,62.5,37.5,0,N,Y,Y,N,Y,29,0,0,0,0,0,0,0,0,0,0,0,70,52,73,54,31,56,4.5,3.3,5.1,4.6,3,4.1,1.64,,
Reference,Post (2),9/16/2024,Idlewild,Post (2)ReferenceLM,LM,11,0,87.5,0,0,0,0,0,0,0,0,0,0,0,0,0,0,0,87.5,18.75,0,Y,Y,Y,N,Y,60,0,0,0,0,0,0,0,0,0,0,0,29,34,31,29,61,36.8,5.1,5.6,2.9,4.6,6,4.84,2.351,,
Reference,Post (2),9/16/2024,Idlewild,Post (2)ReferenceLM,LM,12,0,18.75,0,2.5,0,0,0,0,0,0,0,0,0,0,0,0,0,21.25,0,87.5,Y,N,N,N,N,12,0,0,0,0,0,0,0,0,0,0,0,1,2,3,13,5,4.8,1.6,3.1,0.7,3.9,2.3,2.32,2.719,,
Reference,Post (2),9/16/2024,Idlewild,Post (2)ReferenceLM,LM,13,0,62.5,0.5,2.5,0,0,0,0,0,0,0,0,0,0,0,0,0,65.5,18.75,0.5,N,Y,Y,N,N,28,0,0,0,0,0,0,0,0,0,0,0,86,69,26,42,21,48.8,5.8,5.1,4.2,3.9,3.4,4.48,2.534,,
Reference,Post (2),9/16/2024,Idlewild,Post (2)ReferenceLM,LM,14,0,62.5,0,0,0,0,0,0,0,0,0,0,0,0,0,0,0,62.5,18.75,0,N,Y,Y,N,N,64,0,0,0,0,0,0,0,0,0,0,0,28,9,19,22,24,20.4,5.1,1.9,3.6,4,3.9,3.7,2.499,,
Reference,Post (2),9/16/2024,Idlewild,Post (2)ReferenceLM,LM,15,0,37.5,37.5,2.5,0,0,0.5,0,0,0.5,0,0,0,0,0,0,0,78.5,18.75,0,N,Y,N,N,N,18,0,0,0,0,0,0,0,0,0,0,0,25,32,23,26,29,27,8.1,9.4,3.9,8.2,6.4,7.2,2.725,,
Restored,Post(3),8/21/2025,Idlewild,Post(3)RestoredHM,HM,1,0,0,0,87.5,0,0.5,0,0,0,8.75,0,0,0,0,0,0,0,96.75,2.5,0,N,Y,N,N,N,0,0,0,0,0,0,0,0,0,0,0,0,0,0,0,0,0,0,0,0,0,0,0,0,2.746,,
Restored,Post(3),8/21/2025,Idlewild,Post(3)RestoredHM,HM,2,0,18.75,37.5,18.75,0,,0,0,0,0,0,0.5,0,0,0,0,0,75.5,8.75,0.5,Y,Y,N,N,N,0,0,0,0,0,0,0,0,0,0,0,0,0,0,0,0,0,0,0,0,0,0,0,0,3.175,,
Restored,Post(3),8/21/2025,Idlewild,Post(3)RestoredHM,HM,3,0,0,8.75,62.5,0,0.5,0,0,0,0,0,8.75,0,0,0,0,0,80.5,18.75,0.5,N,Y,N,N,N,0,0,0,0,0,0,0,0,0,0,0,0,0,0,0,0,0,0,0,0,0,0,0,0,2.811,,
Restored,Post(3),8/21/2025,Idlewild,Post(3)RestoredHM,HM,4,0.5,2.5,0,87.5,0,2.5,0,0,0,2.5,0,0,0,0,0,0,0,95.5,2.5,0.5,Y,Y,N,N,N,0,0,0,0,0,0,0,0,0,0,0,0,0,0,0,0,0,0,0,0,0,0,0,0,3.014,,
Restored,Post(3),8/21/2025,Idlewild,Post(3)RestoredHM,HM,5,0,0,18.75,62.5,0,0,0,0,0,0,0,0,0,0,0,0,0,81.25,8.75,0.5,Y,Y,N,N,N,0,0,0,0,0,0,0,0,0,0,0,0,0,0,0,0,0,0,0,0,0,0,0,0,3.455,,
Restored,Post(3),8/21/2025,Idlewild,Post(3)RestoredHM,HM,6,0,0,18.75,2.5,0,0,0.5,0,0,0,0,0.5,0.5,0,0,0,0,22.75,62.5,0.5,Y,Y,N,N,N,0,0,0,0,0,0,0,0,0,0,0,0,0,0,0,0,0,0,0,0,0,0,0,0,3.612,,
Restored,Post(3),8/21/2025,Idlewild,Post(3)RestoredHM,HM,7,0,0,18.75,2.5,0,0,0.5,0,0,0,0,2.5,0,0,0,0,0,24.25,62.5,0,N,Y,N,N,N,0,0,0,0,0,0,0,0,0,0,0,0,0,0,0,0,0,0,0,0,0,0,0,0,3.626,,
Restored,Post(3),8/21/2025,Idlewild,Post(3)RestoredHM,HM,8,0,0,37.5,18.75,0,0.5,0,0,0,0.5,0,0.5,0,0,0,0,0,57.75,37.5,0,N,Y,N,N,N,0,0,0,0,0,0,0,0,0,0,0,0,0,0,0,0,0,0,0,0,0,0,0,0,3.467,,
Restored,Post(3),8/21/2025,Idlewild,Post(3)RestoredHM,HM,9,0,37.5,0,18.75,0,0,0,0,0,2.5,0,0,0,0,0,0,0,58.75,18.75,2.5,Y,Y,N,N,N,0,0,0,0,0,0,0,0,0,0,0,0,0,0,0,0,0,0,0,0,0,0,0,0,2.962,,
Restored,Post(3),8/21/2025,Idlewild,Post(3)RestoredHM,HM,10,0,18.75,0,37.5,0,0,8.75,0,0,0,0,0,0,0,0,0,0,65,37.5,0,N,Y,N,N,N,0,0,0,0,0,0,0,0,0,0,0,0,0,0,0,0,0,0,0,0,0,0,0,0,2.828,,
Restored,Post(3),8/21/2025,Idlewild,Post(3)RestoredHM,HM,11,0,0.5,0,62.5,0,0,0.5,0,0,8.75,0,0,0,0,0,0,0,72.25,18.75,0,N,Y,N,N,N,0,0,0,0,0,0,0,0,0,0,0,0,0,0,0,0,0,0,0,0,0,0,0,0,3.024,,
Restored,Post(3),8/21/2025,Idlewild,Post(3)RestoredHM,HM,12,0,8.75,18.75,62.5,0,0,0,0,0,0,0,0,0,0,0,0,0,90,2.5,0,Y,Y,N,N,N,0,0,0,0,0,0,0,0,0,0,0,0,0,0,0,0,0,0,0,0,0,0,0,0,3.079,,
Restored,Post(3),8/21/2025,Idlewild,Post(3)RestoredHM,HM,13,0,0,37.5,18.75,0,0,0,0,0,0,0,0.5,0.5,0,0,0,0,57.25,37.5,0,N,Y,N,N,N,0,0,0,0,0,0,0,0,0,0,0,0,0,0,0,0,0,0,0,0,0,0,0,0,3.281,,
Restored,Post(3),8/21/2025,Idlewild,Post(3)RestoredHM,HM,14,0,2.5,37.5,2.5,0,0,0,0,0,2.5,0,0.5,8.75,0,0,0,0,54.25,37.5,0.5,Y,Y,N,N,N,0,0,0,0,0,0,0,0,0,0,0,0,0,0,0,0,0,0,0,0,0,0,0,0,3.224,,
Restored,Post(3),8/21/2025,Idlewild,Post(3)RestoredHM,HM,15,0,0,37.5,18.75,0,0,0.5,0,0,0,0,8.75,8.75,0,0,0,0,74.25,18.75,0,N,Y,N,N,N,0,0,0,0,0,0,0,0,0,0,0,0,0,0,0,0,0,0,0,0,0,0,0,0,3.433,,
Restored,Post(3),8/21/2025,Idlewild,Post(3)RestoredLM,LM,1,0,37.5,0,0,0,0,0.5,0,0,0,0,0,0,0,0,0,0,38,18.75,37.5,Y,Y,N,Y,N,31,0,0,0,0,0,0,0,0,0,0,0,12,16,22,15,11,15.2,7,6.8,7.5,6.7,2.2,6.04,2.126,,
Restored,Post(3),8/21/2025,Idlewild,Post(3)RestoredLM,LM,2,0,62.5,0,0,0,0,2.5,0,0,0,0,0,0,0,0,0,0,65,37.5,0,N,Y,N,N,N,76,0,0,0,0,0,0,0,0,0,0,0,17,18,14,19,14,16.4,6.5,4.1,2.8,7.1,3.4,4.78,2.207,,
Restored,Post(3),8/21/2025,Idlewild,Post(3)RestoredLM,LM,3,0,37.5,0,0,0,0,37.5,0,0,0,0,18.75,0,0,0,0,0,93.75,18.75,0,N,Y,N,N,N,28,0,0,0,0,0,0,0,0,0,0,0,20,15,7,14,31,17.4,5.8,5.1,3,4.6,9.5,5.6,2.389,,
Restored,Post(3),8/21/2025,Idlewild,Post(3)RestoredLM,LM,4,0,62.5,0,0,0,0,0.5,0,0,0,0,0,0,0,0,0,0,63,37.5,0,Y,Y,N,N,N,37,0,0,0,0,0,0,0,0,0,0,0,37,32,72,19,31,38.2,6.5,8,6,5.8,5.2,6.3,1.92,,
Restored,Post(3),8/21/2025,Idlewild,Post(3)RestoredLM,LM,5,0,37.5,0,0,0,0,0,0,0,0,0,0,0,0,0,0,0,37.5,62.5,2.5,N,Y,N,N,Y,25,0,0,0,0,0,0,0,0,0,0,0,31,22,23,23,27,25.2,6.1,5.1,6.6,6.3,9.5,6.72,1.628,,
Restored,Post(3),8/21/2025,Idlewild,Post(3)RestoredLM,LM,6,0,37.5,0,0,0,0,0,0,0.5,0,0,0,0,0,0,0,0,38,8.75,37.5,Y,Y,N,N,N,18,0,0,0,0,0,0,0,0,0,0,0,8,26,8,13,7,12.4,4.7,9.1,5,4.5,5.9,5.84,2.881,,
Restored,Post(3),8/21/2025,Idlewild,Post(3)RestoredLM,LM,7,0,62.5,0,0,0,0,0.5,0,0,0,0,0,0,0,0,0,0,63,37.5,0.5,Y,Y,N,N,N,52,0,0,0,0,0,0,0,0,0,0,0,41,37,39,31,10,31.6,8.1,7,6,2.5,5.5,5.82,1.842,,
Restored,Post(3),8/21/2025,Idlewild,Post(3)RestoredLM,LM,8,0,37.5,0,0,0,0,0.5,0,0,0,0,18.75,0,0,0,0,0,56.75,62.5,8.75,Y,N,N,N,N,36,0,0,0,0,0,0,0,0,0,0,0,11,55,49,10,24,29.8,7.5,5.7,5.8,5,5.4,5.88,2.425,,
Restored,Post(3),8/21/2025,Idlewild,Post(3)RestoredLM,LM,9,0,62.5,0,0,0,0,0.5,0,0,2.5,0,0,0,0,0,0,0,65.5,37.5,0.5,Y,Y,N,N,N,40,0,0,0,0,0,0,0,0,0,0,0,16,20,27,13,7,16.6,4.8,5.9,6,5.9,6.5,5.82,2.629,,
Restored,Post(3),8/21/2025,Idlewild,Post(3)RestoredLM,LM,10,0,37.5,0,0,0,0,18.75,0,0,0,0,0,0,0,0,0,0,56.25,37.5,0,Y,Y,N,N,N,67,0,0,0,0,0,0,0,0,0,0,0,43,59,17,24,11,30.8,7.5,6.7,5.1,5.5,4.5,5.86,2.483,,
Restored,Post(3),8/21/2025,Idlewild,Post(3)RestoredLM,LM,11,0,62.5,0,0,0,0,0,0,0,0,0,0,0,0,0,0,0,62.5,37.5,0.5,Y,Y,N,N,N,68,0,0,0,0,0,0,0,0,0,0,0,106,55,46,58,107,74.4,6.7,4.8,6.5,7,6.5,6.3,1.842,,
Restored,Post(3),8/21/2025,Idlewild,Post(3)RestoredLM,LM,12,0,37.5,8.75,37.5,0,0,0,0,0,0,0,0,0,0,0,0,0,83.75,8.75,0,N,Y,N,N,Y,26,0,0,0,0,0,0,0,0,0,0,0,11,7,13,35,22,17.6,5.2,5.2,6.5,6,4.8,5.54,2.772,,
Restored,Post(3),8/21/2025,Idlewild,Post(3)RestoredLM,LM,13,0,37.5,0,0,0,0,0,0,0,0,0,0,0,0,0,0,0,37.5,62.5,2.5,Y,Y,N,N,N,10,0,0,0,0,0,0,0,0,0,0,0,9,15,20,57,10,22.2,6,11.3,11,10.4,3.5,8.44,2.137,,
Restored,Post(3),8/21/2025,Idlewild,Post(3)RestoredLM,LM,14,0,18.75,0,0,0,0,37.5,0,0,0,0,0,0,0,0,0,0,56.25,37.5,0,Y,Y,N,N,N,47,0,0,0,0,0,0,0,0,0,0,0,22,38,25,13,6,20.8,6,6.2,7.8,6.8,3.4,6.04,2.711,,
Restored,Post(3),8/21/2025,Idlewild,Post(3)RestoredLM,LM,15,0,18.75,0,0,0,0,37.5,0,0,0,0,0,0,0,0,0,0,56.25,18.75,0,Y,Y,N,N,N,26,0,0,0,0,0,0,0,0,0,0,0,91,10,10,27,5,28.6,8.4,5.8,5.5,6.5,4.5,6.14,2.61,,
Reference,Post(3),8/20/2025,Idlewild,Post(3)ReferenceHM,HM,1,18.75,0,18.75,62.5,0,0,0,0,0,0.5,0,0,0,0,0,0,0,100.5,2.5,0,Y,Y,N,N,N,0,0,0,0,0,0,0,0,0,0,0,0,0,0,0,0,0,0,0,0,0,0,0,0,2.992,,
Reference,Post(3),8/20/2025,Idlewild,Post(3)ReferenceHM,HM,2,0,8.75,37.5,62.5,0,0,0,0,0,0,0,0,0,0,0,0,0,108.75,2.5,0,N,Y,N,N,N,0,0,0,0,0,0,0,0,0,0,0,0,0,0,0,0,0,0,0,0,0,0,0,0,3.045,,
Reference,Post(3),8/20/2025,Idlewild,Post(3)ReferenceHM,HM,3,0.5,8.75,37.5,37.5,0,0,0,0,0.5,0,0,0,0,0,2.5,0,0,87.25,0.5,0,N,Y,N,N,N,0,0,0,0,0,0,0,0,0,0,0,0,0,0,0,0,0,0,0,0,0,0,0,0,3.054,,
Reference,Post(3),8/20/2025,Idlewild,Post(3)ReferenceHM,HM,4,0,18.75,37.5,62.5,0,0,0,0,0,0,0,0,0,0,0,0,0,118.75,2.5,0,Y,Y,N,N,N,0,0,0,0,0,0,0,0,0,0,0,0,0,0,0,0,0,0,0,0,0,0,0,0,3.217,,
Reference,Post(3),8/20/2025,Idlewild,Post(3)ReferenceHM,HM,5,0,8.75,37.5,62.5,0,0,0,0,0.5,0,0,0,0,0,0.5,0,0,109.75,0,0,N,Y,N,N,N,0,0,0,0,0,0,0,0,0,0,0,0,0,0,0,0,0,0,0,0,0,0,0,0,3.026,,
Reference,Post(3),8/20/2025,Idlewild,Post(3)ReferenceHM,HM,6,0,2.5,8.75,87.5,0,0,0,0,0,0,0,0,0,0,0,0,0,98.75,2.5,0,N,Y,N,N,N,0,0,0,0,0,0,0,0,0,0,0,0,0,0,0,0,0,0,0,0,0,0,0,0,3.229,,
Reference,Post(3),8/20/2025,Idlewild,Post(3)ReferenceHM,HM,7,8.75,0,8.75,87.5,0,0,0,0,0.5,0,0,0,0,0,0,0,0,105.5,0.5,0,Y,Y,N,N,N,0,0,0,0,0,0,0,0,0,0,0,0,0,0,0,0,0,0,0,0,0,0,0,0,3.112,,
Reference,Post(3),8/20/2025,Idlewild,Post(3)ReferenceHM,HM,8,0.5,0,37.5,62.5,0,0,0,0,0,0,0,0,0,0,0,0,0,100.5,2.5,0,N,Y,N,N,N,0,0,0,0,0,0,0,0,0,0,0,0,0,0,0,0,0,0,0,0,0,0,0,0,3.15,,
Reference,Post(3),8/20/2025,Idlewild,Post(3)ReferenceHM,HM,9,0.5,0,37.5,37.5,0,0,0,0,0.5,0,0,0,0,0,2.5,0,0,78.5,0,0,N,Y,N,N,N,0,0,0,0,0,0,0,0,0,0,0,0,0,0,0,0,0,0,0,0,0,0,0,0,3.052,,
Reference,Post(3),8/20/2025,Idlewild,Post(3)ReferenceHM,HM,10,0,0,37.5,37.5,0,0,0,0,0.5,2.5,0,0,0,0,0,0,0,78,0,0,N,Y,N,N,N,0,0,0,0,0,0,0,0,0,0,0,0,0,0,0,0,0,0,0,0,0,0,0,0,3.112,,
Reference,Post(3),8/20/2025,Idlewild,Post(3)ReferenceHM,HM,11,0,0,37.5,62.5,0,0,0,0,0,0,0,0,0,0,0,0,0,100,0,0,N,Y,N,N,N,0,0,0,0,0,0,0,0,0,0,0,0,0,0,0,0,0,0,0,0,0,0,0,0,2.939,,
Reference,Post(3),8/20/2025,Idlewild,Post(3)ReferenceHM,HM,12,0,0,62.5,37.5,0,0,0,0,2.5,0,0,0,0,0,0,0,0,102.5,0,0,Y,Y,N,N,N,0,0,0,0,0,0,0,0,0,0,0,0,0,0,0,0,0,0,0,0,0,0,0,0,3.238,,
Reference,Post(3),8/20/2025,Idlewild,Post(3)ReferenceHM,HM,13,0,0,37.5,62.5,0,0,0,0,0,0,0,0,0,0,0,0,0,100,0,0,N,Y,N,N,N,0,0,0,0,0,0,0,0,0,0,0,0,0,0,0,0,0,0,0,0,0,0,0,0,3.149,,
Reference,Post(3),8/20/2025,Idlewild,Post(3)ReferenceHM,HM,14,0,0,37.5,37.5,0,0,0,0,2.5,0,0,0,0,0,0,0,0,77.5,0.5,0,N,Y,N,N,N,0,0,0,0,0,0,0,0,0,0,0,0,0,0,0,0,0,0,0,0,0,0,0,0,3.067,,
Reference,Post(3),8/20/2025,Idlewild,Post(3)ReferenceHM,HM,15,0,0,37.5,62.5,0,0,0,0,0.5,0,0,0,0,0,0,0,0,100.5,0,0,N,Y,N,N,N,0,0,0,0,0,0,0,0,0,0,0,0,0,0,0,0,0,0,0,0,0,0,0,0,3.125,,
Reference,Post(3),8/20/2025,Idlewild,Post(3)ReferenceLM,LM,1,0,18.75,0,0,0,0,0,0,0,0,0,0,0,0,0,0,0,18.75,62.5,0,Y,N,N,N,N,21,0,0,0,0,0,0,0,0,0,0,0,17,9,19,7,11,12.6,2.6,2.1,3.2,2.2,4,2.82,2.16,,
Reference,Post(3),8/20/2025,Idlewild,Post(3)ReferenceLM,LM,2,0,37.5,0,0,0,0,18.75,0,0,0,0,0,0,0,0,0,0,56.25,62.5,0,Y,N,N,N,N,28,0,0,0,0,0,0,0,0,0,0,0,11,10,12,32,4,13.8,4.7,2.3,1.8,3.8,1.2,2.76,1.973,,
Reference,Post(3),8/20/2025,Idlewild,Post(3)ReferenceLM,LM,3,0,18.75,0,0,0,0,2.5,0,0,0,0,0,0,0,0,0,0,21.25,87.5,0,Y,N,N,N,N,38,0,0,0,0,0,0,0,0,0,0,0,21,7,17,3,0,9.6,2.7,3.7,3.8,2.2,0,2.48,2.427,,
Reference,Post(3),8/20/2025,Idlewild,Post(3)ReferenceLM,LM,4,0,18.75,0,0,0,0,18.75,0,0,0,0,0,0,0,0,0,0,37.5,62.5,0,N,N,N,N,N,1,0,0,0,0,0,0,0,0,0,0,0,2,0,0,0,0,0.4,5.5,0,0,0,0,1.1,2.213,,
Reference,Post(3),8/20/2025,Idlewild,Post(3)ReferenceLM,LM,5,0,62.5,0,0,0,0,18.75,0,0,0,0,0,0,0,0,0,0,81.25,18.75,8.75,Y,N,N,N,N,52,0,0,0,0,0,0,0,0,0,0,0,113,20,14,17,9,34.6,8.1,8.2,6.6,6.7,2.3,6.38,2.224,,
Reference,Post(3),8/20/2025,Idlewild,Post(3)ReferenceLM,LM,6,0,37.5,0,0,0,0,0,0,0,0,0,0,0,0,0,0,0,37.5,62.5,0,N,Y,Y,N,Y,35,0,0,0,0,0,0,0,0,0,0,0,41,38,36,6,37,31.6,5,4.5,3.4,5.7,3.9,4.5,0.425,,
Reference,Post(3),8/20/2025,Idlewild,Post(3)ReferenceLM,LM,7,0,62.5,0,0,0,0,0,0,0,0,0,0,0,0,0,0,0,62.5,18.75,0,Y,Y,Y,N,N,25,0,0,0,0,0,0,0,0,0,0,0,37,18,31,39,6,26.2,8.1,8.6,10.4,8.3,5.2,8.12,2.069,,
Reference,Post(3),8/20/2025,Idlewild,Post(3)ReferenceLM,LM,8,8.75,37.5,18.75,0,0,0,0,0,0,0,0,0,0,0,0,0,0,65,18.75,0,Y,Y,N,N,N,43,0,0,0,0,0,0,0,0,0,0,0,26,26,30,17,20,23.8,5.6,3.8,4.6,3.7,3.4,4.22,2.232,,
Reference,Post(3),8/20/2025,Idlewild,Post(3)ReferenceLM,LM,9,0,62.5,0,0,0,0,0,0,0,0,0,0,0,0,0,0,0,62.5,18.75,0,N,Y,Y,N,N,36,0,0,0,0,0,0,0,0,0,0,0,28,17,22,33,34,26.8,5.4,2.4,3.4,3.8,6.1,4.22,1.39,,
Reference,Post(3),8/20/2025,Idlewild,Post(3)ReferenceLM,LM,10,0,87.5,0,0,0,0,0,0,0,0,0,0,0,0,0,0,0,87.5,18.75,0,N,Y,Y,Y,Y,34,0,0,0,0,0,0,0,0,0,0,0,36,45,33,26,25,33,7.2,5.5,5.9,5.8,5.4,5.96,1.532,,
Reference,Post(3),8/20/2025,Idlewild,Post(3)ReferenceLM,LM,11,0,87.5,0,0,0,0,0,0,0,0,0,0,0,0,0,0,0,87.5,18.75,0,N,Y,N,Y,Y,47,0,0,0,0,0,0,0,0,0,0,0,16,22,29,17,25,21.8,2,2.3,4.6,3.4,7.2,3.9,1.899,,
Reference,Post(3),8/20/2025,Idlewild,Post(3)ReferenceLM,LM,12,0,37.5,0,2.5,0,0,37.5,0,0,0,0,0,0,0,0,0,0,77.5,37.5,0,N,N,N,N,N,16,0,0,0,0,0,0,0,0,0,0,0,16,10,11,21,5,12.6,6.2,6.8,5.5,5.8,5,5.86,2.561,,
Reference,Post(3),8/20/2025,Idlewild,Post(3)ReferenceLM,LM,13,0,87.5,0,2.5,0,0,2.5,0,0,0,0,0,0,0,0,0,0,92.5,18.75,0,N,Y,Y,N,Y,21,0,0,0,0,0,0,0,0,0,0,0,26,15,13,15,39,21.6,7.2,5.9,4.4,3.2,7.3,5.6,2.386,,
Reference,Post(3),8/20/2025,Idlewild,Post(3)ReferenceLM,LM,14,0,62.5,0,0,0,0,2.5,0,0,0,0,0,0,0,0,0,0,65,18.75,0,N,Y,Y,N,Y,53,0,0,0,0,0,0,0,0,0,0,0,14,19,19,8,12,14.4,5,5.4,4.6,7.3,2.7,5,2.394,,
Reference,Post(3),8/20/2025,Idlewild,Post(3)ReferenceLM,LM,15,0,18.75,18.75,18.75,0,0,0,0,0,2.5,0,0,0,0,0,0,0,58.75,18.75,0,N,Y,N,N,N,13,0,0,0,0,0,0,0,0,0,0,0,12,15,18,17,5,13.4,3.4,6.4,7,9,4.2,6,2.679,,
