Date,Waterbody,Site Name,Plot,AMCA,ATPA,DISP,IVFR,JUGE,PHAU,PLOD,SAEU,SPAL,SPPA,VegTotal,Crk,Dit,FILL,GRB,Lit,MUSSELS,Pan,Pool,Unveg,WRK,Mussel_Count,CrabBur,MEBI ,Mudflat_Snail,Oyster,Worms,Total Fauna,SPAL_H1 (cm),SPAL_H2 (cm),SPAL_H3 (cm),SPAL_H4 (cm),SPAL_H5 (cm),SPAL AvgH
8.12.2015,JB,Spring Creek,1,0.00,0.00,0.00,0.00,0.00,0.00,0.00,0.00,37.50,0.00,37.50,0.00,0.00,0.00,0.00,18.75,37.50,0.00,0.00,18.75,0.00,50,0.00,3,0.00,0,0.00,53,44,58,48,7.5,17,34.9
8.12.2015,JB,Spring Creek,2,0.00,0.00,0.00,0.00,0.00,0.00,0.00,0.00,87.50,0.00,87.50,0.00,0.00,0.00,0.00,18.75,37.50,0.00,0.00,8.75,0.00,NA,NA,NA,NA,NA,NA,0,NA,NA,NA,NA,NA,NA
8.12.2015,JB,Spring Creek,3,0.00,0.00,0.00,0.00,0.00,0.00,0.00,0.00,87.50,0.00,87.50,0.00,0.00,0.00,0.00,8.75,37.50,0.00,0.00,2.50,2.50,26,3,,0,0,0,29,13,11.5,12,7,12,11.1
8.12.2015,JB,Spring Creek,4,0.00,0.00,0.00,0.00,0.00,0.00,0.00,0.00,87.50,0.00,87.50,0.00,0.00,0.00,8.75,2.50,2.50,0.00,0.00,37.50,0.00,NA,NA,NA,NA,NA,NA,0,NA,NA,NA,NA,NA,NA
8.12.2015,JB,Spring Creek,5,0.00,0.00,0.00,0.00,0.00,0.00,0.00,0.00,37.50,0.00,37.50,0.00,0.00,0.00,0.00,37.50,2.50,0.00,0.00,37.50,0.00,5,2,1,0,0,0,8,5,7,5,8,20.5,9.1
8.12.2015,JB,Spring Creek,6,0.00,0.00,0.00,0.00,0.00,0.00,0.00,0.00,62.50,0.00,62.50,0.00,0.00,0.00,0.00,37.50,8.75,0.00,0.00,37.50,0.00,NA,NA,NA,NA,NA,NA,0,NA,NA,NA,NA,NA,NA
8.12.2015,JB,Spring Creek,7,0.00,0.00,0.00,0.00,0.00,0.00,0.00,0.00,62.50,0.00,62.50,0.00,0.00,0.00,0.00,2.50,2.50,0.00,0.00,62.50,0.00,23,19,,0,0,0,42,49,56,28,12,25,34
8.12.2015,JB,Spring Creek,8,0.00,0.00,0.00,0.00,0.00,0.00,0.00,0.00,87.50,0.00,87.50,0.00,0.00,0.00,0.00,8.75,0.00,0.00,0.00,18.75,0.00,NA,NA,NA,NA,NA,NA,0,NA,NA,NA,NA,NA,NA
8.12.2015,JB,Spring Creek,9,0.00,0.00,0.00,0.00,0.00,0.00,0.00,0.00,87.50,0.00,87.50,0.00,0.00,0.00,0.00,8.75,0.00,0.00,0.00,8.75,0.00,0,,6,0,0,0,6,7,16,10,5.5,8,9.3
8.12.2015,JB,Spring Creek,10,0.00,0.00,0.00,0.00,0.00,0.00,0.00,0.00,62.50,0.00,62.50,0.00,0.00,0.00,0.00,8.75,37.50,0.00,0.00,62.50,0.00,NA,NA,NA,NA,NA,NA,0,NA,NA,NA,NA,NA,NA
8.12.2015,JB,Spring Creek,11,0.00,0.00,0.00,0.00,0.00,0.00,0.00,0.00,87.50,0.00,87.50,0.00,0.00,0.00,0.00,8.75,2.50,0.00,0.00,18.75,0.00,0.00,2,4,0,0,0,6,19,33,28,32,22,26.8
8.12.2015,JB,Spring Creek,12,0.00,0.00,0.00,0.00,0.00,0.00,0.00,0.00,62.50,0.00,62.50,0.00,0.00,0.00,0.00,8.75,0.00,0.00,0.00,37.50,2.50,NA,NA,NA,NA,NA,NA,0,NA,NA,NA,NA,NA,NA
8.12.2015,JB,Spring Creek,13,0.00,0.00,0.00,0.00,0.00,0.00,0.00,0.00,87.50,0.00,87.50,0.00,0.00,0.00,0.00,37.50,2.50,0.00,0.00,8.75,0.00,32,5,2,0,0,0,39,25,20,30,21,14,22
8.12.2015,JB,Spring Creek,14,0.00,0.00,8.75,0.00,0.00,0.00,0.00,0.00,62.50,8.75,80.00,0.00,0.00,0.00,0.00,8.75,0.50,0.00,0.00,8.75,0.00,NA,NA,NA,NA,NA,NA,0,NA,NA,NA,NA,NA,NA
8.12.2015,JB,Spring Creek,15,0.00,0.00,0.00,0.00,0.00,0.00,0.00,0.00,37.50,0.00,37.50,0.00,0.00,0.00,0.00,8.75,2.50,0.00,0.00,62.50,0.00,39,11,,0,0,0,50,23.5,54,39,34,19,33.9
8.12.2015,JB,Spring Creek,16,0.00,0.00,0.00,0.00,0.00,0.00,0.00,0.00,0.00,0.00,0.00,87.50,0.00,0.00,0.00,0.00,0.00,0.00,0.00,0.00,0.00,NA,NA,NA,NA,NA,NA,0,NA,NA,NA,NA,NA,NA
8.12.2015,JB,Spring Creek,17,0.00,0.00,0.00,0.00,0.00,0.00,0.00,0.00,0.00,0.00,0.00,87.50,0.00,0.00,0.00,0.00,0.00,0.00,0.00,0.00,0.00,0.00,0,50,0,0,0,50,NA,NA,NA,NA,NA,NA
8.12.2015,JB,Spring Creek,18,0.00,0.00,62.50,0.00,0.00,0.00,0.00,0.00,18.75,0.00,81.25,0.00,0.00,0.00,0.00,2.50,2.50,0.00,0.00,8.75,0.00,NA,NA,NA,NA,NA,NA,0,NA,NA,NA,NA,NA,NA
8.12.2015,JB,Spring Creek,19,0.00,0.00,0.00,0.00,0.00,0.00,0.00,0.00,87.50,0.00,87.50,0.00,0.00,0.00,0.00,8.75,0.00,0.00,0.00,18.75,0.00,5,0,8,0,0,0,13,14,15,8.5,13,11,12.3
8.12.2015,JB,Spring Creek,20,0.00,0.00,0.00,0.00,0.00,0.00,0.00,0.00,87.50,0.00,87.50,0.00,0.00,0.00,0.00,8.75,18.75,0.00,0.00,8.75,0.00,NA,NA,NA,NA,NA,NA,0,NA,NA,NA,NA,NA,NA
8.12.2015,JB,Spring Creek,21,0.00,0.00,0.00,0.00,0.00,0.00,0.00,2.50,37.50,0.00,40.00,0.00,0.00,0.00,0.00,8.75,18.75,0.00,0.00,62.50,0.00,36,8,1,0,0,0,45,42,21,6,8,10,17.4
8.12.2015,JB,Spring Creek,22,0.00,0.00,0.00,0.00,0.00,0.00,0.00,0.00,0.00,0.00,0.00,87.50,0.00,0.00,0.00,0.00,0.00,0.00,0.00,0.00,0.00,NA,NA,NA,NA,NA,NA,0,NA,NA,NA,NA,NA,NA
8.12.2015,JB,Spring Creek,23,0.00,0.00,0.00,0.00,0.00,0.00,0.00,0.00,0.00,0.00,0.00,87.50,0.00,0.00,0.00,0.00,0.00,0.00,0.00,0.00,0.00,0.00,0,50,0,0,0,50,NA,NA,NA,NA,NA,NA
8.12.2015,JB,Spring Creek,24,0.00,0.00,0.00,0.00,0.00,0.00,0.00,0.00,37.50,0.00,37.50,0.00,0.00,0.00,0.00,8.75,18.75,0.00,0.00,62.50,0.00,NA,NA,NA,NA,NA,NA,0,NA,NA,NA,NA,NA,NA
8.12.2015,JB,Spring Creek,25,0.00,0.00,0.00,0.00,0.00,0.00,0.00,0.00,87.50,0.00,87.50,0.00,0.00,0.00,0.00,8.75,2.50,0.00,0.00,8.75,0.00,15,0,4,0,0,0,19,8,8,19,11,18.5,12.9
8.12.2015,JB,Spring Creek,26,0.00,0.00,0.00,0.00,0.00,0.00,0.00,2.50,87.50,0.00,90.00,0.00,0.00,0.00,0.00,18.75,0.50,0.00,0.00,18.75,0.00,NA,NA,NA,NA,NA,NA,0,NA,NA,NA,NA,NA,NA
8.12.2015,JB,Spring Creek,27,0.00,0.00,37.50,0.00,0.00,2.50,0.00,2.50,8.75,37.50,88.75,0.00,0.00,0.00,0.00,2.50,0.00,0.00,0.00,8.75,0.00,0.00,9,2,0,0,0,11,6,8,8,7,6,7
8.12.2015,JB,Spring Creek,28,0.00,0.00,0.00,0.00,0.00,0.00,0.00,2.50,87.50,0.00,90.00,0.00,0.00,0.00,0.00,2.50,0.00,0.00,0.00,8.75,0.00,NA,NA,NA,NA,NA,NA,0,NA,NA,NA,NA,NA,NA
8.12.2015,JB,Spring Creek,29,0.00,0.00,0.00,0.00,0.00,0.00,0.00,2.50,18.75,37.50,58.75,0.00,0.00,0.00,0.00,8.75,0.00,0.00,0.00,8.75,0.00,3,0,2,0,0,0,5,21,11,9,13,9,12.6
8.12.2015,JB,Spring Creek,30,0.00,0.00,0.00,0.00,0.00,0.00,0.00,0.00,87.50,0.00,87.50,0.00,0.00,0.00,0.00,8.75,62.50,0.00,0.00,37.50,0.00,NA,NA,NA,NA,NA,NA,0,NA,NA,NA,NA,NA,NA
8.13.2015,JB,Idlewild Creek,1,0.00,0.00,0.00,0.00,0.00,0.00,0.00,0.00,62.50,0.00,62.50,0.00,0.00,0.00,0.00,18.75,0.00,0.00,0.00,62.50,0.00,5,6,,0,0,0,11,33,32,25,29,28,29.4
8.13.2015,JB,Idlewild Creek,2,0.00,0.00,0.00,0.00,0.00,0.00,0.00,0.00,37.50,0.00,37.50,0.00,0.00,0.00,0.00,0.50,0.00,0.00,0.00,8.75,62.50,NA,NA,NA,NA,NA,NA,0,NA,NA,NA,NA,NA,NA
8.13.2015,JB,Idlewild Creek,3,0.00,0.00,0.00,0.00,0.00,0.00,0.00,0.00,87.50,0.00,87.50,0.00,0.00,0.00,0.00,87.50,0.00,0.00,0.00,0.50,0.00,5,0,4,0,0,0,9,26,18,30,17,12,20.6
8.13.2015,JB,Idlewild Creek,4,0.00,0.00,0.00,0.00,0.00,0.00,0.00,8.75,37.50,2.50,48.75,0.00,0.00,0.00,0.00,62.50,0.00,0.00,0.00,8.75,0.00,NA,NA,NA,NA,NA,NA,0,NA,NA,NA,NA,NA,NA
8.13.2015,JB,Idlewild Creek,5,0.00,0.00,0.00,0.00,0.00,0.00,0.00,0.00,62.50,0.00,62.50,0.00,0.00,0.00,0.00,2.50,0.00,0.00,0.00,37.50,0.00,24,3,0,19,0,0,46,50,92,95,41,36,62.8
8.13.2015,JB,Idlewild Creek,6,0.00,0.00,0.00,0.00,0.00,0.00,0.00,0.00,62.50,0.00,62.50,0.00,0.00,0.00,0.00,8.75,0.00,0.00,0.00,18.75,18.75,NA,NA,NA,NA,NA,NA,0,NA,NA,NA,NA,NA,NA
8.13.2015,JB,Idlewild Creek,7,0.00,0.00,0.00,0.00,0.00,0.00,0.00,0.00,8.75,0.00,8.75,87.50,0.00,0.00,0.00,0.00,0.00,0.00,0.00,0.00,0.00,30,0,0,40,0,0,70,47,57,49,39,37,45.8
8.13.2015,JB,Idlewild Creek,8,0.00,0.00,0.00,0.00,0.00,0.00,0.00,0.00,37.50,0.00,37.50,0.00,0.00,0.00,0.00,8.75,2.50,0.00,0.00,87.50,0.00,NA,NA,NA,NA,NA,NA,0,NA,NA,NA,NA,NA,NA
8.13.2015,JB,Idlewild Creek,9,0.00,0.00,0.00,0.00,0.00,0.00,0.00,2.50,87.50,0.00,90.00,0.00,0.00,0.00,0.00,87.50,0.00,0.00,0.00,0.50,0.00,0.00,0,6,0,0,0,6,43,31,42,47,44,41.4
8.13.2015,JB,Idlewild Creek,10,0.00,0.00,0.50,0.00,0.00,0.00,0.00,18.75,62.50,0.00,81.75,0.00,0.00,0.00,0.00,2.50,0.00,0.00,0.00,37.50,0.00,NA,NA,NA,NA,NA,NA,0,NA,NA,NA,NA,NA,NA
8.13.2015,JB,Idlewild Creek,11,0.00,0.00,0.00,0.00,0.00,0.00,0.00,37.50,62.50,0.00,100.00,0.00,0.00,0.00,0.00,8.75,0.00,0.00,0.00,18.75,2.50,3,0,0,0,0,0,3,36,55,17,84,32,44.8
8.13.2015,JB,Idlewild Creek,12,0.00,0.00,0.00,0.00,0.00,0.00,0.00,0.00,62.50,0.00,62.50,0.00,0.00,0.00,0.00,0.00,37.50,0.00,0.00,37.50,0.00,NA,NA,NA,NA,NA,NA,0,NA,NA,NA,NA,NA,NA
8.13.2015,JB,Idlewild Creek,13,0.00,0.00,0.00,0.00,0.00,0.00,0.00,8.75,62.50,0.00,71.25,0.00,0.00,0.00,0.00,8.75,37.50,0.00,0.00,62.50,0.00,78,0,0,0,0,0,78,67,49,103,74,78,74.2
8.13.2015,JB,Idlewild Creek,14,0.00,0.00,0.00,0.00,0.00,0.00,0.00,0.00,62.50,0.00,62.50,0.00,0.00,0.00,0.00,18.75,18.75,0.00,0.00,62.50,0.00,NA,NA,NA,NA,NA,NA,0,NA,NA,NA,NA,NA,NA
8.13.2015,JB,Idlewild Creek,15,0.00,0.00,0.00,0.00,0.00,0.00,0.00,0.00,62.50,0.00,62.50,0.00,0.00,0.00,0.00,18.75,8.75,0.00,0.00,62.50,0.00,18,0,0,6,0,0,24,25,10,77,40,50,40.4
8.13.2015,JB,Idlewild Creek,16,0.00,0.00,0.00,0.00,0.00,0.00,0.00,8.75,87.50,0.00,96.25,0.00,0.00,0.00,0.00,37.50,0.00,0.00,0.00,37.50,0.00,NA,NA,NA,NA,NA,NA,0,NA,NA,NA,NA,NA,NA
8.13.2015,JB,Idlewild Creek,17,0.00,0.00,2.50,0.00,0.00,0.00,0.00,0.00,62.50,8.75,73.75,0.00,0.00,0.00,0.00,18.75,0.00,0.00,0.00,37.50,0.00,2,0,6,0,0,0,8,24,14,20,14,17,17.8
8.13.2015,JB,Idlewild Creek,18,0.00,0.00,0.00,0.00,0.00,0.00,0.00,0.50,37.50,0.00,38.00,0.00,0.00,0.00,0.00,0.50,62.50,0.00,0.00,62.50,0.00,NA,NA,NA,NA,NA,NA,0,NA,NA,NA,NA,NA,NA
8.13.2015,JB,Idlewild Creek,19,0.00,0.00,0.00,0.00,0.00,0.00,0.00,0.00,87.50,0.00,87.50,0.00,0.00,0.00,0.00,8.75,2.50,0.00,0.00,37.50,0.00,21,0,0,0,0,0,21,14,19,26,30,14,20.6
8.13.2015,JB,Idlewild Creek,20,0.00,0.00,0.00,0.00,0.00,0.00,0.00,0.00,62.50,0.00,62.50,0.00,0.00,0.00,0.00,2.50,0.50,0.00,0.00,18.75,18.75,NA,NA,NA,NA,NA,NA,0,NA,NA,NA,NA,NA,NA
8.13.2015,JB,Idlewild Creek,21,0.00,0.00,0.00,0.00,0.00,0.00,0.00,0.00,87.50,0.00,87.50,0.00,0.00,0.00,0.00,18.75,0.00,0.00,0.00,18.75,0.00,3,0,0,0,0,0,3,27,38,20,23,19,25.4
8.13.2015,JB,Idlewild Creek,22,0.00,0.00,0.00,0.00,0.00,0.00,0.00,0.00,87.50,0.00,87.50,0.00,0.00,0.00,0.00,87.50,0.00,0.00,0.00,8.75,0.00,NA,NA,NA,NA,NA,NA,0,NA,NA,NA,NA,NA,NA
8.13.2015,JB,Idlewild Creek,23,0.00,0.00,0.00,0.00,0.00,0.00,0.00,2.50,62.50,0.00,65.00,0.00,0.00,0.00,0.00,8.75,0.00,0.00,0.00,62.50,0.00,0.00,0,3,0,0,0,3,9,9,8,10,7,8.6
8.13.2015,JB,Idlewild Creek,24,0.00,0.00,0.00,0.00,0.00,0.00,0.00,0.00,62.50,0.00,62.50,0.00,0.00,0.00,0.00,8.75,0.00,0.00,0.00,37.50,0.00,NA,NA,NA,NA,NA,NA,0,NA,NA,NA,NA,NA,NA
8.13.2015,JB,Idlewild Creek,25,0.00,0.00,18.75,0.00,0.00,0.00,0.00,8.75,62.50,0.00,90.00,0.00,0.00,0.00,0.00,2.50,0.00,0.00,0.00,37.50,0.00,0.00,0,4,0,0,0,4,24,57,15,36,14,29.2
8.13.2015,JB,Idlewild Creek,26,0.00,0.00,0.00,0.00,0.00,0.00,0.00,0.00,18.75,0.00,18.75,0.00,0.00,0.00,0.00,0.50,18.75,0.00,0.00,87.50,0.00,NA,NA,NA,NA,NA,NA,0,NA,NA,NA,NA,NA,NA
8.13.2015,JB,Idlewild Creek,27,0.00,0.00,0.00,0.00,0.00,0.00,0.00,2.50,37.50,0.00,40.00,0.00,0.00,0.00,0.50,8.75,2.50,0.00,0.00,62.50,0.00,26,3,0,0,0,0,29,58,84,21,76,31,54
8.13.2015,JB,Idlewild Creek,28,0.00,0.00,0.00,0.00,0.00,0.00,0.00,0.00,62.50,0.00,62.50,0.00,0.00,0.00,0.00,18.75,37.50,0.00,0.00,62.50,0.00,NA,NA,NA,NA,NA,NA,0,NA,NA,NA,NA,NA,NA
8.13.2015,JB,Idlewild Creek,29,0.00,0.00,0.00,0.00,0.00,0.00,0.00,8.75,87.50,0.00,96.25,0.00,0.00,0.00,0.00,18.75,0.00,0.00,0.00,18.75,0.00,0.00,0,0,0,0,0,0,82,34,25,10,20,34.2
8.13.2015,JB,Idlewild Creek,30,0.00,0.00,0.00,0.00,0.00,0.00,0.00,8.75,37.50,0.00,46.25,0.00,0.00,0.00,0.00,37.50,0.00,0.00,0.00,37.50,0.00,NA,NA,NA,NA,NA,NA,0,NA,NA,NA,NA,NA,NA
8.14.2015,LIS,Pelham Bay Cove,1,0.00,0.00,0.00,0.00,0.00,0.00,0.00,0.00,37.50,0.00,37.50,0.00,0.00,0.00,0.00,37.50,0.50,0.00,0.00,62.50,0.00,13,3,3,0,0,0,19,NA,NA,NA,NA,NA,NA
8.14.2015,LIS,Pelham Bay Cove,2,0.00,0.00,0.00,0.00,0.00,0.00,0.00,0.00,62.50,0.00,62.50,0.00,0.00,0.00,0.00,62.50,18.75,0.00,0.00,18.75,0.00,NA,NA,NA,NA,NA,NA,0,46.0,27.0,44.0,55.0,38.0,42
8.14.2015,LIS,Pelham Bay Cove,3,0.00,0.00,0.00,0.00,0.00,0.00,0.00,0.00,18.75,0.00,18.75,0.00,0.00,0.00,0.00,87.50,2.50,0.00,0.00,18.75,0.00,4,2,1,0,0,0,7,NA,NA,NA,NA,NA,NA
8.14.2015,LIS,Pelham Bay Cove,4,0.00,0.00,0.00,0.00,0.00,0.00,0.00,0.00,37.50,0.00,37.50,0.00,0.00,0.00,0.00,18.75,8.75,0.00,0.00,62.50,2.50,NA,NA,NA,NA,NA,NA,0,90.0,90.0,88.0,57.0,61.0,77.2
8.14.2015,LIS,Pelham Bay Cove,5,0.00,0.00,0.00,0.00,0.00,0.00,0.00,0.00,87.50,0.00,87.50,0.00,0.00,0.00,0.00,8.75,8.75,0.00,0.00,37.50,0.00,45,3,0,0,0,0,48,NA,NA,NA,NA,NA,NA
8.14.2015,LIS,Pelham Bay Cove,6,0.00,0.00,18.75,0.00,0.00,0.00,0.00,0.00,18.75,18.75,56.25,0.00,0.00,0.00,0.00,37.50,0.00,0.00,0.00,18.75,0.00,NA,NA,NA,NA,NA,NA,0,15.0,13.0,15.0,18.0,21.0,16.4
8.14.2015,LIS,Pelham Bay Cove,7,0.00,0.00,87.50,0.00,0.00,0.00,0.00,0.00,0.00,87.50,175.00,0.00,0.00,0.00,0.00,0.00,0.00,0.00,0.00,0.00,0.00,2,0,18,0,0,0,20,NA,NA,NA,NA,NA,NA
8.14.2015,LIS,Pelham Bay Cove,8,0.00,0.00,87.50,0.00,0.00,0.00,0.00,0.00,0.00,87.50,175.00,0.00,0.00,0.00,0.00,0.00,0.00,0.00,0.00,0.00,0.00,NA,NA,NA,NA,NA,NA,0,NA,NA,NA,NA,NA,NA
8.14.2015,LIS,Pelham Bay Cove,9,0.00,0.00,87.50,0.00,0.00,0.00,0.00,0.00,0.00,87.50,175.00,0.00,0.00,0.00,0.00,0.00,0.00,0.00,0.00,0.50,0.00,0,0,9,0,0,0,9,NA,NA,NA,NA,NA,NA
8.14.2015,LIS,Pelham Bay Cove,10,0.00,0.00,0.00,0.00,0.00,0.00,0.00,0.00,62.50,0.00,62.50,0.00,0.00,0.00,0.00,8.75,0.00,0.00,0.00,62.50,0.00,NA,NA,NA,NA,NA,NA,0,100.0,76.0,127.0,96.0,82.0,96.2
8.14.2015,LIS,Pelham Bay Cove,11,0.00,0.00,87.50,0.00,0.00,0.00,0.00,0.00,0.00,87.50,175.00,0.00,0.00,0.00,0.00,0.50,0.00,0.00,0.00,0.50,0.00,0,0,10,0,0,0,10,NA,NA,NA,NA,NA,NA
8.14.2015,LIS,Pelham Bay Cove,12,0.00,0.00,18.75,0.00,0.00,0.00,0.00,2.50,2.50,18.75,42.50,0.00,0.00,0.00,0.00,18.75,0.00,0.00,0.00,62.50,0.00,NA,NA,NA,NA,NA,NA,0,41.0,39.0,32.0,75.0,48.0,47
8.14.2015,LIS,Pelham Bay Cove,13,0.00,0.00,0.00,0.00,0.00,0.00,0.00,0.00,62.50,0.00,62.50,87.50,0.00,0.00,0.00,8.75,0.50,0.00,0.00,37.50,0.00,0,0,0,0,0,0,0,NA,NA,NA,NA,NA,NA
8.14.2015,LIS,Pelham Bay Cove,14,0.00,0.00,0.00,0.00,0.00,0.00,0.00,0.00,62.50,0.00,62.50,0.00,0.00,0.00,0.00,8.75,8.75,0.00,0.00,62.50,8.75,NA,NA,NA,NA,NA,NA,0,23.0,30.0,25.0,54.0,31.0,32.6
8.14.2015,LIS,Pelham Bay Cove,15,0.00,0.00,0.00,0.00,0.00,0.00,0.00,0.00,62.50,0.00,62.50,0.00,0.00,0.00,0.00,37.50,0.50,0.00,0.00,8.75,0.00,12,0,0,0,0,0,12,NA,NA,NA,NA,NA,NA
8.14.2015,LIS,Pelham Bay Cove,16,0.00,0.00,62.50,0.00,0.00,0.00,0.00,0.00,18.75,62.50,143.75,0.00,0.00,0.00,0.00,8.75,2.50,0.00,0.00,18.75,0.00,NA,NA,NA,NA,NA,NA,0,11.0,55.0,37.0,34.0,31.0,33.6
8.14.2015,LIS,Pelham Bay Cove,17,0.00,0.00,87.50,0.00,0.00,0.00,0.00,0.00,0.00,87.50,175.00,0.00,0.00,0.00,0.00,0.00,0.00,0.00,0.00,2.50,0.00,1,0,7,0,0,0,8,NA,NA,NA,NA,NA,NA
8.14.2015,LIS,Pelham Bay Cove,18,0.00,0.00,87.50,0.00,0.00,0.00,0.00,0.00,0.00,87.50,175.00,0.00,0.00,0.00,0.00,0.00,0.00,0.00,0.00,0.00,0.00,NA,NA,NA,NA,NA,NA,0,NA,NA,NA,NA,NA,NA
8.14.2015,LIS,Pelham Bay Cove,19,0.00,0.00,87.50,0.00,0.00,0.00,0.00,0.00,0.00,87.50,175.00,0.00,0.00,0.00,0.00,0.50,0.00,0.00,0.00,0.50,0.00,3,3,6,0,0,0,12,NA,NA,NA,NA,NA,NA
8.14.2015,LIS,Pelham Bay Cove,20,0.00,0.00,8.75,0.00,0.00,0.00,0.00,0.00,62.50,2.50,73.75,0.00,0.00,0.00,0.00,37.50,8.75,0.00,0.00,62.50,0.00,NA,NA,NA,NA,NA,NA,0,42.0,78.0,65.0,54.0,48.0,57.4
8.14.2015,LIS,Pelham Bay Cove,21,0.00,0.00,0.00,0.00,0.00,0.00,0.00,0.00,37.50,0.00,37.50,18.75,0.00,0.00,0.00,37.50,2.50,0.00,0.00,37.50,8.75,28,6,0,0,0,0,34,NA,NA,NA,NA,NA,NA
8.14.2015,LIS,Pelham Bay Cove,22,0.00,0.00,18.75,0.00,0.00,0.00,0.00,2.50,37.50,37.50,96.25,0.00,0.00,0.00,0.00,8.75,0.00,0.00,0.00,37.50,0.00,NA,NA,NA,NA,NA,NA,0,33.0,48.0,17.0,27.0,27.0,30.4
8.14.2015,LIS,Pelham Bay Cove,23,0.00,0.00,62.50,0.00,0.00,0.00,0.00,0.50,8.75,62.50,134.25,0.00,0.00,0.00,0.00,8.75,0.00,0.00,0.00,8.75,0.00,4,10,0,0,0,0,14,NA,NA,NA,NA,NA,NA
8.14.2015,LIS,Pelham Bay Cove,24,0.00,0.00,62.50,0.00,0.00,0.00,0.00,0.00,0.00,62.50,125.00,0.00,0.00,0.00,0.00,18.75,0.00,0.00,0.00,18.75,0.00,NA,NA,NA,NA,NA,NA,0,NA,NA,NA,NA,NA,NA
8.14.2015,LIS,Pelham Bay Cove,25,0.00,0.00,87.50,0.00,0.00,0.00,0.00,0.50,0.00,37.50,125.50,0.00,0.00,0.00,0.00,0.50,0.00,0.00,0.00,2.50,0.00,2,0,8,0,0,0,10,NA,NA,NA,NA,NA,NA
8.14.2015,LIS,Pelham Bay Cove,26,0.00,0.00,0.00,0.00,0.00,0.00,0.00,0.00,62.50,0.00,62.50,0.00,0.00,0.00,0.00,8.75,8.75,0.00,0.00,62.50,0.00,NA,NA,NA,NA,NA,NA,0,80.0,76.0,57.0,32.0,74.0,63.8
8.14.2015,LIS,Pelham Bay Cove,27,0.00,0.00,62.50,0.00,0.00,0.00,0.00,0.00,0.00,87.50,150.00,0.00,0.00,0.00,0.00,0.00,0.00,0.00,0.00,0.00,0.00,0,6,5,0,0,0,11,NA,NA,NA,NA,NA,NA
8.14.2015,LIS,Pelham Bay Cove,28,0.00,0.00,87.50,0.00,0.00,0.00,0.00,0.00,0.00,87.50,175.00,0.00,0.00,0.00,0.00,0.00,0.00,0.00,0.00,0.00,0.00,NA,NA,NA,NA,NA,NA,0,NA,NA,NA,NA,NA,NA
8.14.2015,LIS,Pelham Bay Cove,29,0.00,0.00,37.50,0.00,0.00,0.00,0.00,0.00,18.75,37.50,93.75,0.00,0.00,0.00,0.00,8.75,0.00,0.00,0.00,18.75,0.00,0,4,1,0,0,0,5,NA,NA,NA,NA,NA,NA
8.14.2015,LIS,Pelham Bay Cove,30,0.00,0.00,18.75,0.00,0.00,0.00,0.00,0.00,18.75,62.50,100.00,0.00,0.00,0.00,0.00,18.75,0.00,0.00,0.00,8.75,0.00,NA,NA,NA,NA,NA,NA,0,11.0,19.0,17.0,15.0,11.0,14.6
8.14.2015,LIS,Hutch River,1,0.00,0.00,62.50,0.00,0.00,0.00,0.00,0.00,0.00,0.00,62.50,0.00,0.00,0.00,0.00,2.50,0.00,0.00,0.00,18.75,0.00,3,1,5,0,0,0,9,NA,NA,NA,NA,NA,NA
8.14.2015,LIS,Hutch River,2,0.00,0.00,62.50,0.00,0.00,0.00,0.00,0.00,0.00,62.50,125.00,0.00,0.00,0.00,0.00,2.50,0.00,0.00,0.00,18.75,0.00,4,2,5,0,0,0,11,NA,NA,NA,NA,NA,NA
8.14.2015,LIS,Hutch River,3,0.00,0.00,62.50,0.00,0.00,0.00,0.00,0.00,0.00,62.50,125.00,0.00,0.00,0.00,0.00,0.50,0.00,0.00,0.00,8.75,0.00,3,1,0,5,0,0,9,NA,NA,NA,NA,NA,NA
8.14.2015,LIS,Hutch River,4,0.00,0.00,0.00,0.00,0.00,0.00,0.00,0.00,18.75,2.50,21.25,0.00,0.00,0.00,2.50,2.50,0.00,0.00,0.00,8.75,37.50,33,2,4,0,0,0,39,26.0,11.0,15.0,18.0,14.0,16.8
8.14.2015,LIS,Hutch River,5,0.00,0.00,87.50,0.00,0.00,0.00,0.00,0.00,0.50,87.50,175.50,0.00,0.00,0.00,0.00,2.50,0.00,0.00,0.00,18.75,0.00,26,6,7,0,0,0,39,NA,NA,NA,NA,NA,NA
8.14.2015,LIS,Hutch River,6,0.00,0.00,62.50,0.00,0.00,0.00,0.00,0.00,8.75,37.50,108.75,0.00,0.00,0.00,2.50,2.50,0.00,0.00,0.00,8.75,18.75,7,1,0,0,0,0,8,86.0,16.0,61.0,46.0,29.0,47.6
8.14.2015,LIS,Hutch River,7,0.00,0.00,0.00,0.00,0.00,0.00,0.00,0.00,18.75,0.00,18.75,0.00,0.00,0.00,8.75,8.75,0.00,0.00,0.00,87.50,0.00,5,6,20,0,0,0,31,NA,NA,NA,NA,NA,NA
8.14.2015,LIS,Hutch River,8,0.00,0.00,0.00,0.00,0.00,0.00,0.00,0.00,18.75,0.00,18.75,0.00,0.00,0.00,2.50,0.00,0.00,0.00,0.00,62.50,18.75,0,5,4,0,0,0,9,31.0,33.0,41.0,38.0,23.0,33.2
8.14.2015,LIS,Hutch River,9,0.00,0.00,0.00,0.00,0.00,0.00,0.00,0.00,37.50,0.00,37.50,0.00,0.00,0.00,2.50,18.75,0.00,0.00,0.00,37.50,0.00,2,12,8,0,0,0,22,NA,NA,NA,NA,NA,NA
8.14.2015,LIS,Hutch River,10,0.00,0.00,0.00,0.00,0.00,0.00,0.00,0.00,62.50,0.00,62.50,0.00,0.00,0.00,0.00,2.50,0.00,0.00,0.00,62.50,0.00,1,3,5,0,0,0,9,117.0,87.0,81.0,68.0,63.0,83.2
8.14.2015,LIS,Hutch River,11,0.00,0.00,0.00,0.00,0.00,0.00,0.00,0.00,8.75,0.00,8.75,0.00,0.00,0.00,2.50,18.75,0.00,0.00,0.00,87.50,37.50,0,7,3,0,0,0,10,NA,NA,NA,NA,NA,NA
8.14.2015,LIS,Hutch River,12,0.00,0.00,0.00,0.00,0.00,0.00,0.00,0.00,37.50,0.00,37.50,0.00,0.00,0.00,0.00,8.75,0.00,0.00,0.00,62.50,8.75,1,0,0,0,0,0,1,54.0,40.0,46.0,38.0,27.0,41
8.14.2015,LIS,Hutch River,13,0.00,0.00,8.75,0.00,0.00,0.00,0.00,0.00,37.50,0.00,46.25,0.00,0.00,0.00,8.75,0.00,0.00,0.00,0.00,62.50,0.00,0,0,2,0,0,0,2,NA,NA,NA,NA,NA,NA
8.14.2015,LIS,Hutch River,14,0.00,0.00,0.00,0.00,0.00,0.00,0.00,0.00,62.50,0.00,62.50,0.00,0.00,0.00,0.00,18.75,0.00,0.00,0.00,37.50,0.00,2,0,0,0,0,0,2,38.0,39.0,22.0,28.0,58.0,37
8.14.2015,LIS,Hutch River,15,0.00,0.00,0.00,0.00,0.00,0.00,0.00,0.00,62.50,0.00,62.50,0.00,0.00,0.00,2.50,2.50,0.00,0.00,0.00,37.50,0.00,1,0,3,0,0,0,4,NA,NA,NA,NA,NA,NA
8.14.2015,LIS,Hutch River,16,0.00,0.00,0.00,0.00,0.00,0.00,0.00,0.00,62.50,0.00,62.50,0.00,0.00,0.00,0.00,18.75,0.00,0.00,0.00,37.50,0.00,6,0,3,0,0,0,9,41.0,39.0,33.0,39.0,85.0,47.4
8.14.2015,LIS,Hutch River,17,0.00,0.00,0.00,0.00,0.00,0.00,0.00,0.00,37.50,0.00,37.50,0.00,0.00,0.00,2.50,2.50,0.00,0.00,0.00,37.50,62.50,0,4,10,0,0,0,14,NA,NA,NA,NA,NA,NA
8.14.2015,LIS,Hutch River,18,0.00,0.00,0.00,0.00,0.00,0.00,0.00,0.00,18.75,0.00,18.75,0.00,0.00,0.00,8.75,0.00,0.00,0.00,0.00,8.75,62.50,NA,NA,NA,NA,NA,NA,0,37.0,34.0,48.0,23.0,22.0,32.8
8.14.2015,LIS,Hutch River,19,0.00,0.00,0.00,0.00,0.00,0.00,0.00,0.00,62.50,0.00,62.50,0.00,0.00,0.00,0.00,37.50,0.00,0.00,0.00,18.75,0.00,NA,NA,NA,NA,NA,NA,0,NA,NA,NA,NA,NA,NA
8.14.2015,LIS,Hutch River,20,0.00,0.00,18.75,0.00,0.00,0.00,0.00,0.00,0.00,37.50,56.25,0.00,0.00,0.00,0.00,37.50,0.00,0.00,0.00,8.75,0.00,NA,NA,NA,NA,NA,NA,0,NA,NA,NA,NA,NA,NA
8.14.2015,LIS,Hutch River,21,0.00,0.00,37.50,0.00,0.00,0.00,0.00,0.00,0.00,87.50,125.00,0.00,0.00,0.00,0.00,0.00,0.00,0.00,0.00,0.00,0.00,NA,NA,NA,NA,NA,NA,0,NA,NA,NA,NA,NA,NA
8.14.2015,LIS,Hutch River,22,0.00,0.00,8.75,0.00,0.00,0.00,0.00,0.00,0.00,87.50,96.25,0.00,0.00,0.00,0.00,8.75,0.00,0.00,0.00,2.50,0.00,NA,NA,NA,NA,NA,NA,0,NA,NA,NA,NA,NA,NA
8.14.2015,LIS,Hutch River,23,0.00,0.00,62.50,0.00,0.00,0.00,0.00,0.00,0.00,87.50,150.00,0.00,0.00,0.00,0.00,0.50,0.00,0.00,0.00,2.50,0.00,NA,NA,NA,NA,NA,NA,0,NA,NA,NA,NA,NA,NA
8.14.2015,LIS,Hutch River,24,0.00,0.00,0.00,0.00,0.00,0.00,0.00,2.50,18.75,8.75,30.00,0.00,0.00,0.00,2.50,18.75,0.00,0.00,0.00,62.50,0.00,NA,NA,NA,NA,NA,NA,0,19.0,11.0,14.0,14.0,12.0,14
8.14.2015,LIS,Hutch River,25,0.00,0.00,37.50,0.00,0.00,0.00,0.00,0.00,0.00,87.50,125.00,0.00,0.00,0.00,0.00,2.50,0.00,0.00,0.00,18.75,0.00,NA,NA,NA,NA,NA,NA,0,NA,NA,NA,NA,NA,NA
8.14.2015,LIS,Hutch River,26,0.00,0.00,18.75,0.00,0.00,0.00,0.00,2.50,18.75,37.50,77.50,0.00,0.00,0.00,2.50,8.75,0.00,0.00,0.00,37.50,0.00,NA,NA,NA,NA,NA,NA,0,42.0,36.0,15.0,14.0,111.0,43.6
8.14.2015,LIS,Hutch River,27,0.00,0.00,62.50,0.00,0.00,2.50,0.00,0.00,0.00,87.50,152.50,0.00,0.00,0.00,0.00,18.75,0.00,0.00,0.00,0.50,0.00,NA,NA,NA,NA,NA,NA,0,NA,NA,NA,NA,NA,NA
8.14.2015,LIS,Hutch River,28,0.00,0.00,62.50,0.00,0.00,0.00,0.00,2.50,0.00,62.50,127.50,0.00,0.00,0.00,0.00,8.75,0.00,0.00,0.00,37.50,0.00,NA,NA,NA,NA,NA,NA,0,NA,NA,NA,NA,NA,NA
8.14.2015,LIS,Hutch River,29,0.00,0.00,62.50,0.00,0.00,0.00,0.00,0.00,0.00,87.50,150.00,0.00,0.00,0.00,0.00,0.00,0.00,0.00,0.00,2.50,0.00,NA,NA,NA,NA,NA,NA,0,NA,NA,NA,NA,NA,NA
8.14.2015,LIS,Hutch River,30,0.00,0.00,0.00,0.00,0.00,0.00,0.00,2.50,8.75,8.75,20.00,0.00,0.00,0.00,2.50,0.00,0.00,0.00,0.00,37.50,0.00,NA,NA,NA,NA,NA,NA,0,83.0,40.0,73.0,44.0,24.0,52.8
8.18.2015,AK,Saw Mill Creek,1,0.00,0.00,87.50,0.00,0.00,0.00,0.00,0.00,0.00,87.50,175.00,0.00,0.00,0.00,0.00,0.00,0.00,0.00,0.00,0.00,0.00,0,0,0,0,0,0,0,NA,NA,NA,NA,NA,NA
8.18.2015,AK,Saw Mill Creek,2,0.00,0.00,62.50,0.00,0.00,0.00,0.00,0.00,18.75,62.50,143.75,0.00,0.00,0.00,0.00,18.75,0.00,0.00,0.00,37.50,0.00,NA,NA,NA,NA,NA,NA,0,13,14,11,4,5,9.4
8.18.2015,AK,Saw Mill Creek,3,0.00,0.00,87.50,0.00,0.00,0.00,0.00,0.00,0.00,87.50,175.00,0.00,0.00,0.00,0.00,0.00,0.00,0.00,0.00,0.00,0.00,0,0,0,0,0,0,0,NA,NA,NA,NA,NA,NA
8.18.2015,AK,Saw Mill Creek,4,0.00,0.00,87.50,0.00,0.00,0.00,0.00,0.00,0.00,87.50,175.00,0.00,0.00,0.00,0.00,0.00,0.00,0.00,0.00,0.00,0.00,NA,NA,NA,NA,NA,NA,0,NA,NA,NA,NA,NA,NA
8.18.2015,AK,Saw Mill Creek,5,0.00,0.00,87.50,0.00,0.00,0.00,0.00,0.00,0.00,87.50,175.00,0.00,0.00,0.00,0.00,0.00,0.00,0.00,0.00,0.00,0.00,0,0,0,0,0,0,0,NA,NA,NA,NA,NA,NA
8.18.2015,AK,Saw Mill Creek,6,0.00,0.00,8.75,0.00,0.00,0.00,0.00,0.00,37.50,0.00,46.25,0.00,0.00,0.00,0.00,8.75,0.00,0.00,0.00,62.50,0.00,NA,NA,NA,NA,NA,NA,0,73,28,32,26,28,37.4
8.18.2015,AK,Saw Mill Creek,7,0.00,0.00,87.50,0.00,0.00,0.00,0.00,0.00,0.00,87.50,175.00,0.00,0.00,0.00,0.00,0.00,0.00,0.00,0.00,0.00,0.00,0,0,0,0,0,0,0,NA,NA,NA,NA,NA,NA
8.18.2015,AK,Saw Mill Creek,8,0.00,0.00,87.50,0.00,0.00,0.00,0.00,0.00,18.75,87.50,193.75,0.00,0.00,0.00,0.00,8.75,0.00,0.00,0.00,8.75,0.00,NA,NA,NA,NA,NA,NA,0,11,7,8,19,4,9.8
8.18.2015,AK,Saw Mill Creek,9,0.00,0.00,87.50,0.00,0.00,0.00,0.00,0.00,0.00,87.50,175.00,0.00,0.00,0.00,0.00,0.00,0.00,0.00,0.00,0.00,0.00,2,0,12,0,0,0,14,NA,NA,NA,NA,NA,NA
8.18.2015,AK,Saw Mill Creek,10,0.00,0.00,87.50,0.00,0.00,0.00,0.00,0.00,0.00,87.50,175.00,0.00,0.00,0.00,0.00,0.00,0.00,0.00,0.00,2.50,0.00,NA,NA,NA,NA,NA,NA,0,NA,NA,NA,NA,NA,NA
8.18.2015,AK,Saw Mill Creek,11,0.00,0.00,87.50,0.00,0.00,0.00,0.00,0.00,0.00,87.50,175.00,0.00,0.00,0.00,0.00,2.50,0.00,0.00,0.00,2.50,0.00,0,0,30,0,0,0,30,NA,NA,NA,NA,NA,NA
8.18.2015,AK,Saw Mill Creek,12,0.00,0.00,2.50,0.00,0.00,0.00,0.00,0.00,37.50,0.00,40.00,0.00,0.00,0.00,0.00,8.75,0.50,0.00,0.00,87.50,0.00,NA,NA,NA,NA,NA,NA,0,6,12,9,10,10,9.4
8.18.2015,AK,Saw Mill Creek,13,0.00,0.00,87.50,0.00,0.00,0.00,0.00,0.00,0.00,87.50,175.00,0.00,0.00,0.00,0.00,0.00,0.00,0.00,0.00,0.00,0.00,5,1,7,0,0,0,13,NA,NA,NA,NA,NA,NA
8.18.2015,AK,Saw Mill Creek,14,0.00,0.00,87.50,0.00,0.00,0.00,0.00,0.00,2.50,87.50,177.50,0.00,0.00,0.00,0.00,0.00,0.00,0.00,0.00,2.50,0.00,NA,NA,NA,NA,NA,NA,0,10,12,5,9,6,8.4
8.18.2015,AK,Saw Mill Creek,15,0.00,0.00,87.50,0.00,0.00,0.00,0.00,0.00,0.00,87.50,175.00,0.00,0.00,0.00,0.00,0.00,0.00,0.00,0.00,0.00,0.00,2,0,0,0,0,0,2,NA,NA,NA,NA,NA,NA
8.18.2015,AK,Saw Mill Creek,16,0.00,0.00,18.75,0.00,0.00,0.00,0.00,0.00,37.50,18.75,75.00,0.00,0.00,0.00,0.00,8.75,0.00,0.00,0.00,18.75,0.00,NA,NA,NA,NA,NA,NA,0,80,26,50,81,30,53.4
8.18.2015,AK,Saw Mill Creek,17,0.00,0.00,62.50,0.00,0.00,0.00,0.00,0.00,18.75,62.50,143.75,0.00,0.00,0.00,0.00,2.50,0.00,0.00,0.00,18.75,0.00,2,3,8,0,0,0,13,14,20,9,11,30,16.8
8.18.2015,AK,Saw Mill Creek,18,0.00,0.00,62.50,0.00,0.00,0.00,0.00,0.00,37.50,62.50,162.50,0.00,0.00,0.00,0.00,18.75,0.00,0.00,0.00,2.50,0.00,NA,NA,NA,NA,NA,NA,0,50,36,22,59,40,41.4
8.18.2015,AK,Saw Mill Creek,19,0.00,0.00,62.50,0.00,0.00,0.00,0.00,0.00,37.50,62.50,162.50,0.00,0.00,0.00,0.00,18.75,0.00,0.00,0.00,0.50,0.00,3,1,40,0,0,0,44,32,18,32,33,14,25.8
8.18.2015,AK,Saw Mill Creek,20,0.00,0.00,87.50,0.00,0.00,0.00,0.00,0.00,0.00,87.50,175.00,0.00,0.00,0.00,0.00,0.00,0.00,0.00,0.00,0.50,0.00,NA,NA,NA,NA,NA,NA,0,NA,NA,NA,NA,NA,NA
8.18.2015,AK,Saw Mill Creek,21,0.00,0.00,87.50,0.00,0.00,0.00,0.00,0.00,0.00,87.50,175.00,0.00,0.00,0.00,0.00,0.50,0.00,0.00,0.00,2.50,0.00,0,4,20,0,0,0,24,NA,NA,NA,NA,NA,NA
8.18.2015,AK,Saw Mill Creek,22,0.00,0.00,18.75,0.00,0.00,0.00,0.00,0.00,2.50,0.00,21.25,0.00,0.00,0.00,0.00,8.75,0.00,0.00,0.00,87.50,0.00,NA,NA,NA,NA,NA,NA,0,55,80,19,119,70,68.6
8.18.2015,AK,Saw Mill Creek,23,0.00,0.00,87.50,0.00,0.00,0.00,0.00,0.00,2.50,87.50,177.50,0.00,0.00,0.00,0.00,2.50,0.00,0.00,0.00,0.00,0.00,2,2,15,0,0,0,19,28,29,11,44,51,32.6
8.18.2015,AK,Saw Mill Creek,24,0.00,0.00,37.50,0.00,0.00,0.00,0.00,0.00,62.50,37.50,137.50,0.00,0.00,0.00,0.00,18.75,0.00,0.00,0.00,62.50,0.00,NA,NA,NA,NA,NA,NA,0,60,18,40,48,59,45
8.18.2015,AK,Saw Mill Creek,25,0.00,0.00,87.50,0.00,0.00,0.00,0.00,0.00,0.00,87.50,175.00,0.00,0.00,0.00,0.00,0.50,0.00,0.00,0.00,0.00,0.00,0,0,25,0,0,0,25,NA,NA,NA,NA,NA,NA
8.18.2015,AK,Saw Mill Creek,26,0.00,0.00,87.50,0.00,0.00,0.00,0.00,0.00,8.75,87.50,183.75,0.00,0.00,0.00,0.00,0.00,0.00,0.00,0.00,0.00,0.00,NA,NA,NA,NA,NA,NA,0,30,38,34,19,35,31.2
8.18.2015,AK,Saw Mill Creek,27,0.00,0.00,8.75,0.00,0.00,0.00,0.00,0.00,37.50,8.75,55.00,0.00,0.00,0.00,0.00,18.75,0.00,0.00,0.00,62.50,0.00,0,7,0,0,0,0,7,11,12,4,22,10,11.8
8.18.2015,AK,Saw Mill Creek,28,0.00,0.00,87.50,0.00,0.00,0.00,0.00,0.00,0.00,87.50,175.00,0.00,0.00,0.00,0.00,2.50,0.00,0.00,0.00,2.50,0.00,NA,NA,NA,NA,NA,NA,0,NA,NA,NA,NA,NA,NA
8.18.2015,AK,Saw Mill Creek,29,0.00,0.00,87.50,0.00,0.00,0.00,0.00,0.00,0.00,87.50,175.00,0.00,0.00,0.00,0.00,0.50,0.00,0.00,0.00,0.50,0.00,0,0,15,0,0,0,15,NA,NA,NA,NA,NA,NA
8.18.2015,AK,Saw Mill Creek,30,0.00,0.00,62.50,0.00,0.00,0.00,0.00,0.00,8.75,62.50,133.75,0.00,0.00,0.00,0.00,8.75,0.00,0.00,0.00,8.75,0.00,NA,NA,NA,NA,NA,NA,0,NA,NA,NA,NA,NA,NA
8.24.2015,LIS,Udalls Cove,1,0.00,0.00,37.50,0.00,0.00,0.00,0.00,2.50,62.50,0.00,102.50,0.00,0.00,0.00,0.00,62.50,0.00,0.00,0.00,2.50,0.00,1.00,4.00,4.00,0.00,0.00,0.00,9,21.50,27.00,22.00,50.00,38.00,31.7
8.24.2015,LIS,Udalls Cove,2,0.00,0.00,87.50,0.00,0.00,0.00,0.00,0.00,8.75,0.00,96.25,0.00,0.00,0.00,0.00,8.75,0.00,0.00,0.00,2.50,0.00,NA,NA,NA,NA,NA,NA,0,NA,NA,NA,NA,NA,NA
8.24.2015,LIS,Udalls Cove,3,0.00,0.00,18.75,0.00,0.00,0.00,0.00,0.00,62.50,0.00,81.25,0.00,0.00,0.00,2.50,0.00,0.00,0.00,0.00,8.75,2.50,4.00,7.00,0.00,0.00,0.00,0.00,11,6.00,8.00,25.00,18.00,17.00,14.8
8.24.2015,LIS,Udalls Cove,4,0.00,0.00,87.50,0.00,0.00,0.00,0.00,0.00,8.75,0.00,96.25,0.00,0.00,0.00,0.50,18.75,0.00,0.00,0.00,2.50,0.00,NA,NA,NA,NA,NA,NA,0,NA,NA,NA,NA,NA,NA
8.24.2015,LIS,Udalls Cove,5,0.00,0.00,87.50,0.00,0.00,0.00,0.00,0.00,0.00,0.00,87.50,0.00,0.00,0.00,0.00,2.50,0.00,0.00,0.00,2.50,0.00,1.00,0.00,0.00,NA,NA,NA,1,NA,NA,NA,NA,NA,NA
8.24.2015,LIS,Udalls Cove,6,0.00,0.50,37.50,0.00,0.00,0.00,0.00,0.00,18.75,37.50,94.25,0.00,0.00,0.00,0.00,8.75,0.00,0.00,0.00,2.50,0.00,NA,NA,NA,NA,NA,NA,0,NA,NA,NA,NA,NA,NA
8.24.2015,LIS,Udalls Cove,7,0.00,0.00,8.75,0.00,0.00,0.00,0.00,0.00,37.50,0.00,46.25,0.00,0.00,0.00,0.50,0.00,0.00,0.00,0.00,8.75,2.50,5.00,1.00,1.00,47.00,57.00,31.00,142,31.00,28.00,0.00,0.00,0.00,11.8
8.24.2015,LIS,Udalls Cove,8,0.00,0.00,87.50,0.00,0.00,0.00,0.00,0.00,2.50,0.00,90.00,0.00,0.00,0.00,0.00,2.50,0.00,0.00,0.00,0.00,0.00,NA,NA,NA,NA,NA,NA,0,NA,NA,NA,NA,NA,NA
8.24.2015,LIS,Udalls Cove,9,0.00,0.50,62.50,0.00,0.00,0.00,0.00,0.00,0.00,62.50,125.50,0.00,0.00,0.00,0.00,2.50,0.00,0.00,0.00,2.50,0.00,0.00,2.00,0.00,0.00,0.00,0.00,2,NA,NA,NA,NA,NA,NA
8.24.2015,LIS,Udalls Cove,10,0.00,0.00,37.50,0.00,0.00,0.00,0.00,2.50,8.75,87.50,136.25,0.00,0.00,0.00,0.00,8.75,0.00,0.00,0.00,18.75,0.00,NA,NA,NA,NA,NA,NA,0,NA,NA,NA,NA,NA,NA
8.24.2015,LIS,Udalls Cove,11,0.00,0.00,0.00,0.00,0.00,0.00,0.00,18.75,18.75,0.00,37.50,0.00,0.00,0.00,2.50,0.00,0.00,0.00,37.50,37.50,0.00,6.00,3.00,0.00,0.00,0.00,0.00,9,53.00,18.00,22.50,24.00,26.00,28.7
8.24.2015,LIS,Udalls Cove,12,0.00,0.00,0.00,0.00,0.00,0.00,0.00,18.75,62.50,0.00,81.25,0.00,0.00,0.00,0.00,18.75,18.75,0.00,0.00,18.75,0.00,NA,NA,NA,NA,NA,NA,0,NA,NA,NA,NA,NA,NA
8.24.2015,LIS,Udalls Cove,13,0.00,8.75,0.00,0.00,0.00,0.00,0.00,0.00,87.50,0.00,96.25,0.00,0.00,0.00,0.00,0.00,0.00,0.00,0.00,0.00,0.00,26.00,2.00,0.00,0.00,0.00,0.00,28,20.00,15.00,11.00,13.50,18.00,15.5
8.24.2015,LIS,Udalls Cove,14,0.00,2.50,0.00,0.00,0.00,0.00,0.00,18.75,8.75,0.00,30.00,0.00,0.00,0.00,0.00,0.00,0.00,0.00,87.50,87.50,0.00,NA,NA,NA,NA,NA,NA,0,NA,NA,NA,NA,NA,NA
8.24.2015,LIS,Udalls Cove,15,0.00,0.00,87.50,0.00,0.00,0.00,0.00,2.50,0.00,0.00,90.00,0.00,0.00,0.00,0.00,0.00,0.00,0.00,0.00,0.00,0.00,3.00,0.00,0.00,0.00,0.00,0.00,3,22.00,10.00,9.00,53.00,21.00,23
8.24.2015,LIS,Udalls Cove,16,0.00,0.00,0.00,0.00,0.00,0.00,0.00,0.00,8.75,0.00,8.75,0.00,0.00,0.00,0.00,0.00,0.00,0.00,87.50,0.00,0.00,NA,NA,NA,NA,NA,NA,0,NA,NA,NA,NA,NA,NA
8.24.2015,LIS,Udalls Cove,17,0.00,0.00,62.50,0.00,0.00,0.00,0.00,0.00,37.50,0.00,100.00,0.00,0.00,0.00,0.00,0.00,0.00,0.00,0.00,8.75,0.00,3.00,1.00,0.00,0.00,0.00,0.00,4,23.00,9.00,9.00,7.00,6.00,10.8
8.24.2015,LIS,Udalls Cove,18,0.00,0.00,87.50,0.00,0.00,0.00,0.00,0.00,2.50,8.75,98.75,0.00,0.00,0.00,0.00,8.75,0.00,0.00,0.00,0.00,0.00,NA,NA,NA,NA,NA,NA,0,NA,NA,NA,NA,NA,NA
8.24.2015,LIS,Udalls Cove,19,0.00,0.00,0.00,0.00,0.00,0.00,0.00,0.00,0.00,0.00,0.00,87.50,0.00,0.00,0.50,2.50,0.00,0.00,0.00,0.00,0.00,0.00,0.00,0.00,30.00,0.00,0.00,30,NA,NA,NA,NA,NA,NA
8.24.2015,LIS,Udalls Cove,20,0.00,0.00,0.00,0.00,0.00,0.00,0.00,0.00,0.00,0.00,0.00,87.50,0.00,0.00,0.00,2.50,0.00,0.00,0.00,0.00,0.00,NA,NA,NA,NA,NA,NA,0,NA,NA,NA,NA,NA,NA
8.24.2015,LIS,Udalls Cove,21,0.00,0.00,37.50,0.00,0.00,0.00,0.00,0.00,37.50,37.50,112.50,0.00,0.00,0.00,0.00,0.00,0.00,0.00,0.00,0.00,0.00,2.00,3.00,0.00,0.00,0.00,0.00,5,6.00,19.00,20.00,11.50,38.00,18.9
8.24.2015,LIS,Udalls Cove,22,0.00,0.00,62.50,0.00,0.00,0.00,0.00,0.50,87.50,0.00,150.50,0.00,0.00,0.00,0.00,2.50,0.00,0.00,0.00,0.00,0.00,NA,NA,NA,NA,NA,NA,0,NA,NA,NA,NA,NA,NA
8.24.2015,LIS,Udalls Cove,23,0.00,0.00,37.50,0.00,0.00,0.00,0.00,37.50,62.50,0.00,137.50,0.00,0.00,0.00,0.00,8.75,0.00,0.00,0.00,8.75,0.00,2.00,3.00,0.00,0.00,0.00,0.00,5,9.00,5.00,6.00,8.00,17.00,9
8.24.2015,LIS,Udalls Cove,24,0.00,0.00,87.50,0.00,0.00,0.00,0.00,8.75,0.00,0.00,96.25,0.00,0.00,0.00,0.00,2.50,0.00,0.00,0.00,2.50,0.00,NA,NA,NA,NA,NA,NA,0,NA,NA,NA,NA,NA,NA
8.24.2015,LIS,Udalls Cove,25,0.00,0.00,37.50,0.00,0.00,0.00,0.00,37.50,37.50,2.50,115.00,0.00,0.00,0.00,0.00,8.75,0.00,0.00,0.00,0.50,0.00,3.00,1.00,0.00,0.00,0.00,0.00,4,25.00,74.00,28.00,21.00,16.00,32.8
8.24.2015,LIS,Udalls Cove,26,0.00,0.00,62.50,0.00,0.00,0.00,0.00,37.50,0.00,0.00,100.00,0.00,0.00,0.00,0.00,37.50,0.50,0.00,0.00,8.75,0.00,NA,NA,NA,NA,NA,NA,0,NA,NA,NA,NA,NA,NA
8.24.2015,LIS,Udalls Cove,27,0.00,0.00,37.50,0.00,0.00,0.00,0.00,8.75,87.50,0.00,133.75,0.00,0.00,0.00,0.00,8.75,0.00,0.00,0.00,18.75,0.00,4.00,4.00,0.00,0.00,0.00,0.00,8,24.00,19.00,18.00,14.00,15.00,18
8.24.2015,LIS,Udalls Cove,28,0.00,0.00,62.50,0.00,0.00,0.00,0.00,18.75,0.00,0.00,81.25,0.00,0.00,0.00,0.00,8.75,0.00,0.00,0.00,0.50,0.00,NA,NA,NA,NA,NA,NA,0,NA,NA,NA,NA,NA,NA
8.24.2015,LIS,Udalls Cove,29,0.00,0.00,87.50,0.00,0.00,0.00,0.00,2.50,0.00,0.00,90.00,0.00,0.00,0.00,0.00,0.00,0.00,0.00,0.00,2.50,0.00,0.00,1.00,0.00,0.00,0.00,0.00,1,NA,NA,NA,NA,NA,NA
8.24.2015,LIS,Udalls Cove,30,0.00,0.00,8.75,0.00,0.00,0.00,0.00,8.75,87.50,0.00,105.00,0.00,0.00,0.00,2.50,8.75,0.00,0.00,0.00,18.75,0.00,NA,NA,NA,NA,NA,NA,0,NA,NA,NA,NA,NA,NA
